ean,title,brand,category,price,promo_price,available,seller_type
8720689035255,Tondeuse multifonctions Oneblade QP6542/19 PHILIPS,PHILIPS,Beauté et Santé,64.99,51.99,True,carrefour
8720689020473,Tondeuse multifonctions Oneblade MG7940/75 PHILIPS,PHILIPS,Beauté et Santé,69.99,55.99,True,carrefour
8720689031561,Epilateur électrique serie 2000 BRE227/00 PHILIPS,PHILIPS,Beauté et Santé,32.99,26.39,True,carrefour
0622356352840,Multistyler Flexstyle 6-en-1 - HD476WHEU - Bleu,,Beauté et Santé,329.99,,True,carrefour
0622356354325,Brosse soufflante Glossi 2 en 1 Rose poudré - HT302EUPK SHARK,SHARK,Beauté et Santé,179.99,,True,carrefour
0622356396233,Appareil de massage Par Thermothérapie - DEPUFFI - FH220EUBK SHARK,SHARK,Beauté et Santé,199.99,,True,carrefour
3770039334113,Rasoir tête sans fil 5 en 1 - NG-7983 WMARK,WMARK,Beauté et Santé,49.99,,True,carrefour
4897122207297,Masseur oculaire Eyeris 3 Noir RENPHO,RENPHO,Beauté et Santé,89.99,,True,carrefour
3030050187953,Lisseur vapeur ST494SE BABYLISS,BABYLISS,Beauté et Santé,89.99,49.99,True,carrefour
3094570131865,Pèse personne TP1000  TERRAILLON,TERRAILLON,Beauté et Santé,19.99,9.99,True,carrefour
3614613101633,Tondeuse bikini - NRBK10-17 NALK AND REY,NALK AND REY,Beauté et Santé,15.99,12.79,True,carrefour
3615004371901,Tondeuse barbe NRBT900-18 NALK AND REY,NALK AND REY,Beauté et Santé,29.99,23.99,True,carrefour
5038061107500,Lisseur Aqualisse Extrême - S7307 REMINGTON,REMINGTON,Beauté et Santé,29.99,20.99,True,carrefour
5038061138542,Tondeuse HC500 - Blanc/Noir/Rouge REMINGTON,REMINGTON,Beauté et Santé,39.99,27.99,True,carrefour
5038061139082,Tondeuse cheveux HC5020 REMINGTON,REMINGTON,Beauté et Santé,14.99,10.49,True,carrefour
8710103935544,Epilateur BRE740/10 PHILIPS,PHILIPS,Beauté et Santé,139.99,111.99,True,carrefour
8720689007788,Rasoir électrique homme S5880/50 PHILIPS,PHILIPS,Beauté et Santé,134.99,107.99,True,carrefour
8720689018821,Rasoir électrique homme barbe S1142/00 PHILIPS,PHILIPS,Beauté et Santé,37.99,30.39,True,carrefour
8720689019019,Rasoir électrique homme X3051/00 PHILIPS,PHILIPS,Beauté et Santé,59.99,47.99,True,carrefour
8720689025416,BROSSE A DENTS SONICARE HX7103/01 Brosse à Dents PHILIPS,PHILIPS,Beauté et Santé,69.99,55.99,True,carrefour
3616474008243,Impédancemètre  connecté NRBFC-21 NALK AND REY,NALK AND REY,Beauté et Santé,19.99,15.99,True,carrefour
8006540730935,Brosse à dents électrique iO3 Bleu glacial ORAL-B,ORAL-B,Beauté et Santé,89.99,49.49,True,carrefour
8710103701583,Tondeuse multifonctions MG1100/16 PHILIPS,PHILIPS,Beauté et Santé,19.99,15.99,True,carrefour
8710103786313,Tondeuse multifonctions MG3740/15 PHILIPS,PHILIPS,Beauté et Santé,49.99,39.99,True,carrefour
8720689007863,Rasoir électrique homme S5887/10 PHILIPS,PHILIPS,Beauté et Santé,99.99,79.99,True,carrefour
3030050153231,Tondeuse cheveux E976E BABYLISS,BABYLISS,Beauté et Santé,39.99,31.99,True,carrefour
8710103897842,Tondeuse cheveux HC5630/15 PHILIPS,PHILIPS,Beauté et Santé,44.99,35.99,True,carrefour
8710103904014,Lisseur HP8321/40 PHILIPS,PHILIPS,Beauté et Santé,29.99,23.99,True,carrefour
0043917000336,Tondeuse cheveux Home Pro 9243-2616 WAHL,WAHL,Beauté et Santé,24.99,19.99,True,carrefour
0043917006109,Tondeuse barbe Deluxe Travel Kit WAHL,WAHL,Beauté et Santé,24.99,19.99,True,carrefour
0043917039305,Tondeuse Self clip 360 WAHL,WAHL,Beauté et Santé,59.99,47.99,True,carrefour
0043917039312,Tondeuse Elite Groom WAHL,WAHL,Beauté et Santé,74.99,59.99,True,carrefour
0043917047997,Tondeuse Multifonction All-In-One 0096-5015 WAHL,WAHL,Beauté et Santé,29.99,23.99,True,carrefour
0043917997056,Tondeuse cheveux Color Pro Cordless 9649-016 WAHL,WAHL,Beauté et Santé,29.99,23.99,True,carrefour
3030050067705,Tondeuse cheveux filaire E695E BABYLISS,BABYLISS,Beauté et Santé,16.99,13.59,True,carrefour
3030050145878,Tondeuse barbe Triple S BABYLISS,BABYLISS,Beauté et Santé,59.99,47.99,True,carrefour
3030050153118,Tondeuse multifonctions MT725E BABYLISS,BABYLISS,Beauté et Santé,26.99,21.59,True,carrefour
3030050153125,Tondeuse multifonctions MT726E BABYLISS,BABYLISS,Beauté et Santé,23.99,19.19,True,carrefour
3030050153200,Tondeuse cheveux E756E BABYLISS,BABYLISS,Beauté et Santé,19.99,15.99,True,carrefour
3030050157734,Tondeuse multifonctions MT728E BABYLISS,BABYLISS,Beauté et Santé,44.99,35.99,True,carrefour
3030050158069,Tondeuse multifonctions MT861E BABYLISS,BABYLISS,Beauté et Santé,34.99,27.99,True,carrefour
3030050162295,Tondeuse cheveux 7756PE BABYLISS,BABYLISS,Beauté et Santé,29.99,23.99,True,carrefour
3030050165388,Tondeuse multifonctions MT996E BABYLISS,BABYLISS,Beauté et Santé,94.99,75.99,True,carrefour
3030050188028,Tondeuse barbe T996E BABYLISS,BABYLISS,Beauté et Santé,99.99,79.99,True,carrefour
3030050188059,"Tondeuse nez, oreilles et sourcils Super-X Metal - E116E BABYLISS",BABYLISS,Beauté et Santé,36.99,29.59,True,carrefour
3030050193046,Tondeuse barbe T812E BABYLISS,BABYLISS,Beauté et Santé,49.99,39.99,True,carrefour
3030050193053,Tondeuse multifonctions MT812E BABYLISS,BABYLISS,Beauté et Santé,69.99,55.99,True,carrefour
3030050194142,Tondeuse cheveux E812E BABYLISS,BABYLISS,Beauté et Santé,69.99,55.99,True,carrefour
3030050195521,Tondeuse barbe X-Blade OT996E BABYLISS,BABYLISS,Beauté et Santé,79.99,63.99,True,carrefour
3094570155212,Pèse personne connecté - body color connect,,Beauté et Santé,59.99,39.99,True,carrefour
3094570156226,Pèse Personne Electronique - 15622 TERRAILLON,TERRAILLON,Beauté et Santé,29.99,14.99,True,carrefour
3094570156233,Pèse Personne Electronique - 15623 TERRAILLON,TERRAILLON,Beauté et Santé,29.99,14.99,True,carrefour
3094570156240,Pèse Personne Electronique - 15624 TERRAILLON,TERRAILLON,Beauté et Santé,29.99,14.99,True,carrefour
3614613101664,Coffret manucure-pédicure NALK & REY,NALK & REY,Beauté et Santé,17.99,14.39,True,carrefour
3615004369298,Tondeuse cheveux NRHC980-18 NALK AND REY,NALK AND REY,Beauté et Santé,9.99,7.99,True,carrefour
3615004373561,Tondeuse cheveux prostyle30-nrhc30-18 NALK AND REY,NALK AND REY,Beauté et Santé,29.99,23.99,True,carrefour
3616181130800,Rasoir électrique homme NRDFS10-20 NALK AND REY,NALK AND REY,Beauté et Santé,19.99,15.99,True,carrefour
3616181348724,Rasoir électrique homme NRMS40-20 NALK AND REY,NALK AND REY,Beauté et Santé,32.99,26.39,True,carrefour
3616953354175,Pèse-personne Mécanique NRBS240-23 NALK AND REY,NALK AND REY,Beauté et Santé,8.99,7.19,True,carrefour
3616953408335,Brosse chauffante Keraliss 3D NALK AND REY,NALK AND REY,Beauté et Santé,14.99,11.99,True,carrefour
3616958232331,Tondeuse barbe Deluxe Travel Kit WAHL,WAHL,Beauté et Santé,12.99,10.39,True,carrefour
3616958506623,Tondeuse nez/oreilles NALK AND REY,NALK AND REY,Beauté et Santé,4.99,3.99,True,carrefour
3616958506630,Rasoir à têtes rotatives rechargeable NALK AND REY,NALK AND REY,Beauté et Santé,14.99,11.99,True,carrefour
3616958506647,Tondeuse multifonctions NRMG25-24 NALK AND REY,NALK AND REY,Beauté et Santé,14.99,11.99,True,carrefour
3616958792910,Tondeuse cheveux NRHC15-25 NALK AND REY,NALK AND REY,Beauté et Santé,19.99,15.99,True,carrefour
3616959414088,Brosse soufflante A air chaud - NRHMS99-25 NALK AND REY,NALK AND REY,Beauté et Santé,14.99,11.99,True,carrefour
3617702035970,Sèche cheveux NRBLHD1600-25 NALK AND REY,NALK AND REY,Beauté et Santé,49.99,39.99,True,carrefour
3617702036335,Brosse soufflante NRHAS1200-25 NALK AND REY,NALK AND REY,Beauté et Santé,24.99,19.99,True,carrefour
3617702094564,Sèche cheveux Voyage NRHDT1600-25 NALK AND REY,NALK AND REY,Beauté et Santé,9.99,7.99,True,carrefour
3617702094571,Sèche cheveux NRHD2000-25 NALK AND REY,NALK AND REY,Beauté et Santé,12.99,10.39,True,carrefour
3617702094588,Lisseur NRHS715-25 NALK AND REY,NALK AND REY,Beauté et Santé,9.99,7.99,True,carrefour
3617702094595,Lisseur NRHS51-25 NALK AND REY,NALK AND REY,Beauté et Santé,19.99,15.99,True,carrefour
3617702094618,Boucleur NRCI19-25 NALK AND REY,NALK AND REY,Beauté et Santé,9.99,7.99,True,carrefour
3617702094762,Sèche cheveux NRHD20AC-25 NALK AND REY,NALK AND REY,Beauté et Santé,19.99,15.99,True,carrefour
3617702094779,Sèche cheveux NRHD2400-25 NALK AND REY,NALK AND REY,Beauté et Santé,16.99,13.59,True,carrefour
3617702351872,Lisseur soufflant NRBLHS500-26 NALK AND REY,NALK AND REY,Beauté et Santé,49.99,39.99,True,carrefour
3666085213277,Brosse chauffante Airflow Styler multifonction Collection Barbie DEMELISS,DEMELISS,Beauté et Santé,119.99,89.99,True,carrefour
3666085213536,Brosse soufflante Aerotwist JEAN LOUIS DAVID,JEAN LOUIS DAVID,Beauté et Santé,99.99,69.99,True,carrefour
3666085213727,Lisseur 2 en 1 : Lisse et boucle collection Barbie DEMELISS,DEMELISS,Beauté et Santé,34.99,19.99,True,carrefour
3666085213734,Sèche cheveux Collection Barbie DEMELISS,DEMELISS,Beauté et Santé,29.99,19.99,True,carrefour
3666085213758,Brosse soufflante 2 en 1 : Sèche et coiffe collection Barbie DEMELISS,DEMELISS,Beauté et Santé,59.99,34.99,True,carrefour
3700902209828,Sèche cheveux MDHAIRF1BLC MEDEK,MEDEK,Beauté et Santé,49.99,34.99,True,carrefour
3700902209835,Brosse soufflante MDZY9 MEDEK,MEDEK,Beauté et Santé,79.99,39.99,True,carrefour
3700902209842,Sèche cheveux MDHAIRF1NR MEDEK,MEDEK,Beauté et Santé,49.99,34.99,True,carrefour
4008496651351,Tondeuse nez/oreilles REMINGTON,REMINGTON,Beauté et Santé,14.99,10.49,True,carrefour
4015110007517,Tondeuse multifonctions 9855-1216 WAHL,WAHL,Beauté et Santé,19.99,15.99,True,carrefour
5038061100877,Tondeuse multifonctions PG4000 REMINGTON,REMINGTON,Beauté et Santé,49.99,34.99,True,carrefour
5038061110401,Brosse soufflante AS8901 HYDRAluxe REMINGTON,REMINGTON,Beauté et Santé,69.99,48.99,True,carrefour
5038061110456,Lisseur Hydraluxepro - S9001 - Blanc REMINGTON,REMINGTON,Beauté et Santé,79.99,55.99,True,carrefour
5038061112795,Sèche-cheveux Coconut Smooth - D5901 - Rose REMINGTON,REMINGTON,Beauté et Santé,49.99,34.99,True,carrefour
5038061112917,Lisseur Coconut Smooth S5901 REMINGTON,REMINGTON,Beauté et Santé,49.99,34.99,True,carrefour
5038061140392,Lisseur Botanicals S5860 REMINGTON,REMINGTON,Beauté et Santé,59.99,41.99,True,carrefour
5038061140446,Sèche-cheveux Botanicals AC5860 REMINGTON,REMINGTON,Beauté et Santé,49.99,34.99,True,carrefour
5038061144499,Sèche-cheveux IonicDry 2200 D3190S REMINGTON,REMINGTON,Beauté et Santé,39.99,27.99,True,carrefour
5038061155587,Rasoir rechargeable R3002 Style Series Rotary Shaver R3 REMINGTON,REMINGTON,Beauté et Santé,49.99,34.99,True,carrefour
5038061164688,Rasoir rechargeable XR1795 X9 Limitless X Rotary Shaver REMINGTON,REMINGTON,Beauté et Santé,139.99,97.99,True,carrefour
5038061174700,Lisseur Air Styler 2 en 1 AIRvive AS8930 REMINGTON,REMINGTON,Beauté et Santé,129.99,90.99,True,carrefour
5407005980446,Brosse à dents Sonique 3 en 1 HAEPI,HAEPI,Beauté et Santé,69.99,59.99,True,carrefour
5996415036794,Tondeuse multifonctions WAHL,WAHL,Beauté et Santé,64.99,51.99,True,carrefour
5996415036879,Tondeuse barbe Extreme Grip WAHL,WAHL,Beauté et Santé,34.99,27.99,True,carrefour
5996415037272,Tondeuse cheveux Rapid Clip WAHL,WAHL,Beauté et Santé,44.99,34.99,True,carrefour
8006540771457,Brosse à dents électrique Pro Series 1 - Noire ORAL-B,ORAL-B,Beauté et Santé,49.99,34.99,True,carrefour
8710103859673,Tondeuse cheveux HC3505/15 PHILIPS,PHILIPS,Beauté et Santé,19.99,15.99,True,carrefour
8710103897835,Tondeuse multifonctions HC5612/15 PHILIPS,PHILIPS,Beauté et Santé,35.99,28.79,True,carrefour
8710103897903,Tondeuse cheveux HC7650/15 PHILIPS,PHILIPS,Beauté et Santé,79.99,63.99,True,carrefour
8710103935476,Epilateur BRE700/00 PHILIPS,PHILIPS,Beauté et Santé,63.99,51.19,True,carrefour
8710103961901,Sèche-cheveux BHD308/00 PHILIPS,PHILIPS,Beauté et Santé,25.99,20.79,True,carrefour
8710103970316,Tondeuse cheveux Hairclipper Series 3000 PHILIPS,PHILIPS,Beauté et Santé,29.99,23.99,True,carrefour
8720689002813,Brosse soufflante BHA530/00 PHILIPS,PHILIPS,Beauté et Santé,59.99,47.99,True,carrefour
8720689007894,Rasoir électrique homme S7882/55 PHILIPS,PHILIPS,Beauté et Santé,169.99,135.99,True,carrefour
8720689008082,Rasoir électrique homme S5898/35 PHILIPS,PHILIPS,Beauté et Santé,96.99,77.59,True,carrefour
8720689008167,Rasoir s7886/35 PHILIPS,PHILIPS,Beauté et Santé,159.99,127.99,True,carrefour
8720689008525,Rasoir S5898/79 PHILIPS,PHILIPS,Beauté et Santé,219.99,175.99,True,carrefour
8720689011020,Rasoir électrique homme S5467/17 PHILIPS,PHILIPS,Beauté et Santé,89.99,71.99,True,carrefour
8720689011037,Jet dentaire sans fil Sonicare Serie 3000 HX3826/31 PHILIPS,PHILIPS,Beauté et Santé,99.99,79.99,True,carrefour
8720689017244,Epilateur Lumière Pulsée BRI924/00 PHILIPS,PHILIPS,Beauté et Santé,459.99,367.99,True,carrefour
8720689018555,Rasoir électrique Series 3000 S3144/00 PHILIPS,PHILIPS,Beauté et Santé,59.99,47.99,True,carrefour
8720689018609,Rasoir électrique homme S3244/12 PHILIPS,PHILIPS,Beauté et Santé,79.99,63.99,True,carrefour
8720689019040,Rasoir électrique homme X3002/00 PHILIPS,PHILIPS,Beauté et Santé,49.99,39.99,True,carrefour
8720689019538,Tondeuse multifonctions MG9553/15 PHILIPS,PHILIPS,Beauté et Santé,109.99,87.99,True,carrefour
8720689021623,Brosse à dents sonicare HX7411/01 PHILIPS,PHILIPS,Beauté et Santé,159.99,127.99,True,carrefour
8720689025218,BROSSE A DENTS SONICARE HX7101/03 Brosse à Dents PHILIPS,PHILIPS,Beauté et Santé,99.99,79.99,True,carrefour
8720689026543,Tondeuse multifonction 7 en 1 MG3920/15 PHILIPS,PHILIPS,Beauté et Santé,32.99,26.39,True,carrefour
8720689026611,Tondeuse MG3940/15 8 en 1 PHILIPS,PHILIPS,Beauté et Santé,39.99,31.99,True,carrefour
8720689027199,Tondeuse multifonctions Oneblade QP6552/15 PHILIPS,PHILIPS,Beauté et Santé,69.99,55.99,True,carrefour
8720689027298,Tondeuse multifonctions Oneblade QP6652/61 PHILIPS,PHILIPS,Beauté et Santé,86.99,69.59,True,carrefour
8720689029322,Tondeuse Barbe BT3615/15 PHILIPS,PHILIPS,Beauté et Santé,32.99,26.39,True,carrefour
8720689029346,Tondeuse barbe BT3620/15 PHILIPS,PHILIPS,Beauté et Santé,37.99,30.39,True,carrefour
8720689030045,Rasoir rechargeable X9002/10 PHILIPS,PHILIPS,Beauté et Santé,199.99,159.99,True,carrefour
8720689030922,Epilateur BRE247/00 PHILIPS,PHILIPS,Beauté et Santé,49.99,39.99,True,carrefour
8720689030977,Epilateur BRE257/00 PHILIPS,PHILIPS,Beauté et Santé,59.99,47.99,True,carrefour
8720689032049,Rasoir électrique pour femme Serie 6000 BRL138/00 PHILIPS,PHILIPS,Beauté et Santé,49.99,39.99,True,carrefour
8720689032704,Epilateur sans fil BRE708/00 PHILIPS,PHILIPS,Beauté et Santé,99.99,79.99,True,carrefour
8720689034203,Tondeuse à barbe serie 5000 BT5780/15 PHILIPS,PHILIPS,Beauté et Santé,59.99,47.99,True,carrefour
8720689034791,Brosse à dent Serie 4100 HX3689/41 PHILIPS,PHILIPS,Beauté et Santé,49.99,39.99,True,carrefour
8720689034807,Brosse à dent HX3689/42 PHILIPS,PHILIPS,Beauté et Santé,49.99,39.99,True,carrefour
8720689043526,Brosse à dent électrique Rechargeable Serie 3100 - HX4032/21 PHILIPS,PHILIPS,Beauté et Santé,49.99,39.99,True,carrefour
8720689044950,Tondeuse tout en un serie 7000 MG7941/15 PHILIPS,PHILIPS,Beauté et Santé,79.99,63.99,True,carrefour
8720689045094,Tondeuse MG9557/15 PHILIPS,PHILIPS,Beauté et Santé,109.99,87.99,True,carrefour
8720689045360,Tondeuse 10 en 1 visage cheveux et corps serie 5000 MG5921/15 PHILIPS,PHILIPS,Beauté et Santé,54.99,43.99,True,carrefour
8720689045803,Tondeuse MG5941/15 PHILIPS,PHILIPS,Beauté et Santé,47,37.6,True,carrefour
8720689053990,Rasoir électrique  S7882/55 PHILIPS,PHILIPS,Beauté et Santé,189.99,151.99,True,carrefour
3030050153378,Sèche-cheveux turbo shine - D570DE - Noir BABYLISS,BABYLISS,Beauté et Santé,37.99,,True,carrefour
3030050153798,Brosse soufflante Big Hair Dual AS950E BABYLISS,BABYLISS,Beauté et Santé,69.99,,True,carrefour
3030050154825,Sèche-cheveux power pro 6704E BABYLISS,BABYLISS,Beauté et Santé,39.99,,True,carrefour
3030050182644,Fer à boucler Wave Secret Air - C1900E BABYLISS,BABYLISS,Beauté et Santé,124.99,,True,carrefour
3030050185850,Sèche-cheveux Turbo Pro 2100 - 6710DE BABYLISS,BABYLISS,Beauté et Santé,49.99,,True,carrefour
3030050190731,Brosse soufflante Air Wand - AS6550E BABYLISS,BABYLISS,Beauté et Santé,129.99,,True,carrefour
3094570133449,Pèse-personne électronique Color coach quattro TERRAILLON,TERRAILLON,Beauté et Santé,25.99,,True,carrefour
3121040089262,Lisseur Optiliss SF3216F0 ROWENTA,ROWENTA,Beauté et Santé,29.99,,True,carrefour
4210201414964,Brosse à dents électrique iO5S Noir ORAL B,ORAL B,Beauté et Santé,149.99,,True,carrefour
4210201432326,Brosse à dents électrique - VITALITY PRO - Noir ORAL B,ORAL B,Beauté et Santé,29.99,,True,carrefour
4210201448273,Tondeuse barbe BT7420 BRAUN,BRAUN,Beauté et Santé,94.99,,True,carrefour
4211125638504,Bain bouillonnant pieds FB 30 BEURER,BEURER,Beauté et Santé,59.99,,True,carrefour
4211125645502,Rouleau de massage à vibrations - MG35  BEURER,BEURER,Beauté et Santé,42.99,,True,carrefour
7500435225229,Epilateur rechargeable Silk epil SE 9-030 BRAUN,BRAUN,Beauté et Santé,159.99,,True,carrefour
7500435245180,Tondeuse multifonctions MGK3540 BRAUN,BRAUN,Beauté et Santé,39.99,,True,carrefour
8700216646130,Rasoir électrique Series 5 - 2 modes de rasage BRAUN,BRAUN,Beauté et Santé,119.99,,True,carrefour
0761318352228,Brosse chauffante RVDR5222E REVLON,REVLON,Beauté et Santé,34.99,,True,carrefour
3030050154856,Sèche-cheveux super pro - 6714E BABYLISS,BABYLISS,Beauté et Santé,49.99,,True,carrefour
3030050192995,Lisseur Pro Onyx-ST484E BABYLISS,BABYLISS,Beauté et Santé,119.99,,True,carrefour
3030050197372,Boucleur automatique Style Secret Air - C6688E BABYLISS,BABYLISS,Beauté et Santé,119.99,,True,carrefour
3474636819713,Lisseur Steampod 3.0 L'OREAL,L'OREAL,Beauté et Santé,249.99,,True,carrefour
8007403117283,Sèche-cheveux P3 3400 BELLISSIMA,BELLISSIMA,Beauté et Santé,34.99,,True,carrefour
3700206739922,Lisseur Demeliss Titanium SAINT ALGUE,SAINT ALGUE,Beauté et Santé,59.99,,True,carrefour
4895271300227,Masque LED Artemis Blush E100B-1 RENPHO,RENPHO,Beauté et Santé,159.99,,True,carrefour
0622356271622,Sèche-cheveux HD33EU - 3 accessoires - blanc soie - 1700W SHARK,SHARK,Beauté et Santé,139.99,,True,carrefour
0622356324922,Masque LED Cryoglow FW312PLEU SHARK,SHARK,Beauté et Santé,349.99,,True,carrefour
0761318222774,Brosse coiffante One-Step RVDR5222PE REVLON,REVLON,Beauté et Santé,34.99,,True,carrefour
3030050069402,Boucleur 19 mm Curling Tong - C319E BABYLISS,BABYLISS,Beauté et Santé,18.99,,True,carrefour
3030050153569,Tondeuse cheveux E786E BABYLISS,BABYLISS,Beauté et Santé,24.99,,True,carrefour
3030050153644,Boucleur 25 mm Curling Tong - C451E BABYLISS,BABYLISS,Beauté et Santé,39.99,,True,carrefour
3030050154290,Lisseur super smooth ST391E BABYLISS,BABYLISS,Beauté et Santé,46.99,,True,carrefour
3030050165333,Sèche-cheveux D773DE Hydro Fusion BABYLISS,BABYLISS,Beauté et Santé,69.99,,True,carrefour
3030050165395,Lisseur Platinium Diamonde 235 ST259E BABYLISS,BABYLISS,Beauté et Santé,99.99,,True,carrefour
3030050177114,Lisseur Hydro-Fusion ST573E BABYLISS,BABYLISS,Beauté et Santé,61.99,,True,carrefour
3030050179361,Mutistyler Curl and Wave Trio - MS750E BABYLISS,BABYLISS,Beauté et Santé,54.99,,True,carrefour
3030050179880,Brosse soufflante AS774E BABYLISS,BABYLISS,Beauté et Santé,55.99,,True,carrefour
3030050185782,Lisseur Smooth Pro 235 - ST394E BABYLISS,BABYLISS,Beauté et Santé,69.99,,True,carrefour
3030050185836,Brosse soufflante AS86E BABYLISS,BABYLISS,Beauté et Santé,29.99,,True,carrefour
3030050185867,Sèche-cheveux Power Smooth 2200 - D215DE BABYLISS,BABYLISS,Beauté et Santé,32.99,,True,carrefour
3030050185874,Lisseur ST241E Smooth Ceramic 230 BABYLISS,BABYLISS,Beauté et Santé,34.99,,True,carrefour
3030050187960,Lisseur Straight ST256SE BABYLISS,BABYLISS,Beauté et Santé,49.99,,True,carrefour
3030050188400,Boucleur automatique Curl Secret Hydro-Fusion - C1700E BABYLISS,BABYLISS,Beauté et Santé,99.99,,True,carrefour
3030050190915,Brosse soufflante AS95E BABYLISS,BABYLISS,Beauté et Santé,89.99,,True,carrefour
3030050191912,Sèche-cheveux Air Power Pro BABYLISS,BABYLISS,Beauté et Santé,149.99,,True,carrefour
3030050192940,Sèche-cheveux BCK ONYX-5911E BABYLISS,BABYLISS,Beauté et Santé,69.99,,True,carrefour
3030050196313,Lisseur ST913PE Rose Petal Blush BABYLISS,BABYLISS,Beauté et Santé,79.99,,True,carrefour
3030050197235,Sèche cheveux Titanium Shine D6200DE BABYLISS,BABYLISS,Beauté et Santé,99.99,,True,carrefour
3030050197259,Sèche-cheveux BAB-D581E BABYLISS,BABYLISS,Beauté et Santé,44.99,,True,carrefour
3030050197266,Sèche-cheveux Stardust Shimmer 5914PE BABYLISS,BABYLISS,Beauté et Santé,69.99,,True,carrefour
3030050197280,Lisseur Titanium Shine ST620E BABYLISS,BABYLISS,Beauté et Santé,99.99,,True,carrefour
3030050197297,Lisseur BAB-ST261E BABYLISS,BABYLISS,Beauté et Santé,49.99,,True,carrefour
3030050197341,Brosse soufflante Stardust Shimmer AS914E BABYLISS,BABYLISS,Beauté et Santé,79.99,,True,carrefour
3030050197358,Brosse Lissante Air Power Smooth 900W AS6400E - Violet BABYLISS,BABYLISS,Beauté et Santé,119.99,,True,carrefour
3030050197365,Brosse soufflante HSB200E BABYLISS,BABYLISS,Beauté et Santé,59.99,,True,carrefour
3030050198065,Brosse soufflante Multi-Styles AS261E BABYLISS,BABYLISS,Beauté et Santé,59.99,,True,carrefour
3030050198072,Boucleur à pince C261E BABYLISS,BABYLISS,Beauté et Santé,44.99,,True,carrefour
3030050199604,Multistyler Air Wand 4 en 1 AS6554E BABYLISS,BABYLISS,Beauté et Santé,169.99,,True,carrefour
3030050199659,Brosse soufflante rotatitve Big Hair Duo - AS953SE BABYLISS,BABYLISS,Beauté et Santé,69.99,,True,carrefour
3030050199949,Lisseur Smooth Glide - ST442E BABYLISS,BABYLISS,Beauté et Santé,39.99,,True,carrefour
3030050202823,Sèche Cheveux Serenity - 5917PE BABYLISS,BABYLISS,Beauté et Santé,79.99,,True,carrefour
3030050202939,Lisseur Serenity Wigig - ST917PE BABYLISS,BABYLISS,Beauté et Santé,69.99,,True,carrefour
3031449622000,Lisseur Ultime Pro Control DESSANGE,DESSANGE,Beauté et Santé,44.99,,True,carrefour
3031449622208,Lisseur Ultime Care Pro Steam DESSANGE,DESSANGE,Beauté et Santé,49.99,,True,carrefour
3031449623007,Brosse soufflante multi-styler DESSANGE,DESSANGE,Beauté et Santé,99.99,,True,carrefour
3094570139076,Pèse-personne mécanique Terraillon Nautic - BMA73000WH - blanc TERRAILLON,TERRAILLON,Beauté et Santé,19.99,,True,carrefour
3094570140799,Pèse-personne électronique TERRAILLON,TERRAILLON,Beauté et Santé,14.99,,True,carrefour
3094570148245,Pèse-personne électronique - 14824 - Bamboo TERRAILLON,TERRAILLON,Beauté et Santé,26.99,,True,carrefour
3094570152426,Impédancemètre Control fit  TERRAILLON,TERRAILLON,Beauté et Santé,19.99,,True,carrefour
3094570152877,Impédancemètre BODY CONNECT  TERRAILLON,TERRAILLON,Beauté et Santé,39.99,,True,carrefour
3094570153232,Aide au sommeil ZEN BOX - Gris TERRAILLON,TERRAILLON,Beauté et Santé,49.99,,True,carrefour
3094570153669,Pistolet  Masseur 15366 Noir TERRAILLON,TERRAILLON,Beauté et Santé,24.99,,True,carrefour
3094570153898,Pèse-personne électronique TERRAILLON,TERRAILLON,Beauté et Santé,34.99,,True,carrefour
3094570154024,Pèse-personne Impédancemètre X-Line Fit  TERRAILLON,TERRAILLON,Beauté et Santé,49.99,,True,carrefour
3094570154055,Ceinture de massage chauffante pour le bas du dos et ventre  TERRAILLON,TERRAILLON,Beauté et Santé,79.99,,True,carrefour
3094570154284,Pèse-personne électronique TERRAILLON,TERRAILLON,Beauté et Santé,19.99,,True,carrefour
3094570155298,Pistolet de massage multizones - 4 embouts TERRAILLON,TERRAILLON,Beauté et Santé,79.99,,True,carrefour
3094570155496,Plaid chauffant Caramel TERRAILLON,TERRAILLON,Beauté et Santé,89.99,,True,carrefour
3094570155991,Impédancemètre connecté - EVO FIT TERRAILLON,TERRAILLON,Beauté et Santé,29.99,,True,carrefour
3094570156141,Pèse-personne Power Free Natura Walnut TERRAILLON,TERRAILLON,Beauté et Santé,29.99,,True,carrefour
3121040059449,Kit d'épilation électrique Flower Love EP2851F1 ROWENTA,ROWENTA,Beauté et Santé,69.99,,True,carrefour
3121040082461,none Infinite Looks Multistyler CF4230C0 CALOR,CALOR,Beauté et Santé,54.99,,True,carrefour
3121040083581,Tondeuse multifonctions TN9118F0 ROWENTA,ROWENTA,Beauté et Santé,54.99,,True,carrefour
3121040083598,Lisseur Liss & Curl Collection Magic Nature SF4216F0 ROWENTA,ROWENTA,Beauté et Santé,54.99,,True,carrefour
3121040083604,Brosse soufflante CF7826F0 ROWENTA,ROWENTA,Beauté et Santé,41.99,,True,carrefour
3121040083611,Epilateur électrique Silence Soft Collection Magic Nature + 4 Accessoires EP5628F0 ROWENTA,ROWENTA,Beauté et Santé,54.99,,True,carrefour
3121040085448,Lisseur SF321LC0 CALOR,CALOR,Beauté et Santé,24.99,,True,carrefour
3121040085745,Sèche-cheveux Studio Dry Licence Karl Lagerfeld CV581LC0 CALOR,CALOR,Beauté et Santé,24.99,,True,carrefour
3121040087626,Sèche-cheveux 1600 W - CV1810C0 CALOR,CALOR,Beauté et Santé,19.99,,True,carrefour
3121040088906,Tondeuse cheveux Minéral TN1407F0 ROWENTA,ROWENTA,Beauté et Santé,29.99,,True,carrefour
3121040091432,Epilateur électrique Skin Spirit EP2904C0 CALOR,CALOR,Beauté et Santé,26.99,,True,carrefour
3121040092521,Brosse soufflante UB9520C0 CALOR,CALOR,Beauté et Santé,59.99,,True,carrefour
3121040092743,Brosse souflante 2 en 1 Brosse soufflante - Reverso CF9840C0 CALOR,CALOR,Beauté et Santé,99.99,,True,carrefour
3121040092835,Tondeuse barbe TN2804E0 ROWENTA,ROWENTA,Beauté et Santé,29.99,,True,carrefour
3121040094471,Sèche-cheveux ionique TINY 1600w HY7120C0 CALOR,CALOR,Beauté et Santé,59.99,,True,carrefour
3121040094655,Brosse soufflante Air Shape UB9820C0 CALOR,CALOR,Beauté et Santé,79.99,,True,carrefour
3121040095485,Pèse-personne Electronique - BS1903V0 ROWENTA,ROWENTA,Beauté et Santé,19.99,,True,carrefour
3121040095836,Epilateur électrique EP5628C0 CALOR,CALOR,Beauté et Santé,44.99,,True,carrefour
3121040095959,Sèche-cheveux Curl Harmony CV7D30C0 CALOR,CALOR,Beauté et Santé,59.99,,True,carrefour
3121040096147,Sèche-cheveux CV5E30C0 CALOR,CALOR,Beauté et Santé,49.99,,True,carrefour
3121040096154,Sèche-cheveux Studio Dry Magic Nature CV5836C0 CALOR,CALOR,Beauté et Santé,29.99,,True,carrefour
3121040096161,Lisseur boucleur SF416C0 CALOR,CALOR,Beauté et Santé,54.99,,True,carrefour
3121040096222,Sèche cheveux Signature Pro AC Magic Nature CALOR,CALOR,Beauté et Santé,44.99,,True,carrefour
3121040096239,Brosse soufflante Magic Nature CF7826C0 CALOR,CALOR,Beauté et Santé,39.99,,True,carrefour
3121040097120,Sèche cheveux Nano Trésor - HY8151C0 CALOR,CALOR,Beauté et Santé,119.99,,True,carrefour
3121040097175,Pèse personne BR2600V0 ROWENTA,ROWENTA,Beauté et Santé,24.99,,True,carrefour
3331300051032,Epilateur sourcils EPIL30NG - Or rose BEST OF TV,BEST OF TV,Beauté et Santé,29.99,,True,carrefour
3474637247478,Lisseur-boucleur Steampod 4 Edition limitée Utopia L'OREAL,L'OREAL,Beauté et Santé,349.99,,True,carrefour
3616479616238,Pèse personne NRBS280C-23 NALK AND REY,NALK AND REY,Beauté et Santé,10.99,,True,carrefour
3616958784922,Tondeuse cheveux et barbe NRMHC37-25 NALK AND REY,NALK AND REY,Beauté et Santé,14.99,,True,carrefour
3617702351773,Sèche cheveux NRHDS1500-26 NALK AND REY,NALK AND REY,Beauté et Santé,29.99,,True,carrefour
3617703017425,Brosse soufflante Multistyler  - NRBLHAS1200-26 NALK AND REY,NALK AND REY,Beauté et Santé,69.99,,True,carrefour
3666085200154,Lisseur Vapeur Demeliss Titanium 2.0 Doré SAINT ALGUE,SAINT ALGUE,Beauté et Santé,69.99,,True,carrefour
3666085200345,Sèche-cheveux Pro Demeliss Pro Series SAI-20034 SAINT ALGUE,SAINT ALGUE,Beauté et Santé,119.99,,True,carrefour
3666085200352,Brosse soufflante Airflow Styler 20035 SAINT ALGUE,SAINT ALGUE,Beauté et Santé,89.99,,True,carrefour
3666085200567,Lisseur Demeliss Kera Gold XL Plaques Larges 45mm SAINT ALGUE,SAINT ALGUE,Beauté et Santé,25.99,,True,carrefour
3666085202059,Tondeuse nez/oreilles JEAN LOUIS DAVID,JEAN LOUIS DAVID,Beauté et Santé,19.99,,True,carrefour
3700206739786,Lisseur demeliss titanium bleu SAINT ALGUE,SAINT ALGUE,Beauté et Santé,69.99,,True,carrefour
3700206739946,Fer à boucler Demeliss Waves SAINT ALGUE,SAINT ALGUE,Beauté et Santé,44.99,,True,carrefour
3700476033362,Coffret Massage 3 pièces ALOYA,ALOYA,Beauté et Santé,14.99,,True,carrefour
3700476034161,Massage Glace Visage,,Beauté et Santé,5.99,,True,carrefour
3700476034178,Kit Gua Sha et Rouleau Massage ALOYA,ALOYA,Beauté et Santé,9.99,,True,carrefour
3700476034192,Kit de Massage - Boule de massage et Masseur 4 points,,Beauté et Santé,12.99,,True,carrefour
3700476034208,Coussin Chauffant Noyau de Cerise - Taie Amovible,,Beauté et Santé,14.99,,True,carrefour
3700476034215,Main de Massage Vibrante,,Beauté et Santé,9.99,,True,carrefour
3700476035007,Coffret Massage 4 en 1 ALOYA,ALOYA,Beauté et Santé,12.99,,True,carrefour
3700476035014,Coffret Madothérapie Bois 4 en 1,,Beauté et Santé,29.99,,True,carrefour
3700476035069,Masque Anti Migraine ALOYA,ALOYA,Beauté et Santé,12.99,,True,carrefour
3700902210046,Brosse soufflante MDZ910 MEDEK,MEDEK,Beauté et Santé,69.99,,True,carrefour
3701056399595,Tondeuse multifonctions Infinite Styler 39959 JEAN LOUIS DAVID,JEAN LOUIS DAVID,Beauté et Santé,27.99,,True,carrefour
3701056399618,Tondeuse barbe et cheveux JLD-39961 JEAN LOUIS DAVID,JEAN LOUIS DAVID,Beauté et Santé,59.99,,True,carrefour
3701056399694,Lisseur vapeur Vapor Styler JEAN LOUIS DAVID,JEAN LOUIS DAVID,Beauté et Santé,34.99,,True,carrefour
4210201436409,Hydropulseur rechargeable Aqua Care 4 ORAL B,ORAL B,Beauté et Santé,89.99,,True,carrefour
4211125103767,Set Manucure et Pedicure MP 1R BEURER,BEURER,Beauté et Santé,44.99,,True,carrefour
4211125104870,Brosse à dent Electrique SC 30 BEURER,BEURER,Beauté et Santé,29.99,,True,carrefour
4211125104924,Brosse à dents Electrique TB 15 BEURER,BEURER,Beauté et Santé,19.99,,True,carrefour
4211125575007,IPL 5800 Pure Kin Pro BEURER,BEURER,Beauté et Santé,119.99,,True,carrefour
4211125584177,Nettoyeur de pores  FC 41 - 58417 - Blanc/Violet BEURER,BEURER,Beauté et Santé,24.99,,True,carrefour
4211125605032,Sauna facial FS 60  BEURER,BEURER,Beauté et Santé,59.99,,True,carrefour
4211125605506,Brosse visage rotative BEURER,BEURER,Beauté et Santé,24.99,,True,carrefour
4211125616120,Lampe à infra-rouge - IL35  BEURER,BEURER,Beauté et Santé,63.99,,True,carrefour
4211125644130,Coussin de massage Shiatsu - MG135 - Gris BEURER,BEURER,Beauté et Santé,54.99,,True,carrefour
4211125645021,Appareil de massage des pieds - FM39 BEURER,BEURER,Beauté et Santé,79.99,,True,carrefour
4895271300616,Brosse de massage cuir chevelu WMC01 RENPHO,RENPHO,Beauté et Santé,69.99,,True,carrefour
4897122205354,Masque oculaire Eyespa Pods G009 Blanc RENPHO,RENPHO,Beauté et Santé,89.99,,True,carrefour
4897122208386,Pèse personne Connecté Blanc - PEU-R-A031-BK RENPHO,RENPHO,Beauté et Santé,29.99,,True,carrefour
4897122209352,Masseur Oculaire Eyeris 3 Rose Gold RENPHO,RENPHO,Beauté et Santé,89.99,,True,carrefour
4987176183385,Rasoir électrique Series 5 + SmartCare Center BRAUN,BRAUN,Beauté et Santé,174.99,,True,carrefour
4987176251046,Tondeuse cheveux & barbe HC5530 BRAUN,BRAUN,Beauté et Santé,59.99,,True,carrefour
5038061138290,Brosse soufflante AS5901 REMINGTON,REMINGTON,Beauté et Santé,39.99,,True,carrefour
5038061174670,Lisseur S8930 REMINGTON,REMINGTON,Beauté et Santé,99.99,,True,carrefour
5038061174731,Boucleur rotatif AIRvive CI8930 REMINGTON,REMINGTON,Beauté et Santé,99.99,,True,carrefour
5038061174762,Sèche-cheveux EC8930 REMINGTON,REMINGTON,Beauté et Santé,129.99,,True,carrefour
5060035707003,Ceinture de massage Zen Matterhom ZEN,ZEN,Beauté et Santé,99.99,,True,carrefour
5407005980101,Impédancemétre James WH HAEPI,HAEPI,Beauté et Santé,24.99,,True,carrefour
5407005980149,Pèse Personne Mécanique HAE-LEO HAEPI,HAEPI,Beauté et Santé,49.99,,True,carrefour
5407005980330,Manucure pédicure IRIS 3 en 1 HAEPI,HAEPI,Beauté et Santé,35.99,,True,carrefour
5407005980385,Miroir grossissant rechargeable BELLA HAEPI,HAEPI,Beauté et Santé,59.99,,True,carrefour
5410984083947,Appareil à manucure sèche ongle LAN-LA130513 LANAFORM,LANAFORM,Beauté et Santé,34.99,,True,carrefour
6970229251702,Lampe de Luminothérapie TL30 BEURER,BEURER,Beauté et Santé,49.99,,True,carrefour
7500435206327,Tondeuse multifonctions BRAUN,BRAUN,Beauté et Santé,49.99,,True,carrefour
7500435206341,Tondeuse series x multifonctions - xt5100 BRAUN,BRAUN,Beauté et Santé,64.99,,True,carrefour
7500435225007,Epilateur électrique  Silk-épil 5 - SE 5-230  BRAUN,BRAUN,Beauté et Santé,109.99,,True,carrefour
7500435225090,Epilateur électrique  Silk-épil 7 - SE 7-081 -  BRAUN,BRAUN,Beauté et Santé,149.99,,True,carrefour
7500435225212,Epilateur électrique  Silk-épil 9 - SES 9-041 -  BRAUN,BRAUN,Beauté et Santé,164.99,,True,carrefour
7500435238410,Epilateur électrique  Silk-expert Pro 3 - PL3122 BRAUN,BRAUN,Beauté et Santé,389.99,,True,carrefour
7500435244978,Tondeuse barbe séries 3 beard trimmer bt3520 noir BRAUN,BRAUN,Beauté et Santé,39.99,,True,carrefour
7500435244992,Tondeuse barbe BT5520 BRAUN,BRAUN,Beauté et Santé,64.99,,True,carrefour
7500435245029,Tondeuse multifonctions MGK5540 BRAUN,BRAUN,Beauté et Santé,64.99,,True,carrefour
7640426990788,Sèche-cheveux Ionique - 2 vitesses - 4 températures - 1400W - OHM-RCY-7126EU OHMEX,OHMEX,Beauté et Santé,24.99,,True,carrefour
8006540841396,Hydropulseur avec 2 Refills Oxyjet Blanc et Bleu ORAL B,ORAL B,Beauté et Santé,79.99,,True,carrefour
8007403116323,Lisseur Myprosteam B28100 BELLISSIMA,BELLISSIMA,Beauté et Santé,29.99,,True,carrefour
8007403117269,Brosse soufflante GH18 1100 BELLISSIMA,BELLISSIMA,Beauté et Santé,32.99,,True,carrefour
8007403119560,Brosse Prodigy BELLISSIMA,BELLISSIMA,Beauté et Santé,249.99,,True,carrefour
8700216297257,Brosse à dents électrique Vitality Pro Kids - Roi Lion ORALB,ORALB,Beauté et Santé,29.99,,True,carrefour
8700216612258,Brosse à dents électrique SERIES FOREST GREEN ORA-IO2  BRAUN,BRAUN,Beauté et Santé,69.99,,True,carrefour
8700216612470,Brosses à dents électriques iO2 Duo Noir et Rose BRAUN,BRAUN,Beauté et Santé,124.99,,True,carrefour
8700216645300,Rasoir électrique Series 7 BRAUN,BRAUN,Beauté et Santé,229.99,,True,carrefour
8700216735575,Rasoir électrique Series 3 avec 1 sabot BRAUN,BRAUN,Beauté et Santé,49.99,,True,carrefour
8700216735742,Rasoir électrique Series 3 avec 3 sabots BRAUN,BRAUN,Beauté et Santé,89.99,,True,carrefour
8700216735896,Rasoir électrique Series 3+ BRAUN,BRAUN,Beauté et Santé,69.99,,True,carrefour
8700216931564,Brosse à dent électrique Enfant IO Kids stitch + Coffret de voyage ORAL-B,ORAL-B,Beauté et Santé,69.99,,True,carrefour
8700216932509,Brosse à dents Electrique iO2 - Spiderman ORALB,ORALB,Beauté et Santé,74.99,,True,carrefour
8700216937436,Epilateur électrique Silk-expert Mini PL1103 BRAUN,BRAUN,Beauté et Santé,289.99,,True,carrefour
8700216937481,Epilateur électrique Silk-expert Pro PL5210 IPL BRAUN,BRAUN,Beauté et Santé,499.99,,True,carrefour
8700216963084,Epilateur rechargeable SilkEpil 5 SE5-000 - Blanc BRAUN,BRAUN,Beauté et Santé,64.99,,True,carrefour
8700216963121,Epilateur Electrique Filaire Silkepil 3031 - Rose et blanc BRAUN,BRAUN,Beauté et Santé,49.99,,True,carrefour
8700216963169,Epilateur SilkEpil 5 SE5-041 - Blanc BRAUN,BRAUN,Beauté et Santé,84.99,,True,carrefour
8700216963183,Epilateur rechargeable SilkEpil 7 7-011 BRAUN,BRAUN,Beauté et Santé,109.9,,True,carrefour
8700216963404,Epilateur SilkEpil 9 BRAUN,BRAUN,Beauté et Santé,149.99,,True,carrefour
8700216963527,Epilateur SilkEpil 9 Flex SES 9-060 BRAUN,BRAUN,Beauté et Santé,249.99,,True,carrefour
8712856071845,Epilateur INFF1PEUR002 SILK N,SILK N,Beauté et Santé,349.99,,True,carrefour
0073950337762,Hydropulseur - Waterpik - 2 Embouts - Charge Rapide - Blanc,WATERPIK,Beauté et Santé,62.09,,True,marketplace
0736658581911,"Bio Ionic 10x Styling Iron Multistyler À Chaleur Noir 45 W 2,74 M",BIO IONIC,Beauté et Santé,321.99,182.38,True,marketplace
0761318153177,Seche-cheveux  Smoothstay Coconut Rvdr5317e,REVLON,Beauté et Santé,20.63,,True,marketplace
3030050153262,Tondeuse cheveux E990E BABYLISS,BABYLISS,Beauté et Santé,72.79,,True,marketplace
3030050153675,Fer à boucler C454E BABYLISS,BABYLISS,Beauté et Santé,37.66,,True,marketplace
3030050154542,Fer À Boucler Babyliss 2165ce,BABYLISS,Beauté et Santé,39.99,31.33,True,marketplace
3030050173659,Sèche-cheveux 5513TE BABYLISS,BABYLISS,Beauté et Santé,40.13,,True,marketplace
3030050185829,Brosse soufflante AS122E BABYLISS,BABYLISS,Beauté et Santé,39.19,,True,marketplace
3121040062739,Rowenta Cf9540f0 Brosse Chauffante Soufflante Rotative Brush Activ Pre,ROWENTA,Beauté et Santé,67.7,,True,marketplace
3121040094488,Sèche Cheveux Calor Air Motion Effet Coanda Cf8c20c0,CALOR,Beauté et Santé,131.57,,True,marketplace
3139439755292,Brosse Nettoyante Visage Talika Light Therapy,TALIKA,Beauté et Santé,164.27,150.71,True,marketplace
3474637116491,Lisseur Steampod 4.0 L'OREAL,L'OREAL,Beauté et Santé,333.73,,True,marketplace
3474637202866,Seche-cheveux - L'oréal Professionnel - Airlight Pro - Lumiere Infrarouge,L'ORÃ‰AL PROFESSIONNEL,Beauté et Santé,460.01,,True,marketplace
3665315012352,Soin Anti Vieillissement Cou Et Visage,PALOMA BEAUTIES,Beauté et Santé,69.77,66.45,True,marketplace
3700206739182,SAINT ALGUE,SAINT ALGUE,Beauté et Santé,62.98,,True,marketplace
3700666522638,Tondeuse Nez Narine Oreille Soin Du Corps Électronique Lame Acier Inoxydable Yonis,YONIS,Beauté et Santé,13.99,13.09,True,marketplace
3760240787860,"Sèche-cheveux De Voyage Little Balance Ionique Lb8786 1200w Noir Or 15 X 7,2 X 22,7 Cm",LITTLE BALANCE,Beauté et Santé,25.55,,True,marketplace
4006160305401,"Proficare 330540 Brosse À Dents Électrique Adulte Brosse À Dents Oscillante Bleu, Blanc",PROFICARE,Beauté et Santé,21.9,10.9,True,marketplace
4008496870592,Remington Lisseur À Cheveux 2 En 1 Wet2straight S7300 140-230°c,REMINGTON,Beauté et Santé,49.99,35.32,True,marketplace
4008496873517,Fer à boucler Prolux REMINGTON,REMINGTON,Beauté et Santé,32.65,,True,marketplace
4008496881864,Tondeuse nez/oreilles REMINGTON,REMINGTON,Beauté et Santé,14.19,,True,marketplace
4008496881963,Tondeuse nez/oreilles REMINGTON,REMINGTON,Beauté et Santé,19.19,,True,marketplace
4008496938384,Brosse soufflante AS8810 REMINGTON,REMINGTON,Beauté et Santé,50.99,46.21,True,marketplace
4008496938438,Remington Lisseur À Cheveux Keratin Protect Couleur De Bronze,REMINGTON,Beauté et Santé,35.99,27.67,True,marketplace
4015588404559,Medisana Pèse-personne Verre Ps 400,MEDISANA,Beauté et Santé,21.59,,True,marketplace
4210201242284,Rasoir électrique homme BRAUN,BRAUN,Beauté et Santé,114.99,88.2,True,marketplace
4210201400400,Tondeuse barbe XT5100 BRAUN,BRAUN,Beauté et Santé,39.99,34.35,True,marketplace
4210201423300,Epilateur à lumière pulsée PL3020 Silk-Expert Pro BRAUN,BRAUN,Beauté et Santé,363.58,302.98,True,marketplace
4210201433002,Rasoir électrique homme BRAUN,BRAUN,Beauté et Santé,194.99,136.17,True,marketplace
5025232910915,Panasonic Hair Dryer Black Gold Eh-na65cn825 Ehna65cn825 (eh-na65cn825),PANASONIC,Beauté et Santé,106.48,101.41,True,marketplace
5038061105698,Remington Tondeuse À Barbe Mb3000 Série B3,REMINGTON,Beauté et Santé,38.99,28.71,True,marketplace
5038061106022,Tondeuse Cheveux  Xr1500 Ult. Series Rx5,REMINGTON,Beauté et Santé,42.41,,True,marketplace
5038061133998,"Remington Hc6000 Power-x Series X6 Noir, Gris 72",REMINGTON,Beauté et Santé,74.99,65.94,True,marketplace
5038061138597,Tondeuse cheveux Easy Fade Pro B09RPT9G5D REMINGTON,REMINGTON,Beauté et Santé,69.83,,True,marketplace
5038061144017,Remington Head Shaver Ultimate Series Rx7 Xr1600 (41227560100),REMINGTON,Beauté et Santé,79.99,71.33,True,marketplace
6976973850079,Seche-cheveux 1hd11-s-eu-wh-001 Se-lite Polypropylene 1 Accessoire Blanc,AUCUNE,Beauté et Santé,79.99,70.17,True,marketplace
7314280296163,Sèche-cheveux Avec Diffuseur - 5 Vitesses Black,INF,Beauté et Santé,74.49,52.14,True,marketplace
7314280371051,Coupe-ongles Pour Ongles Épais Ou Incarnés,INF,Beauté et Santé,11.99,10.19,True,marketplace
7314280442768,Nettoyeur De Dents À Ultrasons Pour Éliminer Le Tartre Black INF,INF,Beauté et Santé,25.39,19.8,True,marketplace
7314281059743,Coupe-ongles Puissant Pour Ongles Épais,INF,Beauté et Santé,13.89,10.83,True,marketplace
7500435225151,Épilateur Électrique - Braun - Silk Epil 7 Se 7-000 - 2 Vitesses - Sans Fil - 40 Min - Blanc / Rose,BRAUN,Beauté et Santé,159.99,80.3,True,marketplace
7500435225274,Épilateur Électrique - Braun - Silk Epil 9 Flex - 2 Vitesses - Sans Fil - 50 Min,BRAUN,Beauté et Santé,290,201.45,True,marketplace
8423029064648,Rasoir Électrique Eurostil Captain Cook,,Beauté et Santé,42.62,41.38,True,marketplace
8435527826277,Rasoir pour le Corps avec Manche Extensible en Aluminium Extaver InnovaGoods,INNOVAGOODS,Beauté et Santé,38.8,27.71,True,marketplace
8435771929304,Sèche-cheveux Cecotec Ionicare Power&go Heaven 2400w Champagne,CECOTEC,Beauté et Santé,24.26,,True,marketplace
8710103859703,Tondeuse cheveux HC3510/15 PHILIPS,PHILIPS,Beauté et Santé,33.46,32.8,True,marketplace
8710103985501,Brosse À Dents Électrique Sonique Philips Sonicare 2100 Proresult Blanche,PHILIPS,Beauté et Santé,34.99,27.02,True,marketplace
8710103993827,Rasoir électrique homme S5467/17 PHILIPS,PHILIPS,Beauté et Santé,64.35,,True,marketplace
8712856068388,Râpe avec système d'aspiration et écran digital FreshPedi noir  - FP1PE1Z001 -  SILK'N,SILK'N,Beauté et Santé,57.76,56.63,True,marketplace
8720689017046,Epilateur Lumière Pulsée BRI921/00 PHILIPS,PHILIPS,Beauté et Santé,352.52,,True,marketplace
4008496653027,Tondeuse cheveux HC5810 REMINGTON,REMINGTON,Beauté et Santé,54.46,,True,marketplace
4210201312291,Brosse à dents électrique Pro 1750 + Etui - Bleu ORAL-B,ORAL-B,Beauté et Santé,58.99,55.4,True,marketplace
8001090956408,Epilateur SES 9006 3D Blanc/Or BRAUN,BRAUN,Beauté et Santé,289.99,264.07,True,marketplace
8006540730898,Brosse à dents Électrique IO Series 3S ORAL B ORAL B,ORAL B,Beauté et Santé,113.99,81.69,True,marketplace
8006540772768,Brosse à dents Électrique Enfant 3 Ans+ Spider-Man ORAL B ORAL B,ORAL B,Beauté et Santé,24.53,,True,marketplace
3030050173673,Brosse soufflante AS85TE BABYLISS,BABYLISS,Beauté et Santé,36.39,,True,marketplace
4211125602154,Beurer Ih 58/ih 58kids/ih 60 - Accessoires - Accessoire Pour Inhalateur,BEURER,Beauté et Santé,40.5,29.01,True,marketplace
4260695634157,Lustre Râpe Électrique Anti-callosités (usb),AILORIA,Beauté et Santé,39,37.95,True,marketplace
5025232871315,Lisseur Panasonic Eh Phs9kk825,PANASONIC,Beauté et Santé,119,,True,marketplace
7314280447701,"Set De Pédicure Avec Ciseaux À Ongles, Coupe-ongles, Lime À Ongles Black",INF,Beauté et Santé,26.29,20.51,True,marketplace
7314280928385,Brosse À Dents Électrique Sonique Avec 5 Modes De Nettoyage Black,INF,Beauté et Santé,37.29,29.09,True,marketplace
8006540840825,Combiné dentaire Oxyjet +pro 1 ORAL B,ORAL B,Beauté et Santé,92.44,,True,marketplace
8435527827144,Épilateur À Lumière Pulsée Avec Fonction Froid Et Accessoires Kulepil Innovagoods,INNOVAGOODS,Beauté et Santé,93.23,66.59,True,marketplace
8710103794578,Tondeuse Multi - Mg3730/15 - Series 3000,PHILIPS,Beauté et Santé,34.18,,True,marketplace
8720689002219,Tondeuse multifonctions MG5920/15 PHILIPS,PHILIPS,Beauté et Santé,59.99,44.51,True,marketplace
0040102004698,Tondeuse Lca-1 Premium Envy Ii Avec/sans Fil (noire) Andis,ANDIS,Beauté et Santé,179.9,156.81,True,marketplace
0040102005794,Tondeuse Lca-1 Premium Envy Ii Avec/sans Fil (or) Avec Socle De Charge Andis,ANDIS,Beauté et Santé,199.9,156.08,True,marketplace
0040102126659,Tondeuse Cheveux Rechargeable Master Andis,ANDIS,Beauté et Santé,349.9,344.19,True,marketplace
0040102741258,Tondeuse Cheveux De Finition Rechargeable T-outliner Batterie Lithium 12w Andis,ANDIS,Beauté et Santé,83.49,,True,marketplace
0043917000169,Cortabarbas Wahl Groomsman All In 5537-3016/ Con Batería/ 11 Accesorios,WAHL,Beauté et Santé,19.39,,True,marketplace
0043917000343,"Wahl Homepro Noir, Argent 10",WAHL,Beauté et Santé,25.77,,True,marketplace
0043917000909,Wahl 3000116 Tondeuse À Cheveux Métallique Lithium-ion (li-ion),WAHL,Beauté et Santé,367.99,227.41,True,marketplace
0043917001005,"Tondeuse A Barbe - Groomsman - 3,5 V - 6 Sabots - Autonomie : 60 Min - Gris",WAHL,Beauté et Santé,39.99,29.73,True,marketplace
0043917001265,Tondeuse cheveux 9699-1016 WAHL,WAHL,Beauté et Santé,22.99,20.53,True,marketplace
0043917002156,"Tondeuse Nez, Oreilles Et Sourcils Micro Lithium Corps Métallique Olive Mat Format Stylo Wahl",WAHL,Beauté et Santé,18.89,,True,marketplace
0043917002255,"Wahl Nasal Trimmer Noir, Argent",WAHL,Beauté et Santé,12,,True,marketplace
0043917002361,Tondeuse Wahl 222206 900w Jaune,WAHL,Beauté et Santé,59.99,52.1,True,marketplace
0043917002781,Wahl 09685-016 Tondeuse À Cheveux Noir 8,WAHL,Beauté et Santé,23.95,,True,marketplace
0043917004051,Tondeuse Cheveux Professional Detailer Afro-line Wahl,WAHL,Beauté et Santé,138.69,,True,marketplace
0043917005355,Wahl Senior Noir Lithium-ion (li-ion),WAHL,Beauté et Santé,419.99,202.13,True,marketplace
0043917006888,"Wahl Rasoir De Voyage Travel Shaver 03615-1016 - Rechargeable, Léger Et Compact",WAHL,Beauté et Santé,17.81,,True,marketplace
0043917007120,Tondeuse À Barbe Wahl 5606-526 / Fonctionne Sur Batterie / 10 Accessoires,WAHL,Beauté et Santé,24.99,15.95,True,marketplace
0043917008363,Tondeuse Wahl 07057-016,WAHL,Beauté et Santé,22.99,20.7,True,marketplace
0043917031507,"Tondeuse A Cheveux - Color Pro Cordless - 3,5 W - 8 Sabots - Autonomie : 60 Min - Bleu / Gris",WAHL,Beauté et Santé,39.57,,True,marketplace
0043917039299,Tondeuse A Cheveux - Colorpro Cordless Lithium - 240 V - 120 Min - Blanc / Noir,WAHL,Beauté et Santé,67.11,,True,marketplace
0043917963556,Tondeuse à cheveux et barbe - 9639-816 - Noir WAHL,WAHL,Beauté et Santé,33.5,,True,marketplace
0073950234078,Waterpik Jet Dentaire Wf-03 Freedom - Sans Fil - Portable - 2 Niveaux De Pression - 3 Embouts - Sac Inclus,AUTRES,Beauté et Santé,62.69,,True,marketplace
0073950342544,Hydropulseur Waterpik Wf 26 Plus Blanc 6 X 22 X 6 Cm Waterpik,WATERPIK,Beauté et Santé,84.61,,True,marketplace
0309970193058,Brosse Nettoyante Visage Revlon Skin Reviving On-the-go,REVLON,Beauté et Santé,16.99,14.1,True,marketplace
0611056460290,Set Manucure - 10 Pièces En Acier Inoxydable,NORTHIX,Beauté et Santé,24.99,16.03,True,marketplace
0622356314343,Seche-cheveux - Shark - Hd731eu - Speedstyle Pro 3-en-1 - 1750 W,SHARK,Beauté et Santé,241.38,217.88,True,marketplace
0634158799310,Cenocco Beauty Cc-9090 : Brosse Lissante Pour Cheveux Et Barbe,CENOCCO,Beauté et Santé,28.9,16.9,True,marketplace
0634158799778,Fer À Boucler Automatique Ionic Rechargeable Sans Fil Cenocco Cc9094,CENOCCO,Beauté et Santé,91.9,49.19,True,marketplace
0634158801679,"Cenocco Beauty Tondeuse De Précision, Nettoyeur Facial Et Kit De Toile",CENOCCO,Beauté et Santé,52.9,31.9,True,marketplace
0634158805325,Rasoir À Sourcils Cenocco Cc9064,CENOCCO,Beauté et Santé,29.9,14.9,True,marketplace
0644812008788,Venteo – Massage – Vibraluxe Pro™ – Adulte – Gris – Peau Ferme – Appareil – Branchement Secteur,VENTEO,Beauté et Santé,59.99,51.9,True,marketplace
0644812021183,"Venteo Bodi03r Masseur Universel Argent, Violet",VENTEO,Beauté et Santé,18,12.95,True,marketplace
0644812031267,Epilateur Titanium Discs WIZZIT,WIZZIT,Beauté et Santé,29.99,24,True,marketplace
0644812050251,Masseur Pieds Avec Shiatsu Leg Action Gymform - Venteo - Plateforme Vibrante Et,VENTEO,Beauté et Santé,149.99,139.09,True,marketplace
0644812051371,"Isl Italy Vibratone Pro By Velform Masseur Universel Beige, Bronze",VENTEO,Beauté et Santé,69.99,59.99,True,marketplace
0659436442863,Xenia Paris Js-140207: Lisseur En Silicone Bleu,XENIA,Beauté et Santé,105,30.85,True,marketplace
0694726540737,Rasoir Philips Pq206/18 Rouge,PHILIPS,Beauté et Santé,20.83,,True,marketplace
0702382628093,Séparateurs D'orteils Masseur De Pieds Pour Manucure,TOTALCADEAU,Beauté et Santé,34.9,24.9,True,marketplace
0736658581584,Lisseur À Cheveux Bio Ionic Graphene Mx Pro Styler Bleu,BIO IONIC,Beauté et Santé,279.99,165.32,True,marketplace
0736658581645,Lisseur Bio Ionic Graphene Mx Bleu,BIO IONIC,Beauté et Santé,283.34,267.3,True,marketplace
0736658586602,"Bio Ionic 736658586602 Multistyler À Chaleur Noir, Bleu, Violet 75 W 2,7 M",BIO IONIC,Beauté et Santé,320.99,160.29,True,marketplace
0753759257507,Garmin Balance Connectée Index S2 Black,GARMIN,Beauté et Santé,123.92,,True,marketplace
0753759257514,Garmin Balance Connectée Index S2 White,GARMIN,Beauté et Santé,123.92,,True,marketplace
0754495585398,Aspirateur De Points Noirs Électrique - Nettoyage De Peau Sous Vide,NORTHIX,Beauté et Santé,19.99,15.53,True,marketplace
0754495599210,Nettoyant Visage Électrique Multifonctionnel Northix,NORTHIX,Beauté et Santé,29.99,19.86,True,marketplace
0754495613909,50x Conseils D'affichage / Présentoir Pour Échantillons De Vernis À Ongles,NORTHIX,Beauté et Santé,19.99,14.43,True,marketplace
0761318022114,Lisseur  Smoothstay Rvst2211p Coconut,REVLON,Beauté et Santé,27.99,,True,marketplace
0761318053057,Revlon Sèche-cheveux De Voyage Rev-007 1200w Noir,REVLON,Beauté et Santé,21.34,,True,marketplace
0761318053309,Seche Cheveux Et Lisseur En 1 Seul Appareil - - One Step Air Straight - Rvdr5330e,REVLON,Beauté et Santé,49.99,41.95,True,marketplace
0761318135388,Revlon Brosse De Nettoyage Facial Sonique Blanc Rvsp3538e,REVLON,Beauté et Santé,54.99,,True,marketplace
0761318153719,Brosse Coiffante Revlon One Step Blow Dry Multi Air Styler 5 En 1 Avec Brosse Ovale Revlon Originale Rvdr5371,REVLON,Beauté et Santé,71.99,69.85,True,marketplace
0761318158233,Revlon Sèche-cheveux À Séchage Rapide Rev-019 2000w Noir,REVLON,Beauté et Santé,22.6,,True,marketplace
0761318252290,Revlon Rvdr5229e Sèche-cheveux 2200 W Rose,REVLON,Beauté et Santé,40.41,39.62,True,marketplace
0761318298663,Brosse Coiffante Revlon Rvdr5298e One Step Volumiser Plus,REVLON,Beauté et Santé,41.23,,True,marketplace
0761318332220,Revlon Hair Dryer And Volumiser One-step Onestep Mint (rvdr5222muke),REVLON,Beauté et Santé,63.07,61.83,True,marketplace
0761318421764,Lisseur Revlon Rvst2176gpe,REVLON,Beauté et Santé,34.99,28.31,True,marketplace
0761318430568,"Revlon Rvir3056uke Brosse Soufflante Et Fer À Lisser Kit D'accessoires De Coiffure À Chaleur Noir, Rouge 2,5 M",REVLON,Beauté et Santé,56.21,55.11,True,marketplace
0761318452515,Seche-cheveux - Rvdr5251e - Perfect Heat - 2000 w - Moteur Ac - 2 Vitesses - Noir / Rose,REVLON,Beauté et Santé,30.73,,True,marketplace
0761318523246,Brosse séchante et volumisante rvdr5222ea REVLON,REVLON,Beauté et Santé,37.75,,True,marketplace
0761318553335,Brosse Coiffante  Multistyler One-step 3-en-1 Rvdr5333,REVLON,Beauté et Santé,60.89,,True,marketplace
0761318621751,Lisseur Xl Revlon Rvst2175e Cuivre Smoth Styler Plaques Céramique 125 Mm 80-235°c,REVLON,Beauté et Santé,34.1,,True,marketplace
0761318653202,Seche-cheveux  Airflow Control Rvdr5320e Rouge,REVLON,Beauté et Santé,26.59,,True,marketplace
0761318822042,Lisseur Rvst2204 - Double Plaque Cuivre Et Céramique - Jusqu'a 235°c,REVLON,Beauté et Santé,41.17,40.36,True,marketplace
0761318922292,Brosse soufflante REVLON,REVLON,Beauté et Santé,37.87,,True,marketplace
0761318952923,Revlon One-step Style Booster Rvdr5292uke - Brosse Sechante Et Coiffan,REVLON,Beauté et Santé,55.99,,True,marketplace
0810050282628,Hyperice 22000-001-00 Masseur Ventre Noir,HYPERICE,Beauté et Santé,346.93,340.13,True,marketplace
0810050282789,Hyperice Venom 2 Shoulder Masseur Épaules Noir,HYPERICE,Beauté et Santé,366.08,358.9,True,marketplace
0811138038076,Fitbit Aria Air Carré Noir Pèse-personne Électronique,FITBIT,Beauté et Santé,66.41,,True,marketplace
0811138038106,Fitbit Aria Air Carré Blanc Pèse-personne Électronique,FITBIT,Beauté et Santé,62.19,,True,marketplace
0840295409696,"Masque Facial Led Theraface Mask Glo Plastique Rigide Beige Clair 20x21,9x12,2 Cm Therabody",THERABODY,Beauté et Santé,320.07,,True,marketplace
0863738135211,"Brosse Sèche-cheveux Ionique De 75 Mm Avec Revêtement Céramique Et 3 Modes Pour Lisser, Modeler Et Donner Du Volume Tekmaquinas",TEKMAQUINAS,Beauté et Santé,40.27,28.77,True,marketplace
0874822004467,"Bio Ionic Goldpro Speed Dryer Sèche-cheveux 1875 W Noir, Or",BIO IONIC,Beauté et Santé,137.99,122.37,True,marketplace
1644812001429,Cenocco Beauty Cc-9018 Appareil De Massage Anticellulite,CENOCCO,Beauté et Santé,33.9,19.9,True,marketplace
1644812001818,Cenocco Cc-9049 Brosse De Nettoyage Pour Les Soins Du Corps,CENOCCO,Beauté et Santé,32.9,19.9,True,marketplace
1644812004130,Cenocco Beauty Cc-9021 Râpe Rechargeable Anti-callosités,CENOCCO,Beauté et Santé,39.99,26.7,True,marketplace
1644812005076,Cenocco Beauty Cc-9046 Brosse Nettoyante Pour Le Visage,CENOCCO,Beauté et Santé,29.9,17.9,True,marketplace
3014260094812,Brosse À Dents Oral-b Complete 5 Ways Nettoyage Complet 5 Actions - Oral B,AMBIPUR,Beauté et Santé,18.85,,True,marketplace
3030050047318,"Babyliss Pro, Fer À Onduler Triple Branches, Ref Bab2269tte 140°-220°",BABYLISS PRO,Beauté et Santé,79.55,,True,marketplace
3030050060263,Sèche-cheveux Babyliss Bab5510e Noir 1200 W,BABYLISS,Beauté et Santé,40.99,27.85,True,marketplace
3030050060959,"Babyliss Pro Brosse Céramique Diamètre 32mm, Ref Bab2676tte - Brosse Cheveux Rotative",BABYLISS PRO,Beauté et Santé,45.99,36.58,True,marketplace
3030050064308,Fer À Onduler Babyliss C 260 E,BABYLISS,Beauté et Santé,42.79,,True,marketplace
3030050069426,Fer à boucler pro 180 slim c325e BABYLISS,BABYLISS,Beauté et Santé,29.99,23.04,True,marketplace
3030050069433,Babyliss C332e Fer A Boucler  Sublim Touch,BABYLISS,Beauté et Santé,30.78,,True,marketplace
3030050072068,Babyliss Pro Pince À Onduler,BABYLISS PRO,Beauté et Santé,124.99,72.18,True,marketplace
3030050091649,Babyliss Pro Bab2073epe,BABYLISS PRO,Beauté et Santé,76.74,,True,marketplace
3030050091656,Babyliss Bab2091epe Lisseur Argent,BABYLISS,Beauté et Santé,102.99,67.83,True,marketplace
3030050091663,Babyliss Pro High Tech Crim,BABYLISS PRO,Beauté et Santé,84.99,69.61,True,marketplace
3030050091670,Babyliss 2654epe Fer A Lisser The Straightener,BABYLISS PRO,Beauté et Santé,66.99,57.17,True,marketplace
3030050091748,"Babyliss Pro Pince À Lisser Nano Sleek Ep Technology 5.0, Ref Bab2072epe Noir",BABYLISS PRO,Beauté et Santé,109.99,82.67,True,marketplace
3030050106855,Brosse Soufflante Rotative ...,BABYLISS,Beauté et Santé,71.99,58.66,True,marketplace
3030050106879,Tondeuse nez/oreilles BABYLISS,BABYLISS,Beauté et Santé,17.99,,True,marketplace
3030050106886,Tondeuse Nez/oreilles/sourcils - Babyliss - E652e - Lame En Acier Inoxydable - Fonctionnement Sans Fil,BABYLISS,Beauté et Santé,20.53,,True,marketplace
3030050121759,"Pince À Lisser Elipsis 3000, Ref Bab3000epe, Babyliss Pro,",BABYLISS PRO,Beauté et Santé,165.99,103.43,True,marketplace
3030050129694,Brosse chauffante HSB101E BABYLISS,BABYLISS,Beauté et Santé,62.89,,True,marketplace
3030050134421,Lisseur Babyliss Pro Elipsis3100 - Bab3100epe,BABYLISS PRO,Beauté et Santé,92.98,,True,marketplace
3030050144277,Babyliss Chromfx Trimmer Batterie Chrome,BABYLISS,Beauté et Santé,109.99,102.91,True,marketplace
3030050146622,Babyliss Chromfx Cordless Clipper Chrome Lithium,BABYLISS,Beauté et Santé,198.99,124.91,True,marketplace
3030050152456,Rasoir Double-grille Foilfx02 4artists Métal Chrome Argent Compact Babyliss Pro,BABYLISS PRO,Beauté et Santé,140,93.32,True,marketplace
3030050153132,Tondeuse Multifonction  Men Mt727e - 10 En 1 - Lames En Carbone-titane - Autonomie 60 Min,BABYLISS,Beauté et Santé,32.92,,True,marketplace
3030050153170,Sèche-cheveux 5337PRE BABYLISS,BABYLISS,Beauté et Santé,42.99,40.72,True,marketplace
3030050153347,Brosse soufflante shape & smooth BABYLISS,BABYLISS,Beauté et Santé,29.39,,True,marketplace
3030050153354,Sèche-cheveux Travel dry 2000 BABYLISS,BABYLISS,Beauté et Santé,27.62,,True,marketplace
3030050153361,Sèche-cheveux Power Dry 2100 D563DE BABYLISS,BABYLISS,Beauté et Santé,31.04,,True,marketplace
3030050153408,Lisseur steam shine ST496E BABYLISS,BABYLISS,Beauté et Santé,72.79,,True,marketplace
3030050153422,"Tondeuse Cheveux - Babyliss - E974e - Légere Avec Ou Sans Fil, Lames En Acier Inoxydable, 26 Hauteurs De Coupe",BABYLISS,Beauté et Santé,38.28,,True,marketplace
3030050153453,Tondeuse cheveux E978E BABYLISS,BABYLISS,Beauté et Santé,51.02,,True,marketplace
3030050153583,Lisseur cheveux longs et épais ST397E BABYLISS,BABYLISS,Beauté et Santé,42.45,,True,marketplace
3030050153590,Lisseur smooth control ST298E BABYLISS,BABYLISS,Beauté et Santé,50.45,,True,marketplace
3030050153606,Lisseur ceramic straight ST089E BABYLISS,BABYLISS,Beauté et Santé,28.55,,True,marketplace
3030050153620,Babyliss C449e Boucleur Manuel/rose Quartz Tight Curls Wand,BABYLISS,Beauté et Santé,35.6,,True,marketplace
3030050153637,Fer A Boucler 19mm Curling Tong - 6 Températures Jusqu'a 210°c,BABYLISS,Beauté et Santé,37.99,34.77,True,marketplace
3030050153668,none fer à boucler 38mm BABYLISS,BABYLISS,Beauté et Santé,40.47,,True,marketplace
3030050153774,Brosse soufflante AS126E BABYLISS,BABYLISS,Beauté et Santé,35.71,,True,marketplace
3030050153781,Babyliss As136e Brosse Soufflante Multistyle Air Style 1000,BABYLISS,Beauté et Santé,44.78,,True,marketplace
3030050153804,"Brosse Soufflante Babyliss As952e Big Hair Dual Pour le Volume, la Mise en Forme et La Brillance",BABYLISS,Beauté et Santé,48.09,,True,marketplace
3030050153828,Babyliss Big Hair Luxe As970e - Brosse Soufflante Rotative Multistyl - 50mm Céramique,BABYLISS,Beauté et Santé,99.99,58.44,True,marketplace
3030050153842,Seche-cheveux - Babyliss - D572de Turbo Smooth 2200 Avec Technologie Ionique Et Céramique,BABYLISS,Beauté et Santé,29.38,,True,marketplace
3030050153927,Lisseur Smooth Finish 230 - ST250E BABYLISS,BABYLISS,Beauté et Santé,50.99,31.96,True,marketplace
3030050153941,Lisseur - Babyliss  - St255e Sleek Finish 230 - Températures Digitales - Plaques Tourmaline Céramique,BABYLISS,Beauté et Santé,56.08,,True,marketplace
3030050154153,Rouleaux Chauffants Babyliss Rs035e 20 Céramiques Noirs 3 Diamètres 90-140°c,BABYLISS,Beauté et Santé,55.19,,True,marketplace
3030050154832,Sèche cheveux Pro 6704WE BABYLISS,BABYLISS,Beauté et Santé,33.98,,True,marketplace
3030050154849,Sèche-cheveux smooth pro BABYLISS,BABYLISS,Beauté et Santé,37.38,,True,marketplace
3030050154863,Seche-cheveux  6715de Professionnel - Diffuseur - Format Ultra Compact - Moteur Ac - Puissance 2200w,BABYLISS,Beauté et Santé,76.61,,True,marketplace
3030050154924,Fer à boucler  Wavy - W2447E - Noir/Or rose BABYLISS,BABYLISS,Beauté et Santé,51.59,,True,marketplace
3030050157505,Babyliss Pro Beard Trimmer Skeletonfx 4artists Gold (fx7870ge),BABYLISS,Beauté et Santé,112.49,,True,marketplace
3030050161939,Tondeuse Babyliss Fxfs2ge,BABYLISS,Beauté et Santé,133.99,98.58,True,marketplace
3030050164459,Babyliss Pro Beard Trimmer Skeletonfx 4artists Black Schwarz (fx7870gse),BABYLISS,Beauté et Santé,114.69,,True,marketplace
3030050165210,Babyliss Excess-hq Sèche-cheveux 2600 W Noir,BABYLISS,Beauté et Santé,111.99,88.68,True,marketplace
3030050165227,S?che-cheveux Ionic Caruso Hq,BABYLISS PRO,Beauté et Santé,92.95,73.04,True,marketplace
3030050165234,Sèche-cheveux Babyliss Bab6980ie Noir 2200 W,BABYLISS,Beauté et Santé,103.99,,True,marketplace
3030050165340,Brosse soufflante Hydro-Fusion - AS773E BABYLISS,BABYLISS,Beauté et Santé,57.99,47.2,True,marketplace
3030050165371,Tondeuse cheveux E996E BABYLISS,BABYLISS,Beauté et Santé,129.99,94.2,True,marketplace
3030050165524,Sèche-cheveux Babyliss Bab6950ie Noir Argenté 2100 W,BABYLISS,Beauté et Santé,77.99,61.52,True,marketplace
3030050173291,Lisseur Elégance 2598NPE BABYLISS,BABYLISS,Beauté et Santé,79.01,,True,marketplace
3030050173680,none Titanium Gold 235 2513TE BABYLISS,BABYLISS,Beauté et Santé,34.57,,True,marketplace
3030050175691,Sèche-cheveux Babyliss Air Pro 2200w Noir 2 Vitesses 2 Températures Ac Ionique Diffuseur,BABYLISS,Beauté et Santé,45.72,,True,marketplace
3030050175714,Tondeuse cheveux E991E BABYLISS,BABYLISS,Beauté et Santé,129.99,86.53,True,marketplace
3030050175721,Tondeuse multifonctions MT991E BABYLISS,BABYLISS,Beauté et Santé,129.99,90.55,True,marketplace
3030050176421,Fers À Boucler Babyliss C457e Oval Waving Wand,BABYLISS,Beauté et Santé,49.99,38.43,True,marketplace
3030050179545,Sèche-cheveux Babyliss Digital Redfx 2200 W Rouge Puissant et Efficace,BABYLISS,Beauté et Santé,136.99,82.35,True,marketplace
3030050180121,none C458E BABYLISS,BABYLISS,Beauté et Santé,56.45,,True,marketplace
3030050180152,Sèche-cheveux Babyliss 5790pe Ionique Noir 2200 W,BABYLISS,Beauté et Santé,49.9,45.3,True,marketplace
3030050180169,Brosse soufflante 1000W - AS90PE BABYLISS,BABYLISS,Beauté et Santé,80.99,72.91,True,marketplace
3030050180190,Fer À Boucler Babyliss Curl Styler 2en1 Céramique Noir Rose Gold 38 Mm Babyliss,BABYLISS,Beauté et Santé,59.92,,True,marketplace
3030050180640,Lisseur Smooth Glide 235 - ST90PE BABYLISS,BABYLISS,Beauté et Santé,84.99,70.17,True,marketplace
3030050181081,Lisseur Steam Smooth ST493E BABYLISS,BABYLISS,Beauté et Santé,89.99,65.19,True,marketplace
3030050182125,Lisseur Satin Hair 7 St780,BRAUN,Beauté et Santé,84.09,,True,marketplace
3030050182163,Braun Satin Hair 7 St710 Fer À Lisser À Chaleur Noir 2 M,BRAUN,Beauté et Santé,83.99,79.21,True,marketplace
3030050182248,Braun Hd780 Sèche-cheveux 2000 W Noir,BRAUN,Beauté et Santé,98.2,96.27,True,marketplace
3030050182354,Braun Hairdryer Satin Hair 3 Hd350 Style&go Black Schwarz (brhd350e),BRAUN,Beauté et Santé,48.99,28.02,True,marketplace
3030050182385,Sèche-cheveux Satin Hair 1 Hd130 Plastique Noir Compact 1200 W Braun,BRAUN,Beauté et Santé,23.88,,True,marketplace
3030050182415,Braun Airstyler Satin Hair 7 As720 Black Schwarz (182415),BRAUN,Beauté et Santé,69.99,61.41,True,marketplace
3030050182453,Braun As330 Brosse Soufflante À Air Chaud À Chaleur Noir 400 W 2 M,BRAUN,Beauté et Santé,93.99,43.06,True,marketplace
3030050182637,Brosse soufflante AS962E BABYLISS,BABYLISS,Beauté et Santé,79.99,59.91,True,marketplace
3030050185157,Sèche-cheveux Babyliss Pro 4artist,BABYLISS,Beauté et Santé,166.99,127.1,True,marketplace
3030050185812,Brosse soufflante AS965E BABYLISS,BABYLISS,Beauté et Santé,60.35,,True,marketplace
3030050185843,Sèche-cheveux Air Power Pro 6716DE BABYLISS,BABYLISS,Beauté et Santé,79.99,69.63,True,marketplace
3030050188042,Seche-cheveux  D374de Cordkeeper 2000 Avec Technologie Ionique Et Cordon Retractable,BABYLISS,Beauté et Santé,43.74,,True,marketplace
3030050188363,Tondeuse A Cheveux Sans Fil - E992e Super-x Metal - Autonomie 3 H - Edition Gold & Navy,BABYLISS,Beauté et Santé,69.35,,True,marketplace
3030050188370,Tondeuse multifonctions MT992E BABYLISS,BABYLISS,Beauté et Santé,68.42,,True,marketplace
3030050188387,"Tondeuse Nez, Oreille Et Sourcils Babyliss E112e",BABYLISS,Beauté et Santé,39.99,30.71,True,marketplace
3030050188394,Brosse Soufflante Babyliss Style Smooth 1000 As128e 1000 W Noir Et Rose,BABYLISS,Beauté et Santé,40.29,,True,marketplace
3030050188943,"Brosse Soufflante Chauffante Braun As 4.3 Métal Argent 2,2 M Braun",BRAUN,Beauté et Santé,94.99,57.09,True,marketplace
3030050188950,"Brosse Soufflante Braun As 4.2 Noire 1000 W Cordon 1,95 M",BRAUN,Beauté et Santé,62.99,50.72,True,marketplace
3030050188967,Sèche-cheveux Braun Hd 4.3 Noir 2200 W Compact,BRAUN,Beauté et Santé,84.99,68.24,True,marketplace
3030050188974,"Sèche-cheveux Braun Hd 4.2 2100 W Noir Ionique 2,2 M",BRAUN,Beauté et Santé,60.09,,True,marketplace
3030050188998,Sèche-cheveux Braun Hd 2.1 Blanc 2100 W,BRAUN,Beauté et Santé,38.99,36,True,marketplace
3030050191400,Tondeuse Babyliss Pro Fxone Gold,BABYLISS,Beauté et Santé,222.99,181.26,True,marketplace
3030050191417,Rasoir Pour Le Corps Babyliss Máquina Fxone,BABYLISS,Beauté et Santé,209.99,177.98,True,marketplace
3030050191424,Rasoir Pour Le Corps Babyliss Máquina Fxone,BABYLISS,Beauté et Santé,207.99,132.25,True,marketplace
3030050192957,Seche-cheveux - D781e - Ionique Anti-frisottis - 2300w - 3 Températures - Mauve Lustre,BABYLISS,Beauté et Santé,39.27,,True,marketplace
3030050193015,Lisseur Babyliss St251pe,BABYLISS,Beauté et Santé,70.81,,True,marketplace
3030050193039,"Tondeuse Cheveux Sans Fil Babyliss E987e Graphite Précision 26 Positions 0,6-28 Mm",BABYLISS,Beauté et Santé,99.99,66.53,True,marketplace
3030050193060,Tondeuse Homme Babyliss Mt987e Tondeuse Multi Usages Graphite Precision 12 En 1,BABYLISS,Beauté et Santé,59.99,54.12,True,marketplace
3030050193473,Tondeuse Barbe Babyliss S992e,BABYLISS,Beauté et Santé,100.54,,True,marketplace
3030050193480,Tondeuse A Barbe Sans Fil - T992e Super-x Metal - Autonomie 5 H - Edition Gold & Navy,BABYLISS,Beauté et Santé,65.98,,True,marketplace
3030050195507,Tondeuse A Barbe Et Rasoir - X-blade Super-x Metal - Sans Fil - Autonomie 45 Min - 4 Sabots - Edition Or & Bleu Marine,BABYLISS,Beauté et Santé,88.99,60.21,True,marketplace
3030050197242,Seche-cheveux - D580de - Cosmos - 2100 W - Diffuseur - Léger Et Compact,BABYLISS,Beauté et Santé,41.03,,True,marketplace
3030050197273,Sèche-cheveux 3 en 1 AS6555E BABYLISS,BABYLISS,Beauté et Santé,169.99,128.03,True,marketplace
3030050197303,Lisseur Babyliss St260e Cosmos Céramique Gris Plaques Flottantes 3 Températures 180-200-235°c Format Compact,BABYLISS,Beauté et Santé,40.94,,True,marketplace
3030050197334,Lisseur A ajustement automatique de la température ST490E BABYLISS,BABYLISS,Beauté et Santé,129.9,109.46,True,marketplace
3030050197556,"Brosse Soufflante Iontec Braun As2.26 Noir 1,95 M",BRAUN,Beauté et Santé,64.99,49.09,True,marketplace
3030050197617,Sèche-cheveux Braun Hd2.15 2100 W Noir Avec Diffuseur Et Concentrateur,BRAUN,Beauté et Santé,44.99,42.27,True,marketplace
3030050197648,Sèche-cheveux Braun Brhd410e Plastique Noir 2200 W,BRAUN,Beauté et Santé,69.99,59.21,True,marketplace
3030050199598,Brosse Soufflante Chauffante 4 En 1 Babyliss As6557e Air Wand Edition Limitee Bleu,BABYLISS,Beauté et Santé,126.82,,True,marketplace
3030050200430,Rasoir Électrique Babyliss Fs996de Super X Lame Doubles Gris,BABYLISS,Beauté et Santé,93.81,,True,marketplace
3030050204018,Tondeuse Sans Fil Babyliss Black Lithium 11 En 1 Noir Visage Et Corps,BABYLISS,Beauté et Santé,77.31,,True,marketplace
3030050204025,Tondeuse Cheveux Homme Babyliss Black Lithium Sans Fil 45 Mm Noir E814e,BABYLISS,Beauté et Santé,67.69,,True,marketplace
3030050207538,Tondeuse Multifonctions Babyliss P1364e Graphite Sans Fil Waterproof 12 En 1,BABYLISS,Beauté et Santé,61.89,,True,marketplace
3030050207545,Tondeuse Multi-usage Babyliss Lithium Power 11 En 1 Waterproof Noir Gris,BABYLISS,Beauté et Santé,55.96,,True,marketplace
3030050207552,Tondeuse Cheveux Babyliss Men P1362e Lames Acier Japonais Led Noir Bleu,BABYLISS,Beauté et Santé,81.68,,True,marketplace
3030050207569,Tondeuse Cheveux Babyliss Graphite Precision P1361e Lames Graphite 26 Hauteurs 160 Min Sans Fil,BABYLISS,Beauté et Santé,75.69,,True,marketplace
3030050207576,"Tondeuse Cheveux Sans Fil Babyliss P1360e Lames Carbone Titane Gris 0,6-28 Mm 45 Réglages",BABYLISS,Beauté et Santé,69.7,,True,marketplace
3030050207583,Tondeuse Cheveux Sans Fil Babyliss P1359e Lithium Noire Lames Acier Inox Largeur 45 Mm 8 Sabots,BABYLISS,Beauté et Santé,57.72,,True,marketplace
3030050207590,Tondeuse À Barbe Babyliss Lithium Power P1358e Acier Inox Étanche Sans Fil 80 Min 14 Longueurs,BABYLISS,Beauté et Santé,45.97,,True,marketplace
3031449572015,Sèche Cheveux Camille Albane Seche Cheveux De Voyage Compact 1600,CAMILLE ALBANE,Beauté et Santé,14.36,,True,marketplace
3031449572022,Lisseur Camille Albane Lisseur Boucleur Pro Ceramic,CAMILLE ALBANE,Beauté et Santé,25.74,,True,marketplace
3031449572039,Sèche Cheveux Camille Albane Pro Ionique 2200 W Noir,CAMILLE ALBANE,Beauté et Santé,33,,True,marketplace
3031449624011,Sèche Cheveux Dessange Sc Digital Pro Power Noir Or,JACQUES DESSANGE,Beauté et Santé,119.99,109.54,True,marketplace
3031449625209,Fer À Lisser Vapeur Dessange Ultime Precision Pro Noir Or,JACQUES DESSANGE,Beauté et Santé,59.99,56.98,True,marketplace
3048097980178,Brosse Babyliss Bs798017 Chx Boucles,BABYLISS,Beauté et Santé,14.36,,True,marketplace
3094570136327,Pese Personne Terraillon 15142,TERRAILLON,Beauté et Santé,55.67,,True,marketplace
3094570141192,Pèse personne électronique Window - BEA74011BS - Blanc/Bleu TERRAILLON,TERRAILLON,Beauté et Santé,30.53,,True,marketplace
3094570142458,Pese Personne Terraillon Popcolorcoach,TERRAILLON,Beauté et Santé,46.4,,True,marketplace
3094570147545,Impédancemètre  Bluetooth Smart Connect TERRAILLON,TERRAILLON,Beauté et Santé,25.09,,True,marketplace
3094570151757,Pese Personne Terraillon 15244,TERRAILLON,Beauté et Santé,44.26,,True,marketplace
3094570152402,Pese-personne Impedancemetre 15140 Bambou 10memoires 180kg 100gr Terraillon - Bamboofit,TERRAILLON,Beauté et Santé,39.99,32.57,True,marketplace
3094570152808,Pese-personne Impedancemetre 15280 160kg/100g Plateau Verre 12 Mem Lcd Terraillon - Powerfit,TERRAILLON,Beauté et Santé,39.25,,True,marketplace
3094570154031,Pèse Personne Terraillon X Line Connect Blanc,TERRAILLON,Beauté et Santé,50.67,,True,marketplace
3094570154260,Pese-personne Mecanique 15426 Plateau Metallique Grand Cadran 180kg 1kg Terraillon - Tneo,TERRAILLON,Beauté et Santé,42.6,,True,marketplace
3094570155182,Pese-personne 15518 Sans Pile Energie Solaire Plateau Verre Lcd Terraillon - Sunpowerfit,TERRAILLON,Beauté et Santé,40.91,,True,marketplace
3094570155649,Pese-personne 15564 Bundle Impédancemètre Connecté Et Corde A Sauter Gr Terraillon - Gymfitconnect,TERRAILLON,Beauté et Santé,37.02,,True,marketplace
3094570156424,Ceinture massante par électrostimulation Slim Care Gris TERRAILLON,TERRAILLON,Beauté et Santé,79.99,74.09,True,marketplace
3121040049716,Épilateur Électrique Calor Ep 5660 C 0,CALOR,Beauté et Santé,54,,True,marketplace
3121040059548,Rowenta Signature Pro Beauty Ac 2200w Sèche-cheveux Noir,ROWENTA,Beauté et Santé,38.99,36.32,True,marketplace
3121040059586,Rowenta Sf7510f0 Rowenta Sf7510f0 Lisseur Brush+straight - Controle De,ROWENTA,Beauté et Santé,99.5,49.45,True,marketplace
3121040060131,"Rowenta Sf7460 Brosse Soufflante Et Fer À Lisser À Chaleur Rose, Blanc 1,8 M",ROWENTA,Beauté et Santé,67.96,,True,marketplace
3121040062753,"Rowenta Brush Activ Volume & Shine Cf9530 Brosse Soufflante À Air Chaud À Chaleur Violet, Blanc 1000 W 1,8 M",ROWENTA,Beauté et Santé,69.99,59.3,True,marketplace
3121040063088,Epilateur Et Ladyshave Calor Ep 1028 C 0,CALOR,Beauté et Santé,28.38,,True,marketplace
3121040067550,"Rowenta Tn1603f0 Tondeuse À Cheveux Noir, Argent 20",ROWENTA,Beauté et Santé,21.99,20.85,True,marketplace
3121040071861,Fer À Lisser Rowenta Ultimate Experience Sf8210f0 Céramique,ROWENTA,Beauté et Santé,77.76,,True,marketplace
3121040072998,"Rowenta Ultimate Experience Cf9620 Brosse Soufflante À Air Chaud À Chaleur Noir, Cuivre 750 W",ROWENTA,Beauté et Santé,99.99,92.43,True,marketplace
3121040073476,Tondeuse à barbe - Noir et Argent ROWENTA,ROWENTA,Beauté et Santé,38.66,,True,marketplace
3121040077955,Tondeuse À Barbe Rechargeable Rowenta Tn8908f0,ROWENTA,Beauté et Santé,34.9,29.66,True,marketplace
3121040078044,Rowenta Hair Dryer Studio Dry White Rose Gold (cv5830f0),ROWENTA,Beauté et Santé,32.99,30.63,True,marketplace
3121040078112,Rowenta Powerline Cv5930 Sèche-cheveux 2400 W Blanc,ROWENTA,Beauté et Santé,31.24,,True,marketplace
3121040078853,Rowenta Sf3210f0 Lisseur Optiliss - Lissage Parfait - Cheveux Doux Et,ROWENTA,Beauté et Santé,27.67,,True,marketplace
3121040079195,"Rowenta Trim & Style Tn9140 Noir, Argent",ROWENTA,Beauté et Santé,59.99,51.34,True,marketplace
3121040081860,"Fer A Lisser Boucler Gaufrer Les Cheveux, Revetement Céramique, 14 Accessoires",ROWENTA,Beauté et Santé,62.99,59.69,True,marketplace
3121040082133,Rowenta Tn3651f0 Tondeuse Mini Grooming Kit,ROWENTA,Beauté et Santé,23.71,,True,marketplace
3121040082188,Tondeuse Rowenta Tn3011f0,ROWENTA,Beauté et Santé,26.04,,True,marketplace
3121040082614,Rowenta Tn9461f4 Tondeuse Selectium - Xpert,ROWENTA,Beauté et Santé,94.99,51.66,True,marketplace
3121040082850,"Rowenta Premiss Bilancia Pesapersone Digitale, Ampio Display, Portata 150 Kg",ROWENTA,Beauté et Santé,25,22.84,True,marketplace
3121040082867,"Rowenta Ultimate Experience Cv9920f3 Sèche-cheveux 2000 W Noir, Cuivre",ROWENTA,Beauté et Santé,169.99,139.36,True,marketplace
3121040083574,Rowenta Cv6130f0 Seche Cheveux Volumizer,ROWENTA,Beauté et Santé,52.99,34.28,True,marketplace
3121040083901,Lisseur Professionnel Rowenta Inimitable Ultimate Experience Sf8230f0 Noir Et Cuivre,ROWENTA,Beauté et Santé,149.99,77.11,True,marketplace
3121040084632,"Rowenta Cf2119f0 Fer A Boucler 16 Mm, Revetement Ceramique, Embout Iso",ROWENTA,Beauté et Santé,24.69,,True,marketplace
3121040084922,"Rowenta X Karl Lagerfeld Sf321l Fer À Lisser À Chaleur Noir, Rouge",ROWENTA,Beauté et Santé,34.33,,True,marketplace
3121040084991,"Rowenta Infinite Looks Cf422l Fer À Boucler À Chaleur Noir, Rose 48 W",ROWENTA,Beauté et Santé,38.53,,True,marketplace
3121040085042,"Rowenta X Karl Lagerfeld Cf321l Fer À Friser À Chaleur Noir, Rouge 47 W 1,8 M",ROWENTA,Beauté et Santé,31.75,,True,marketplace
3121040085066,Rowenta X Karl Lagerfeld Cv581l Sèche-cheveux 2300 W Noir,ROWENTA,Beauté et Santé,34.99,28.74,True,marketplace
3121040085073,Rowenta Powerline Cv591l Sèche-cheveux 2300 W Noir,ROWENTA,Beauté et Santé,50.99,30.16,True,marketplace
3121040085226,"Rowenta X Karl Largerfeld Sf411l Fer À Lisser À Chaleur Noir 1,8 M",ROWENTA,Beauté et Santé,49.99,43.89,True,marketplace
3121040085264,"Rowenta K/pro Stylist Cf961l Brosse Soufflante À Air Chaud Vapeur Noir, Rouge 750 W 1,8 M",ROWENTA,Beauté et Santé,87.44,,True,marketplace
3121040085295,Boucleur Rowenta Karl Lagerfeld Curls Forever Cf311l Noir/rouge,ROWENTA,Beauté et Santé,44.94,,True,marketplace
3121040085325,Rowenta K/pro Stylist Cv887l Sèche-cheveux 2200 W Noir,ROWENTA,Beauté et Santé,51.99,43.21,True,marketplace
3121040085332,"Rowenta K/pro Stylist Cv888l Sèche-cheveux 2200 W Noir, Chrome",ROWENTA,Beauté et Santé,71.99,65.22,True,marketplace
3121040085417,Sèche-cheveux Calor Cv5803c0,CALOR,Beauté et Santé,25.6,,True,marketplace
3121040085431,Lisseur Calor Sf161lc0,CALOR,Beauté et Santé,22.58,,True,marketplace
3121040085455,Lisseur Calor X Karl Largerfeld Sf323lc0,CALOR,Beauté et Santé,33,,True,marketplace
3121040085554,"Rowenta Pro Expert Cv8820 Sèche-cheveux 2100 W Noir, Métallique",ROWENTA,Beauté et Santé,47.99,42.38,True,marketplace
3121040085806,Rowenta X Karl Lagerfeld Sf466lf0 Brosse Soufflante Et Fer À Lisser À Chaleur Noir,ROWENTA,Beauté et Santé,70.99,58,True,marketplace
3121040085844,"Rowenta Sf4650f0 Brosse Soufflante Et Fer À Lisser À Chaleur Noir, Blanc",ROWENTA,Beauté et Santé,59.99,42.2,True,marketplace
3121040085912,Sèche-cheveux PRO EXPERT CV8840C0 CALOR,CALOR,Beauté et Santé,49.99,45.16,True,marketplace
3121040087398,"Lisseur A Cheveux Rowenta Easyliss Pure Collection Sf1628f0, Blanc Et Noir",ROWENTA,Beauté et Santé,30,19.89,True,marketplace
3121040087633,Rowenta Hair Dryer Black Schwarz (cv1801f0),ROWENTA,Beauté et Santé,37.99,24.63,True,marketplace
3121040088111,Sèche-cheveux Rowenta Cv1831,ROWENTA,Beauté et Santé,22.13,,True,marketplace
3121040089385,Sèche-cheveux CV5709F0 ROWENTA,ROWENTA,Beauté et Santé,33.49,31.79,True,marketplace
3121040089446,"Rowenta Brush Activ Brosse Soufflante À Air Chaud À Chaleur Noir, Violet 1000 W 1,8 M",ROWENTA,Beauté et Santé,80.99,66.81,True,marketplace
3121040091685,"Rowenta Cf9840f0 Brosse Soufflante Et Fer À Lisser Brosse Soufflante À Air Chaud À Chaleur Noir, Cuivre",ROWENTA,Beauté et Santé,96.01,,True,marketplace
3121040092330,Brosse Rotative Rowenta Ub9520f0 1000w Noire,ROWENTA,Beauté et Santé,62.99,58.26,True,marketplace
3121040092514,Lisseur Rowenta Ub9540f0 Noir,ROWENTA,Beauté et Santé,79.39,,True,marketplace
3121040092590,Rowenta Hy8310 Sèche-cheveux 1700 W Noir,ROWENTA,Beauté et Santé,86.97,,True,marketplace
3121040092804,Sèche Cheveux Babyliss Hy8310c0 Nano 1700w Noir Or Rose,CALOR,Beauté et Santé,92.38,,True,marketplace
3121040092880,"Rowenta Tn8934 Tagliacapelli Nero, Bianco 7 Nichel-metallo Idruro (nimh)",ROWENTA,Beauté et Santé,34.57,,True,marketplace
3121040092910,Tondeuse Multifonctions Rowenta Tn5224e0 Gris,ROWENTA,Beauté et Santé,54.99,52.85,True,marketplace
3121040093221,Sèche Cheveux Calor Ultra Silence Noir Et Or 760 G,CALOR,Beauté et Santé,59.99,52.61,True,marketplace
3121040093320,Sèche Cheveux Calor Maestria Ultra Silence Cv9920c3 Noir,CALOR,Beauté et Santé,148.13,,True,marketplace
3121040093337,"Brosse Chauffante Vapeur Réparatrice Calor Kératine Noir Et Or Rose 31,6 X 7,2 X 5,4 Cm",CALOR,Beauté et Santé,201.3,,True,marketplace
3121040093849,Sèche Cheveux Calor Booster Ionique Studio Dry Glow Cv5831c0,CALOR,Beauté et Santé,29.99,22.38,True,marketplace
3121040093870,Tondeuse Rowenta Tn1551,ROWENTA,Beauté et Santé,75.37,,True,marketplace
3121040093887,Tondeuse Rowenta Tn1851,ROWENTA,Beauté et Santé,73.99,67.03,True,marketplace
3121040094365,Lisseur À Cheveux Rowenta Sf5120,ROWENTA,Beauté et Santé,57.99,42.77,True,marketplace
3121040094389,Fer À Friser Rowenta Sf7120 2en1,ROWENTA,Beauté et Santé,55.46,,True,marketplace
3121040094662,Sèche-cheveux 2400w Blanc Calor Cv6135c0,CALOR,Beauté et Santé,44.77,,True,marketplace
3168430260290,Balance impédancemètre Body Partner - YD3090S1 - Noir TEFAL,TEFAL,Beauté et Santé,67.29,,True,marketplace
3256390157931,Pèse Personne Ogo 7920016,OGO,Beauté et Santé,25.04,24.99,True,marketplace
3501170929001,Dymo M 5 Pèse-lettre 5 Kg,DYMO,Beauté et Santé,67.48,,True,marketplace
3501170929018,Dymo M 10 Pèse-lettre 10 Kg,DYMO,Beauté et Santé,92.37,,True,marketplace
3523930091575,Epilateur Livoo Dos167p,LIVOO,Beauté et Santé,29.99,26.41,True,marketplace
3523930097126,Livoo Coffret Cadeau Sèche-cheveux Et Fer À Lisser Noir,LIVOO,Beauté et Santé,53.95,43.16,True,marketplace
3523930098017,Seche-cheveux Ionique - Dos173 - 1600 W - 3 Températures - Pliable - Concentrateur D'air - Noir / Rose,LIVOO,Beauté et Santé,23.79,,True,marketplace
3523930098079,Electronique Livoo - Dom427w,LIVOO,Beauté et Santé,21.55,19.4,True,marketplace
3523930099304,Seche-cheveux De Voyage  Dos175 - 2 Vitesses - Bi-voltage 120/230 Volts - Poignée Ergonomique Pliable,LIVOO,Beauté et Santé,24.9,21.42,True,marketplace
3523930102134,Masseur Anti-cellulite Livoo Dos192,LIVOO,Beauté et Santé,79.99,58.11,True,marketplace
3523930103643,Pese-personne Impédancemetre Dynamo - Livoo - Dom465w - Sans Pile - 6 Indicateurs - Max 150 Kg - 4 Profils - Lcd - Blanc,LIVOO,Beauté et Santé,30.24,,True,marketplace
3523930103667,Fer À Boucler Automatique Sans Fil,LIVOO,Beauté et Santé,59.35,53.42,True,marketplace
3523930103735,Tondeuse Livoo Dos196,LIVOO,Beauté et Santé,49.99,34.44,True,marketplace
3523930103742,Lisseur Électrique Avec Plaques En Céramique Ultraslim,LIVOO,Beauté et Santé,18.99,,True,marketplace
3523930103759,Epilateur À Cire Chaude 100w Blanc Livoo Dos198,LIVOO,Beauté et Santé,29.99,26.09,True,marketplace
3523930104831,Pistolet De Massage Livoo Dos200,LIVOO,Beauté et Santé,27.51,,True,marketplace
3523930105807,"Pèse-personne Mécanique Rétro Livoo Dom490 Blanc Plateforme Métal 136 Kg Graduation 1 Kg 34,5 X 31 X 7,5 Cm",LIVOO,Beauté et Santé,30.74,,True,marketplace
3523930105814,Pèse-personne Mécanique Livoo,LIVOO,Beauté et Santé,21.9,21.15,True,marketplace
3523930106934,Coussin De Massage Chauffant Livoo Dos203,LIVOO,Beauté et Santé,28.94,,True,marketplace
3523930110023,Sèche-cheveux De Voyage 1200wv Livoo Dos208,LIVOO,Beauté et Santé,18.5,,True,marketplace
3523930110030,Sèche-cheveux Ionique 2200w Livoo Dos209,LIVOO,Beauté et Santé,29.3,,True,marketplace
3523930110054,Brosse Soufflante 1200w Violet Livoo Dos211,LIVOO,Beauté et Santé,30.22,,True,marketplace
3523930110146,Set Lisseur Et Fer À Boucler 200°c Violet Livoo Dos215,LIVOO,Beauté et Santé,29.9,21.99,True,marketplace
3523930110542,Mini Pese-personne Électronique - Livoo - Dom532c - Max 180 Kg - Lcd - Verre Trempé - Marche Arret Automatique - Creme,LIVOO,Beauté et Santé,21.52,,True,marketplace
3523930110597,On1002w Pèse-personne Impédancemètre Connecté,LIVOO,Beauté et Santé,21.55,16.16,True,marketplace
3523930110634,Balance Impédancemètre Connectée Livoo Dom528w Blanc Plateau Verre 28 X 28 Cm 180 Kg 17 Indicateurs 8 Profils,LIVOO,Beauté et Santé,26.24,,True,marketplace
3523930110641,Livoo Dom529pn,LIVOO,Beauté et Santé,13.59,,True,marketplace
3523930110719,Pèse-personne Électronique 180kg Livoo Dom532n,LIVOO,Beauté et Santé,22.46,,True,marketplace
3523930111358,Masseur Multifonction 5en1 30w Livoo Dos222c,LIVOO,Beauté et Santé,29.9,28.63,True,marketplace
3523930111365,Masseur Multifonction Xxl 6 En 1 24w Livoo Dos223c,LIVOO,Beauté et Santé,42.42,,True,marketplace
3523930112980,Lisseur Céramique 200°c Violet Livoo Dos226p,LIVOO,Beauté et Santé,64.9,61.41,True,marketplace
3560231556808,"Masseur Pour Le Corps ""bambou"" 12cm Naturel",FIVE,Beauté et Santé,11.99,,True,marketplace
3560231563400,Pèse Personne Impédancemètre Connecté - 5five,FIVE,Beauté et Santé,32.99,23.99,True,marketplace
3560232672712,Balance Pèse Personne Impédancemètre Bambou - 5 Five Simply Smart,5FIVE,Beauté et Santé,27.99,,True,marketplace
3560233018281,Pèse-personne En Verre 28x28cm - 5 Five Simply Smart,5FIVE,Beauté et Santé,20.99,,True,marketplace
3560233550712,Pèse-personne Antidérapant En Verre Noir 30x30cm - 5 Five Simply Smart,5FIVE,Beauté et Santé,21.99,16.99,True,marketplace
3560233827883,Balance Pèse-personne Bambou - 5 Five Simply Smart,5FIVE,Beauté et Santé,22.99,,True,marketplace
3560237554747,"Coffret Massage 3 Pièces ""bois"" 25cm Naturel",PARIS PRIX,Beauté et Santé,16.99,12.99,True,marketplace
3560239704898,"Pèse-personne Digital ""impédancemètre"" 31cm Noir",FIVE,Beauté et Santé,26.99,19.99,True,marketplace
3561860160671,Seche Ongle Uv Cosmetic Club Sc16067,COSMETIC CLUB,Beauté et Santé,24.9,18.9,True,marketplace
3561860160725,Seche Ongle De Pieds Cosmetic Club Sc16072,COSMETIC CLUB,Beauté et Santé,19.9,13.9,True,marketplace
3561860161098,Masseur Électrique Cosmetic Club Sc16109,COSMETIC CLUB,Beauté et Santé,16.9,12.9,True,marketplace
3561860289457,"Tondeuse Coupe Poils ""nez & Oreilles"" 13cm Noir",PARIS PRIX,Beauté et Santé,8.99,6.99,True,marketplace
3561860289709,Masseur Corps  Cosmetic Club Sc28970,COSMETIC CLUB,Beauté et Santé,15.9,11.9,True,marketplace
3561860839324,Oreiller - Sensly - Mémoire De Forme - Housse Lavable - Gris,SENSLY,Beauté et Santé,24.99,,True,marketplace
3607492036608,Wellbox Appareil Anti-âge & Minceur - 6 Niveaux - 5 Tetes - Blanc,,Beauté et Santé,1188,,True,marketplace
3615612168726,Tondeuse Électrique Unisexe Rasoir Rotation 360 Degrés Nez Haute Vitesse Noir Yonis,YONIS,Beauté et Santé,18.99,13.99,True,marketplace
3615612169013,Fer À Lisser Cheveux Redresseur Attelle Électrique Jet Vapeur Bouteille Noir Yonis,YONIS,Beauté et Santé,78.99,74.99,True,marketplace
3615612169099,Rasoir Électrique Tondeuse Rechargeable 4 En 1 Cheveux Visage Sourcils Or Noir Yonis,YONIS,Beauté et Santé,30.99,28.99,True,marketplace
3615612170071,Fer À Boucler Cheveux Boucleur Conique Céramique Gant Chaleur Led Or Rose Yonis,YONIS,Beauté et Santé,52.99,49.99,True,marketplace
3615612606808,Épilateur Laser Électrique Homme Femme Indolore Indice Chaleur Yonis,YONIS,Beauté et Santé,154.99,146.99,True,marketplace
3662734884140,Lames De Rasoir Braun 424 Micron Vario Service Pack,BRAUN,Beauté et Santé,36.99,29.62,True,marketplace
3662738027505,Yoghi – Masseur De Pieds Shiatsu – Noir - 18 Têtes – Chauffage Infrarouge – Surface Lavable – 32w YOGHI,YOGHI,Beauté et Santé,99.99,39.99,True,marketplace
3663738177467,Balance Pèse-personne Digital Elégant Noir Avec Ecran Lcd - Danna,ALTOBUY,Beauté et Santé,19.99,17.99,True,marketplace
3663738177658,Kit De Pédicure Electrique Sans Fil + 1 Tête De Rechange - Footcare,ALTOBUY,Beauté et Santé,12.99,11.99,True,marketplace
3663738177702,Kit Tondeuse De Précision Sans Fil Pour Barbe Et Cheveux 6 Accessoires - Starky,ALTOBUY,Beauté et Santé,32.99,28.99,True,marketplace
3663738182614,Lampe Uv Pour Manucure Ongle Gel,ALTOBUY,Beauté et Santé,9.99,8.99,True,marketplace
3663738182713,Tondeuse Précision Spéciale Nez Et Oreilles Avec Tête Rotative,ALTOBUY,Beauté et Santé,9.99,8.99,True,marketplace
3664944183426,Pèse Personne Digital - Sensly - Verre - Écran Lcd - Noir,SENSLY,Beauté et Santé,19.99,,True,marketplace
3664944286561,Ceinture Chauffante Massante - Sensly - Noir,SENSLY,Beauté et Santé,40.99,,True,marketplace
3664944325895,Tondeuse De Précision - Cosmetic Club - Rasage À Sec Ou Humide - Or,COSMETIC CLUB,Beauté et Santé,29.99,,True,marketplace
3664996076707,Tondeuse Pour Narines Et Oreilles Mr Afro Soins Homme,TOTALCADEAU,Beauté et Santé,42.9,32.9,True,marketplace
3664996338614,Canard Sèche-ongles Soufflant,TOTALCADEAU,Beauté et Santé,34.3,24.3,True,marketplace
3665315011843,Roller Massage Visage 3d PALOMA BEAUTIES,PALOMA BEAUTIES,Beauté et Santé,45.12,42.97,True,marketplace
3665315011973,Gua Sha Paloma Beauties PALOMA BEAUTIES,PALOMA BEAUTIES,Beauté et Santé,45.56,43.39,True,marketplace
3665315012031,Detartreur Dentaire,PALOMA BEAUTIES,Beauté et Santé,44.47,42.35,True,marketplace
3665315012093,Brosse Nettoyante 5en1,PALOMA BEAUTIES,Beauté et Santé,31.38,29.89,True,marketplace
3665315012314,Soin Anti Vieillissement Chaud & Froid,PALOMA BEAUTIES,Beauté et Santé,119.46,113.77,True,marketplace
3665315012321,Masque Led Visage Luminotherapie 7 Couleurs,PALOMA BEAUTIES,Beauté et Santé,115.71,110.2,True,marketplace
3665315012345,Appareil Lifting Visage En V,PALOMA BEAUTIES,Beauté et Santé,79.37,75.59,True,marketplace
3665315012376,Radiofrequence Facial,PALOMA BEAUTIES,Beauté et Santé,56.79,54.09,True,marketplace
3665315012413,3 En 1 Bruleur De Graisses Et Anti Cellulite,PALOMA BEAUTIES,Beauté et Santé,149.99,66.27,True,marketplace
3665315012420,Soin 5en1 Visage&corps,PALOMA BEAUTIES,Beauté et Santé,89.75,85.48,True,marketplace
3665315012437,Epurateur De Peau,PALOMA BEAUTIES,Beauté et Santé,69.87,66.54,True,marketplace
3665315012772,Mini Epilateur Visage Et Sourcils,PALOMA BEAUTIES,Beauté et Santé,43.61,41.53,True,marketplace
3665315012826,Kit Extraction Comedons PALOMA BEAUTIES,PALOMA BEAUTIES,Beauté et Santé,19.04,,True,marketplace
3665315012871,Levres Pulpeuses PALOMA BEAUTIES,PALOMA BEAUTIES,Beauté et Santé,57.45,54.71,True,marketplace
3665315013953,Gua Sha En Jade Paloma Beauties PALOMA BEAUTIES,PALOMA BEAUTIES,Beauté et Santé,30.62,,True,marketplace
3665315013960,Gua Sha En Jade Paloma Beauties PALOMA BEAUTIES,PALOMA BEAUTIES,Beauté et Santé,21.6,,True,marketplace
3665315014417,Masque Luminothérapie Led Gold,PALOMA BEAUTIES,Beauté et Santé,75.41,71.82,True,marketplace
3665315014738,Brosse Nettoyante Visage Paloma Beauties Higiene Y Bienestar,PALOMA BEAUTIES,Beauté et Santé,35.35,33.67,True,marketplace
3665315031742,Jet Dentaire Paloma Beauties,PALOMA BEAUTIES,Beauté et Santé,49.15,46.81,True,marketplace
3665315033494,Masque Lifting Visage Collagene PALOMA BEAUTIES,PALOMA BEAUTIES,Beauté et Santé,19.04,,True,marketplace
3665315036679,Masseur Oculaire À Pression Chaude Et Froide,PALOMA BEAUTIES,Beauté et Santé,96.33,91.74,True,marketplace
3665315036822,Brosse Nettoyante Visage Paloma Beauties Equipos De Alta Tecnología,PALOMA BEAUTIES,Beauté et Santé,85.49,81.42,True,marketplace
3665315036846,Brosse De Nettoyage Du Visage A+ Par Paloma Beauties - Dispositif De Beauté High-tech,PALOMA BEAUTIES,Beauté et Santé,155.9,148.48,True,marketplace
3665476539712,Incasa Fer A Lisser De Voyage 12 Volts Prise Allume Cigare Camping-car Bateau,INCASA,Beauté et Santé,30.6,29.07,True,marketplace
3665476539743,Incasa Sèche Cheveux 12 Volts Manche Repliable Camping-car Bateau,INCASA,Beauté et Santé,36.71,34.87,True,marketplace
3665476539828,Incasa Pack Sèche Cheveux 12 Volts Manche Repliable + Fer A Lisser De Voyage 12 Volts,INCASA,Beauté et Santé,59.4,56.43,True,marketplace
3665476565049,Pack Nedis Pèse-personne Intelligent Smartlife + Mesureur De Pression Arterielle Bras,NEDIS,Beauté et Santé,62.7,59.57,True,marketplace
3665831109130,Steampod 4 - Lisseur Boucleur Vapeur Professionnel - 3 Températures - Outil + Soin Lissant Concentré,L'ORÉAL PROFESSIONNEL,Beauté et Santé,415.79,,True,marketplace
3665831109178,Pack Steampod 3 - L'oréal Professionnel - Lisseur Vapeur Professionnel + Soin Lissant 3-en-1,L'ORÃ‰AL PROFESSIONNEL,Beauté et Santé,260.27,,True,marketplace
3665831152211,Pack Steampod 3 - L'oréal Professionnel - Lisseur Vapeur Professionnel + Huile Bi-phase Absolut Repair Molecular,L'ORÃ‰AL PROFESSIONNEL,Beauté et Santé,254.59,,True,marketplace
3666085200079,Seche-cheveux - Demeliss Salon Series 2200w - Moteur Professionnel Ac - Tourmaline Ionique - Concentrateur & Diffuseur,SAINT ALGUE,Beauté et Santé,42.09,,True,marketplace
3666085200383,Fer A Boucler Demeliss Curl Power - Boucleur Pliant A 180° - 10 Températures - Écran Digital,SAINT ALGUE,Beauté et Santé,42.79,,True,marketplace
3666085200390,Lisseur vapeur Titanium V2 Elixir Ritual SAINT ALGUE,SAINT ALGUE,Beauté et Santé,94.55,,True,marketplace
3666085200499,Coffret Premium - Demeliss Gold Love - Lisseur 2 En 1 Lisse & Boucle - 2 Soins Protecteur & Sublimateur Inclus,SAINT ALGUE,Beauté et Santé,41.36,,True,marketplace
3666085200581,Coffret Lisseur Vapeur + Tapis Trousse 2-en-1 - Demeliss Exclusive Set Tita V2 - Titanium - Gold,SAINT ALGUE,Beauté et Santé,90.9,,True,marketplace
3666085200598,Lisseur Vapeur - Coffret Demeliss Titanium Smooth Ritual - Brosse Démelante - Or,SAINT ALGUE,Beauté et Santé,78.99,,True,marketplace
3666085200611,Lisseur - Demeliss Kera Gold - Plaques Fines 25 Mm,SAINT ALGUE,Beauté et Santé,30.66,,True,marketplace
3666085202042,Sèche-cheveux Jean Louis David Infraprotect 2200 W Technologie Infrarouge Gris Noir,JEAN LOUIS DAVID,Beauté et Santé,51.2,,True,marketplace
3666085202066,Sèche-cheveux Voyage Jean Louis David Jld Sc 1600 W Gris Noir Manche Pliable Bi-voltage 2 Vitesses,JEAN LOUIS DAVID,Beauté et Santé,27.06,,True,marketplace
3666085202073,"Seche-cheveux - Moteur Nouvelle Génération Bldc - Accessoires Magnétiques - Lissage, Brushing & Boucles Rebondies",JEAN LOUIS DAVID,Beauté et Santé,67.68,,True,marketplace
3666085202097,Rasoir Cheveux - Jean Louis David - Entretien Coupes Courtes & Uniformes - Batterie Lithium-ion - Grande Autonomie,JEAN LOUIS DAVID,Beauté et Santé,54.9,,True,marketplace
3666085202103,Tondeuse cheveux 6 en 1 JEAN LOUIS DAVID,JEAN LOUIS DAVID,Beauté et Santé,53.69,,True,marketplace
3666085213260,Brosse Soufflante - Demeliss - Airlove Styler - Moteur Bldc - 3 Vitesses - Fonction Ionique - Silenc,DEMELISS,Beauté et Santé,126.91,,True,marketplace
3666085213482,Seche-cheveux - Demeliss Ultra Series - Diffuseur - 3 Températures - 2200 W - Noir,SAINT ALGUE,Beauté et Santé,31.65,,True,marketplace
3666085213499,Seche-cheveux - Demeliss - 21349 Curls Definer - Diffuseur - 3 Vitesses / Températures - Noir,SAINT ALGUE,Beauté et Santé,51.77,,True,marketplace
3666085213505,Brosse Chauffante Et Lissante - Demeliss - 21350 Liss&go - 6 Températures - Jusqu'a 230° C,SAINT ALGUE,Beauté et Santé,37.36,,True,marketplace
3666085213529,Brosse Soufflante Jean Louis David Aerotwist 4 En 1 Gris 5 Têtes Interchangeables,JEAN LOUIS DAVID,Beauté et Santé,115.01,,True,marketplace
3666085213703,Coffret Set Lisseur + Seche-cheveux - 2200 W - Cherry Chérie,DEMELISS,Beauté et Santé,39.09,,True,marketplace
3666085213710,Lisseur Titanium - 5 Températures - 40 Ml - Max 230° - Cherry Chérie,DEMELISS,Beauté et Santé,78.96,,True,marketplace
3666085213765,Seche-cheveux - Ultimate Dryer Set - Diffuseur Magnétique - 1600 W - Cherry Chérie,DEMELISS,Beauté et Santé,56.87,,True,marketplace
3666085213772,Tondeuse Multi-usages - Kit Grooming 4-en-1 - 3 Tetes - Ecran Digital - Noir,JEAN LOUIS DAVID,Beauté et Santé,43.77,,True,marketplace
3666085217770,"Tondeuse Multi-usages Jean Louis David Infinite Styler Bleu Nuit 4-en-1 0,2 À 7 Mm",JEAN LOUIS DAVID,Beauté et Santé,43.93,,True,marketplace
3666085217800,Sèche-cheveux Jean Louis David Power Dry Gris 2400 W Dc 3 Chaleur 2 Vitesses,JEAN LOUIS DAVID,Beauté et Santé,42.86,,True,marketplace
3666085218227,Lisseur Vapeur Jean Louis David Vapor Styler Noir Plaques Ceramique Tourmaline 6 Températures 150-235°c Réservoir 10 Ml,JEAN LOUIS DAVID,Beauté et Santé,59,,True,marketplace
3666749268506,"Cecotec Pèse-personne Surface Precision 9750 Smart Healthy, Fonction De Bio-impédance, Connectivité Via Bluetooth Et Sur",CECOTEC,Beauté et Santé,23.9,21.26,True,marketplace
3666749268933,"Cecotec Pèse-personne Surface Precision 9750 Smart Healthy, Fonction De Bio-impédance, Connectivité Via Bluetooth Et Sur",CECOTEC,Beauté et Santé,22.9,21.26,True,marketplace
3666749278994,Remington Sèche-cheveux Pro-air Ac Ac5999 2300 W,REMINGTON,Beauté et Santé,27.07,,True,marketplace
3666749304037,Balance Numérique De Salle De Bain Edm Body Composition,EDM,Beauté et Santé,23.12,21.02,True,marketplace
3700206705798,Tondeuse pour Homme Lames Rotatives Sécurisées Acier Inoxydable FRANCK PROVOST,FRANCK PROVOST,Beauté et Santé,13.15,,True,carrefour
3700206705811,Tondeuse Corps Sans Fil Franck Provost Barb’xpert Guides 2 Et 4 Mm Noir/gris,FRANCK PROVOST,Beauté et Santé,19.18,,True,marketplace
3700206739274,Lisseur Vapeur - Coffret Premium Demeliss Titanium Love - Coloris Exclusif + Soin Kératine 100ml - Lissage Intense,SAINT ALGUE,Beauté et Santé,72.86,,True,marketplace
3700206739632,Fer à lisser Demeliss Gold SAINT ALGUE,SAINT ALGUE,Beauté et Santé,28.88,,True,marketplace
3700206739649,Lisseur Titanium Dreams SAINT ALGUE,SAINT ALGUE,Beauté et Santé,78.79,,True,marketplace
3700206739656,SAINT ALGUE,SAINT ALGUE,Beauté et Santé,64.89,,True,marketplace
3700206739748,"Seche-cheveux - Demeliss Ultra 2200w - 2 Vitesses, 3 Températures - Technologie Tourmaline - Concentrateur Inclus",SAINT ALGUE,Beauté et Santé,36.89,,True,marketplace
3700206739939,Lisseur Saint Algue Demeliss Titanium 85 W Noir Mat,SAINT ALGUE,Beauté et Santé,74.99,68.24,True,marketplace
3700206760421,Tondeuse Barbe Sur Batterie The Barb' Xpert 6042 - Batterie Lithium - 19 Hauteurs De Coupe - Autonomie 1h 30 - Indicateu,AUCUNE,Beauté et Santé,37.49,,True,marketplace
3700206760476,Tondeuse 5 En 1 The Barb' Xpert 6047 - Multifonction - Avec Rasoir A Grilles Pour Barbe,AUCUNE,Beauté et Santé,35.51,,True,marketplace
3700270958571,Venteo - Aspirateur Impureté Visage - Derma Sucrion Teleshopping - Blanc - Adult,VENTEO,Beauté et Santé,59.95,32.99,True,marketplace
3700472280104,Etui À Manucure En Simili - 5 Accessoires,JJA,Beauté et Santé,6.09,3.05,True,marketplace
3700546702518,Balance connectée Body - NKBODY-BLACK - Noir NOKIA,NOKIA,Beauté et Santé,68.7,,True,marketplace
3700546702525,Withings / Nokia Body ? Balance Connectee - Blanc,WITHINGS,Beauté et Santé,68.7,,True,marketplace
3700546707964,Station De Santé Connectée Withings Body Scan Blanc Ecg Wi-fi Bluetooth,WITHINGS,Beauté et Santé,381.77,,True,marketplace
3700628230038,Fer À Lisser 12 Volts - Incasa,GÉNÉRIQUE,Beauté et Santé,12.66,11.51,True,marketplace
3700628247647,Sèche-cheveux 12v Compact Pliable Gris 180 W Incasa,INCASA,Beauté et Santé,21.47,,True,marketplace
3700666515876,Brosse Pédicure 4 En 1 Soin Des Pieds Pierre Ponce Brosse Et Lime Pour Bien Être Yonis,YONIS,Beauté et Santé,16.99,15.89,True,marketplace
3700666540090,Rasoir Électrique Haute-précision Six Longueurs De Coupe Tout-en-un Led Intégrée Yonis,YONIS,Beauté et Santé,27.99,25.99,True,marketplace
3700666551416,Brosse Lissante Chauffante Design 2 En 1 Brushing Ecran Lcd Design Câble 360° Yonis,YONIS,Beauté et Santé,31.99,29.99,True,marketplace
3700666551423,Brosse Lissante Électrique Design 2 En 1 Brushing Ecran Lcd Antistatique Blanc Yonis,YONIS,Beauté et Santé,31.99,29.99,True,marketplace
3700903385552,Terraillon Pese Personne 14119 Lcd Mix Verre Abs Blanc Bleu,TERRAILLON,Beauté et Santé,52.7,50.07,True,marketplace
3700903385743,Babyliss Fer À Boucler  Pro 180 Sublim' Touch - Ø 19mm,BABYLISS,Beauté et Santé,43.7,41.52,True,marketplace
3701056396068,Hq  Régénérateur Visage Anti-âge - Appareil De Soin Et Anti-rides,HQ,Beauté et Santé,59.12,,True,marketplace
3701056399601,Tondeuse cheveux 39960 JLD JEAN-LOUIS DAVID,JEAN-LOUIS DAVID,Beauté et Santé,47.86,,True,marketplace
3760024830737,Sèche-cheveux Handsfreedryer Inovaxion Or Rose,MAGNETICLAND,Beauté et Santé,129.55,103.64,True,marketplace
3760024830744,Sèche-cheveux Handsfreedryer Inovaxion Bleu,MAGNETICLAND,Beauté et Santé,129.55,103.64,True,marketplace
3760024830751,Sèche-cheveux Handsfreedryer Inovaxion Rose,MAGNETICLAND,Beauté et Santé,129.55,103.64,True,marketplace
3760024830768,Sèche-cheveux Handsfreedryer Inovaxion Silver,MAGNETICLAND,Beauté et Santé,129.55,103.64,True,marketplace
3760189700203,Lampe De Luminothérapie De Bureau Dayvia Sundesk 03 Métal Noir 36 X 32 X 9 Cm,DAYVIA,Beauté et Santé,187.9,,True,marketplace
3760189700258,Luminothérapie Dayvia Mobilly Noir Bambou,DAYVIA,Beauté et Santé,202.3,,True,marketplace
3760240781073,Pèse-personne électronique - 8107 - Gris LITTLE BALANCE,LITTLE BALANCE,Beauté et Santé,22.49,,True,marketplace
3760240781356,Balance Pèse-personne Mécanique Little Balance 8135 Pro M Noir 160 Kg 1 Kg,LITTLE BALANCE,Beauté et Santé,50.01,,True,marketplace
3760240781547,Green Power Pese Personne Blanc Little Balance - 8154,LITTLE BALANCE,Beauté et Santé,30.89,,True,marketplace
3760240781592,Balance Salle De Bain Électronique Little Balance 8159 Inox Anti-traces 180 Kg 100 G Lcd,LITTLE BALANCE,Beauté et Santé,25.76,,True,marketplace
3760240781820,"Pese-personne Mécanique Little Balance 8182 Pro M 200, 200 Kg / 1 Kg, Grand Écran, Professionnel, Noir & Chrome",LITTLE BALANCE,Beauté et Santé,79.99,43.83,True,marketplace
3760240781837,Balance De Cuisine Électronique Little Balance Green Power Soft 6 Plateforme Verre Couleur Argent 6 Kg,LITTLE BALANCE,Beauté et Santé,35,25.88,True,marketplace
3760240781936,Little Balance Sb2 Carré Transparent Pèse-personne Électronique,LITTLE BALANCE,Beauté et Santé,21.62,,True,marketplace
3760240781943,Balance Personne Électronique Little Balance Sb2 Verre Trempé Noir 30x30 Cm 160 Kg 100 G,LITTLE BALANCE,Beauté et Santé,21.64,,True,marketplace
3760240782100,Pese Personne Little Balance 8210,LITTLE BALANCE,Beauté et Santé,37.31,,True,marketplace
3760240782766,Pese Personne Little Balance 8276,LITTLE BALANCE,Beauté et Santé,30.4,,True,marketplace
3760240783275,Balance Électronique Little Balance 8327 Pro M 225 Noir/argent Jusqu’à 225 Kg Xxl,LITTLE BALANCE,Beauté et Santé,62.72,,True,marketplace
3760240783343,Pese Personne Coquillages 180kg 100g,LITTLE BALANCE,Beauté et Santé,24.4,,True,marketplace
3760240783350,Pese Personne The Cat 180kg 100g,LITTLE BALANCE,Beauté et Santé,23.69,,True,marketplace
3760240784456,Little Balance Pese-personne Parlant Voice 180kg / 100g - Noir,LITTLE BALANCE,Beauté et Santé,29.01,,True,marketplace
3760240784647,Balance Impédancemètre Connectée Cardio Fitdays Little Balance Cardio Connect 4 Blanc 180 Kg 100 G,LITTLE BALANCE,Beauté et Santé,29.09,,True,marketplace
3760240786214,Brosse Soufflante Chauffante Little Balance 8621 - 1000 W,LITTLE BALANCE,Beauté et Santé,44.69,,True,marketplace
3760240786511,Pèse-personne Électronique Little Balance 8651,LITTLE BALANCE,Beauté et Santé,44.99,39.81,True,marketplace
3760240786559,Balance Pèse Personne Little Balance 8655,LITTLE BALANCE,Beauté et Santé,24.73,,True,marketplace
3760240786832,Pèse Personne Impédancemètre Connecté 8683,LITTLE BALANCE,Beauté et Santé,79,46.81,True,marketplace
3760240786856,Pese Personne Little Balance 8685,LITTLE BALANCE,Beauté et Santé,27.99,21.85,True,marketplace
3760240787297,Balance De Salle De Bain Little Balance Tortues Gold Métallisées Rose Usb Rechargeable 180 Kg 100 G 28x28 Cm,LITTLE BALANCE,Beauté et Santé,22.84,,True,marketplace
3760240787303,Pese-personne Tortues Aqua Usb-r Bleu,LITTLE BALANCE,Beauté et Santé,19.99,14.87,True,marketplace
3760240787310,Balance De Salle De Bain Little Balance 8731 Tortues Métallisées Jaune Verre Trempé Usb Rechargeable 180 Kg,LITTLE BALANCE,Beauté et Santé,22.89,,True,marketplace
3760240787457,Balance De Salle De Bain Little Balance My Bamboo Beige 31x31 Cm Usb Type-c 150 Kg 100 G,LITTLE BALANCE,Beauté et Santé,28.5,,True,marketplace
3760240787891,Tondeuse Multifonction -  6 Barber 6-en-1 - 240 Min - 6 Tetes - Inox,LITTLE BALANCE,Beauté et Santé,35.54,,True,marketplace
3760240788034,Tondeuse Spéciale Barbe - Barber Pro Cuivre - Autonomie 140mm - Charge Rapide - 4 Guides De Coupe,LITTLE BALANCE,Beauté et Santé,35.12,,True,marketplace
3760240788065,Pèse Personne Little Balance Soft Bambou Tortue Usb R,LITTLE BALANCE,Beauté et Santé,29.99,24.84,True,marketplace
3760240788386,Pèse-personne Électronique Little Balance 8838,LITTLE BALANCE,Beauté et Santé,41.96,,True,marketplace
3760240788409,Pese-personne - Little Balance - Usb-c - Caraibes,LITTLE BALANCE,Beauté et Santé,24.5,,True,marketplace
3760240788416,Balance Salle De Bain Little Balance Zen Plateforme Verre 28x28cm Rechargeable Usb-c 180kg 100g,LITTLE BALANCE,Beauté et Santé,24.48,,True,marketplace
3760240788423,Pese-personne - Little Balance - Usb-c - Lavandes,LITTLE BALANCE,Beauté et Santé,25.3,,True,marketplace
3760240788430,Balance Personnelle Rechargeable Sb3 Tonka Verre Trempé Lcd 180 Kg Little Balance,LITTLE BALANCE,Beauté et Santé,22.85,,True,marketplace
3760240788447,Pèse-personne Little Balance Sb3 Bleu Nuit Verre Trempé 28 X 28 Cm Base Recyclée Brand,LITTLE BALANCE,Beauté et Santé,23.49,,True,marketplace
3760240788546,Pese-personne - Little Balance - Kinetic Auto - Bleu,LITTLE BALANCE,Beauté et Santé,28.99,,True,marketplace
3760240788553,Balance Salle De Bain Little Balance 8855 Bambou Bois Beige Lcd 150 Kg Précision 50 G,LITTLE BALANCE,Beauté et Santé,32.47,,True,marketplace
3760240788614,Balance Pèse-personne Connectée Little Balance 8861 Verre Trempé Noir 28 X 28 Cm,LITTLE BALANCE,Beauté et Santé,39.99,28.11,True,marketplace
3760240788959,Sèche-cheveux Little Balance 8895,LITTLE BALANCE,Beauté et Santé,63.91,,True,marketplace
3760240788980,Tondeuse Cheveux Little Balance 8898 Titane Métal Gris,LITTLE BALANCE,Beauté et Santé,38.73,,True,marketplace
3760240789031,Rasoir Électrique Rechargeable Little Balance Sahara Explorer 8903 Or Grille,LITTLE BALANCE,Beauté et Santé,37.58,,True,marketplace
3760240789086,Sèche-cheveux Little Balance 8908,LITTLE BALANCE,Beauté et Santé,79.99,75.09,True,marketplace
3760240789376,Coffret Tondeuse Barbe Barber Pro + Nez Oreilles Precision Explorer Little Balance Cuivre,LITTLE BALANCE,Beauté et Santé,42.11,,True,marketplace
3760256514344,"Senya Lisseur Séchant Argenté Wet & Dry 2 En 1 Hair Fusion– Lisseur Et Sèche-cheveux À Air Chaud, Température Et Vitesse",SENYA,Beauté et Santé,63.99,59.99,True,marketplace
3760256514634,"Senya Lisseur Séchant Noir Wet & Dry 2 En 1 Hair Fusion– Lisseur Et Sèche-cheveux À Air Chaud, Température Et Vitesse Aj",SENYA,Beauté et Santé,63.99,59.99,True,marketplace
3770018510095,Brosse à Dents Electrique Bleue MY VARITATIONS,MY VARITATIONS,Beauté et Santé,64.99,,True,carrefour
3770026683873,"Masque Led Visage Aurion X252 Duo Silicone Médical Blanc 26,7x24,8x12,4 Cm Nooance",NUANCE,Beauté et Santé,400.17,,True,marketplace
4004470088915,"Bomann Htd 889 Cb Sèche-cheveux 2000 W Noir, Argent",BOMANN,Beauté et Santé,39.9,24.9,True,marketplace
4004470141719,"Bomann Pw 1417 Cb Argent, Transparent Pèse-personne Électronique",BOMANN,Beauté et Santé,31.9,17.9,True,marketplace
4004470607710,Lisseur 3en1 Multifonction 800w Noir Has6077cb-noir,BOMANN,Beauté et Santé,29.9,19.9,True,marketplace
4004470800562,Bomann Htd 8005 Cb Sèche-cheveux 1300 W Rouge,BOMANN,Beauté et Santé,29.9,18.9,True,marketplace
4004470800616,"Tondeuse À Cheveux Et À Barbe Avec 4 Longueurs De Coupe, Tête En Acier Inox. Bomann Hsm 8006 Cb Noir/gris 10w",BOMANN,Beauté et Santé,17.91,,True,marketplace
4004470800715,Tondeuse À Cheveux Et Rasoir Nez/oreille Bomann Hsm 8007 Ne Cb,BOMANN,Beauté et Santé,32.9,19.9,True,marketplace
4004470800807,Épilateur Nasal Et Oreilles Amovible En Acier Inoxydable Bomann Ne8008cb,BOMANN,Beauté et Santé,10.9,7.9,True,marketplace
4006160131314,Tondeuse À Barbe Et Cheveux Sans Fil Noir Proficare Pc-hsm/r3131-noir,PROFICARE,Beauté et Santé,34.9,27.9,True,marketplace
4006160300000,Brosse À Dent Électrique Proficare Pc-ezs 3000 Blanc,PROFICARE,Beauté et Santé,23.9,11.9,True,marketplace
4006160300208,Proficare Pc-lbs 3002 Blanc,PROFICARE,Beauté et Santé,41.9,25.7,True,marketplace
4006160300406,"Proficook Pc-mps 3004 Instrument De Manucure / Pédicure Régler Rose, Blanc",PROFICOOK,Beauté et Santé,39.9,26.34,True,marketplace
4006160300604,"Proficare Pc-pw 3006 Fa Rectangle Noir, Acier Inoxydable Pèse-personne Électronique",PROFICARE,Beauté et Santé,49.9,29.9,True,marketplace
4006160300703,Proficare Pc-pw 3007 Fa Carré Noir Pèse-personne Électronique,PROFICARE,Beauté et Santé,39.9,24.9,True,marketplace
4006160300710,Proficare Pc-pw3007fa Carré Blanc Pèse-personne Électronique,PROFICARE,Beauté et Santé,39.9,24.9,True,marketplace
4006160300802,Proficare Pc-pw 3008 Bt Carré Acier Inoxydable Pèse-personne Électronique,PROFICARE,Beauté et Santé,49.9,37.08,True,marketplace
4006160300901,"Proficare Pc-ht 3009 Sèche-cheveux 1400 W Champagne, Blanc",PROFICARE,Beauté et Santé,29.9,19.9,True,marketplace
4006160300918,Sèche-cheveux Pliable 1400w Proficare Marron Pc-ht 3009 Marron,PROFICARE,Beauté et Santé,29.9,19.9,True,marketplace
4006160301007,"Proficare Pc-ht 3010 Sèche-cheveux 2200 W Champagne, Blanc",PROFICARE,Beauté et Santé,34.9,25.9,True,marketplace
4006160301014,Sèche-cheveux 2200w Proficare Pc-ht 3010 Marron,PROFICARE,Beauté et Santé,34.9,19.26,True,marketplace
4006160301106,Brosse Coiffante Profi Care Pc Has 3011 Blanc,PROFICARE,Beauté et Santé,29.9,14.52,True,marketplace
4006160301113,"Proficare Pc-has 3011 Brosse Soufflante À Air Chaud À Chaleur Bronze, Marron 800 W",PROFICARE,Beauté et Santé,29.9,19.9,True,marketplace
4006160301205,Proficare Pc-hr 3012 Rasoir À Grille Tondeuse Anthracite,PROFICARE,Beauté et Santé,42.9,,True,marketplace
4006160301304,"Proficare Pc-hsm/r 3013 Noir, Acier Inoxydable 5 Hybrides Nickel-métal (nimh)",PROFICARE,Beauté et Santé,29.9,25.43,True,marketplace
4006160301601,"Proficook Pc-mps 3016 Instrument De Manucure / Pédicure Régler Rose, Blanc",PROFICOOK,Beauté et Santé,19.9,15.9,True,marketplace
4006160301700,Proficare 330170 Sèche-cheveux 2200 W Noir,PROFICARE,Beauté et Santé,39.9,29.9,True,marketplace
4006160302103,Proficare Pc-gb 3021 Brosse À Lisser À Chaleur Blanc 37 W,PROFICARE,Beauté et Santé,29.9,19.9,True,marketplace
4006160302400,"Proficare Pc-ipl 3024 Rose, Blanc",PROFICARE,Beauté et Santé,93.24,,True,marketplace
4006160302509,Aspirateur De Point Noirs Et Nettoyant Pores Proficare Pc-pr 3025,PROFICARE,Beauté et Santé,39.9,28.23,True,marketplace
4006160302806,Bigoudis Chauffants  Blanc Et Bordeaux Proficare Pc-lw 3028,PROFICARE,Beauté et Santé,69.9,47.9,True,marketplace
4006160303001,Proficare Pc-ht 3030 Sèche-cheveux 2200 W Bleu,PROFICARE,Beauté et Santé,49.9,34.9,True,marketplace
4006160304404,Proficare Pc-ht 3044 Sèche-cheveux Blanc,PROFICARE,Beauté et Santé,39.9,29.9,True,marketplace
4006160304503,"Proficook Pc-ht 3045 Sèche-cheveux 2200 W Anthracite, Argent",PROFICOOK,Beauté et Santé,39.9,24.9,True,marketplace
4006160304510,"Proficook Pc-ht 3045 Sèche-cheveux 2200 W Violet, Argent",PROFICOOK,Beauté et Santé,39.9,21.45,True,marketplace
4006160304909,"Proficare Pc-hc 3049 Fer À Friser Or, Blanc 25 W",PROFICARE,Beauté et Santé,29.9,17.9,True,marketplace
4006160305005,Proficare Pc-ne 3050 Noir,PROFICARE,Beauté et Santé,19.9,11.9,True,marketplace
4006160305104,Proficare Pc-hsm/r 3051 Noir 5 Hybrides Nickel-métal (nimh),PROFICARE,Beauté et Santé,39.9,24.9,True,marketplace
4006160305203,"Proficare Pc-hsm/r 3052 Noir, Bleu 5 Hybrides Nickel-métal (nimh)",PROFICARE,Beauté et Santé,39.9,24.9,True,marketplace
4006160307306,Proficare Pc-ht 3073 Sèche-cheveux 1600 W Bleu,PROFICARE,Beauté et Santé,39.9,24.9,True,marketplace
4006160307313,Proficare Pc-ht 3073 Sèche-cheveux 1600 W Noir,PROFICARE,Beauté et Santé,39.9,24.9,True,marketplace
4006160307405,"Proficare Pc-bht 3074 Noir, Bleu",PROFICARE,Beauté et Santé,43.9,23.89,True,marketplace
4006160308105,Brosse Nettoyante Pour Visage Proficare Pc-grb3081-blanc,PROFICARE,Beauté et Santé,18.9,14.9,True,marketplace
4006160308204,"Proficare 330820 Sèche-cheveux 1800 W Bleu, Gris",PROFICARE,Beauté et Santé,39.9,19.17,True,marketplace
4006160309904,"Proficare Pc-fm 3099 Masseur Pieds Noir, Titane",PROFICARE,Beauté et Santé,123.84,,True,marketplace
4006160310009,Proficare 331000 Tondeuse À Cheveux Acier Inoxydable 5 Lithium-ion (li-ion),PROFICARE,Beauté et Santé,49.9,41.5,True,marketplace
4006160310306,Proficare Pc-pw 3103 Carré Bambou Pèse-personne Électronique,PROFICARE,Beauté et Santé,39.9,24.9,True,marketplace
4006160311303,Proficare Pc-htd 3113 Sèche-cheveux 2200 W Noir,PROFICARE,Beauté et Santé,49.9,22.4,True,marketplace
4006160311310,Proficare Pc-htd 3113 Sèche-cheveux 2200 W Marron,PROFICARE,Beauté et Santé,49.9,24.63,True,marketplace
4006160312201,Clatronic Pc-pw 3122 Rectangle Blanc Pèse-personne Électronique,CLATRONIC,Beauté et Santé,29.9,17.9,True,marketplace
4006160312218,Clatronic Pc-pw 3122 Rectangle Noir Pèse-personne Électronique,CLATRONIC,Beauté et Santé,29.9,17.9,True,marketplace
4006160312225,Clatronic Pc-pw 3122 Rectangle Gris Pèse-personne Électronique,CLATRONIC,Beauté et Santé,29.9,17.9,True,marketplace
4006160313901,Tondeuse À Barbe Sans Fil Ipx6 Noir Proficare Pc-hr3139-noir,PROFICARE,Beauté et Santé,32.9,24.9,True,marketplace
4006160314007,Tondeuse À Barbe Sans Fil Noir Proficare Pc-hr3140-noir,PROFICARE,Beauté et Santé,32.9,17.72,True,marketplace
4006160314304,Tondeuse À Cheveux/barbe Professionnelle Noir Proficare Pc-hsm/r3143-argente,PROFICARE,Beauté et Santé,32.9,24.9,True,marketplace
4006160314403,Proficare Pc-ne 3144 Gris Lithium-ion (li-ion),PROFICARE,Beauté et Santé,18.9,14.9,True,marketplace
4006160331127,Proficare Pc-pw 3112 White Carré Blanc Pèse-personne Électronique,PROFICARE,Beauté et Santé,49.9,31.9,True,marketplace
4006160631838,"Clatronic Hc 3392 Fer À Friser À Chaleur Noir, Blanc 25 W",CLATRONIC,Beauté et Santé,29.9,17.9,True,marketplace
4006160631845,"Clatronic Ht 3393 Sèche-cheveux 1200 W Gris, Blanc",CLATRONIC,Beauté et Santé,21.9,16.9,True,marketplace
4006160631869,Clatronic Fm 3389 Bain De Pieds Blanc,CLATRONIC,Beauté et Santé,59.9,39.9,True,marketplace
4006160635713,Clatronic Hsm 3441 Ne Acier Inoxydable 4,CLATRONIC,Beauté et Santé,24.9,19.9,True,marketplace
4006160636871,"Clatronic Ne 3595 Noir, Gris",CLATRONIC,Beauté et Santé,19.9,11.9,True,marketplace
4006160637960,"Clatronic Ht 3661 Sèche-cheveux 2200 W Noir, Cuivre",CLATRONIC,Beauté et Santé,39.9,25.9,True,marketplace
4006160640212,Brosse À Boucler À Air Chaud Clatronic Has3818-noir,CLATRONIC,Beauté et Santé,20.9,16.9,True,marketplace
4006160640496,Tondeuse À Barbe Et Cheveux Sans Fil Noir Clatronic Hsm/r3827-noir,CLATRONIC,Beauté et Santé,25.9,19.9,True,marketplace
4006160645583,Clatronic Htd 3429 Sèche-cheveux 1300 W Rouge,CLATRONIC,Beauté et Santé,29.9,19.9,True,marketplace
4006160715514,"Clatronic Htd 3055 Sèche-cheveux 2000 W Gris, Argent",CLATRONIC,Beauté et Santé,39.9,24.9,True,marketplace
4006160716658,Clatronic Pw 3369 Noir Pèse-personne Électronique,CLATRONIC,Beauté et Santé,33.9,16.9,True,marketplace
4006160716665,Clatronic Pw 3368 Blanc Pèse-personne Électronique,CLATRONIC,Beauté et Santé,29.9,17.9,True,marketplace
4006160822434,Tondeuse Cheveux Et Barbe Clatronic Hsm/r 3313 Noir,CLATRONIC,Beauté et Santé,39.9,24.9,True,marketplace
4006501610980,Balance Pèse-personne Soehnle 0661098,SOEHNLE,Beauté et Santé,30.5,22.92,True,marketplace
4006501638526,Soehnle Pèse-personne Style Sense Compact 300 180 Kg Argenté 63852,SOEHNLE,Beauté et Santé,28.5,22.81,True,marketplace
4006501638564,Soehnle Pèse-personne Style Sense Safe 100 180 Kg Blanc 63856,SOEHNLE,Beauté et Santé,33.62,,True,marketplace
4006501638588,Soehnle Pèse-personne Shape Sense Control 200 180 Kg Blanc 63858,SOEHNLE,Beauté et Santé,26.59,,True,marketplace
4006501638649,Soehnle Pèse-personne Style Sense Comfort 600 Argenté 200 Kg 63864,SOEHNLE,Beauté et Santé,39.29,,True,marketplace
4006501638670,Soehnle Pèse-personne Style Sense Safe 300 180 Kg Argenté 63867,SOEHNLE,Beauté et Santé,47.69,,True,marketplace
4006501638700,Soehnle Pèse-personne Shape Sense Profi 200 180 Kg Argenté 63870,SOEHNLE,Beauté et Santé,66.97,66.9,True,marketplace
4006501638724,Pèse-personne Shape Sense Connect Verre Trempé Blanc 32x32 Cm Soehnle,SOEHNLE,Beauté et Santé,48.86,,True,marketplace
4006501638731,Balance De Bain Connectée Shape Sense Connect 200 Verre Trempé Argent Soehnle,SOEHNLE,Beauté et Santé,62.96,,True,marketplace
4006501638809,Soehnle Pèse-personne Style Sense Bamboo Magic 180 Kg,SOEHNLE,Beauté et Santé,50.99,40.29,True,marketplace
4006501638816,Pese Personne Style Sense Compact 300 Slate Soehnle - 0763881,SOEHNLE,Beauté et Santé,35.22,27.22,True,marketplace
4006501638823,Pèse-personne Compact Verre Béton 32x32 Cm Gris 180 Kg Soehnle,SOEHNLE,Beauté et Santé,32.17,,True,marketplace
4008146046438,Seche-cheveux De Voyage Compact - Ht 0159 - Diffuseur & Concentrateur - 1600 W - Poignée Pliable - Noir,SEVERIN,Beauté et Santé,22.62,,True,marketplace
4008146046452,Seche-cheveux Avec Câble Rétractable - Ht 0165 - Diffuseur & Concentrateur - 2100 W - 3 Niveaux De Température - Noir,SEVERIN,Beauté et Santé,31.99,,True,marketplace
4008146046476,Seche-cheveux Ionique - Ht 0167 - Pro - Diffuseur & Concentrateur - 2300 W - 3 Niveaux De Température - Noir,SEVERIN,Beauté et Santé,44.99,32.57,True,marketplace
4008146046490,Seche-cheveux Ionique - Ht 0169 - S-style Speed Pro - Concentrateur & Diffuseur Magnétiques - 2000 W - Gris Et Noir,SEVERIN,Beauté et Santé,73,,True,marketplace
4008146046520,Multi-styler Severin Wl0683 Avec Technologie Ionique,SEVERIN,Beauté et Santé,90.42,,True,marketplace
4008146046728,Brosse Soufflante 1000w Noir Severin Wl0241,SEVERIN,Beauté et Santé,49.99,41.3,True,marketplace
4008146047282,Severin 0170 Asciuga Capelli 2000 W Nero,SEVERIN,Beauté et Santé,109.99,68.91,True,marketplace
4008146047640,Lisseur Ionique Séverin Hg 0622 Céramique Noir Gris 130-230 °c 250 W,SEVERIN,Beauté et Santé,36.89,,True,marketplace
4008146047664,Fer À Friser Ionic Severin 25 Mm Céramique Noir,SEVERIN,Beauté et Santé,39.77,,True,marketplace
4008496590087,"Tondeuse Barbe En Céramique, 9 Hauteurs, Lames Auto Affûtées Auto Lubrifiées",REMINGTON,Beauté et Santé,40,30.51,True,marketplace
4008496623846,Remington Fer À Friser Flexibrush Steam Cb4n 22 W,REMINGTON,Beauté et Santé,34.99,19.99,True,marketplace
4008496623877,Multistyler Remington S8670 5 En 1 Céramique Ionique Couleur Unique 190°c Accessoires,REMINGTON,Beauté et Santé,94.99,45.86,True,marketplace
4008496651597,Seche-cheveux Compact - Remington - D5000 - 2000 W - 2 Vitesses - Noir,REMINGTON,Beauté et Santé,25.99,17.94,True,marketplace
4008496652648,Fer Boucleur Conique Remington Ci95 Noir 13-25 Mm Céramique Perle 130-210°c,REMINGTON,Beauté et Santé,49.99,27.48,True,marketplace
4008496652822,Remington Straightener (s6500) Sleek & Curl Black Gold,REMINGTON,Beauté et Santé,31.1,,True,marketplace
4008496652884,"S9500 Fer A Lisser, Lisseur Pearl Plaques Souples Advanced Ceramic Xl Avec Eclats De Perles, Cheveux Brillants",REMINGTON,Beauté et Santé,48.99,35.8,True,marketplace
4008496716630,Remington Fer À Friser Pearl Pro Curl Ci9532 32 Mm,REMINGTON,Beauté et Santé,102.99,32.89,True,marketplace
4008496716890,Remington Lisseur De Cheveux Ceramic Straight 230 Noir,REMINGTON,Beauté et Santé,19.99,,True,marketplace
4008496717057,"S1510 Fer A Lisser Lisseur Plaques Flottantes, Tourmaline Ionique, Céramique, Antistatique, Glisse Facile, Léger",REMINGTON,Beauté et Santé,24.75,,True,marketplace
4008496725403,Fer À Friser Remington Ci 5319 Noir,REMINGTON,Beauté et Santé,17.59,,True,marketplace
4008496725434,REMINGTON,REMINGTON,Beauté et Santé,50,26.79,True,marketplace
4008496759149,Lisseur S8590 Keratin REMINGTON,REMINGTON,Beauté et Santé,36.24,,True,marketplace
4008496759323,Remington Lisseur À Cheveux Shine Therapy S8500 150-230°c,REMINGTON,Beauté et Santé,44.99,32.92,True,marketplace
4008496759651,Remington Seche Cheveux Power Dry 2000,REMINGTON,Beauté et Santé,28.28,,True,marketplace
4008496789078,Sèche-cheveux Pro Silk AC9096 REMINGTON,REMINGTON,Beauté et Santé,46.99,34.63,True,marketplace
4008496789177,Remington Ci96w1 Fer A Boucler Silk,REMINGTON,Beauté et Santé,39.99,34.21,True,marketplace
4008496789290,Lisseur Pro Silk S9600 REMINGTON,REMINGTON,Beauté et Santé,51.99,38.38,True,marketplace
4008496789931,"Remington Hc5200 Tondeuse Cheveux Pro Power Ajustable 16 Hauteurs, Lam",REMINGTON,Beauté et Santé,29.99,26.89,True,marketplace
4008496790913,Sèche-cheveux Pro-air 2200 W D5210 noir REMINGTON,REMINGTON,Beauté et Santé,23.63,,True,marketplace
4008496790968,Remington Sèche-cheveux Pro-air Turbo D5220 2400 W,REMINGTON,Beauté et Santé,47.99,27.23,True,marketplace
4008496791057,"Seche-cheveux  D5215 Ionique Céramique Tourmaline, Puissant, 3 Températures, 2 Vitesses 2200w",REMINGTON,Beauté et Santé,23.95,,True,marketplace
4008496817276,Tondeuse Multifonction - Pg6045 Advanced T - 40 Min - Bleu / Gris,REMINGTON,Beauté et Santé,54.99,27.18,True,marketplace
4008496817344,Remington Lisseur À Cheveux Pro-ceramic Extra S5525 150-230°c,REMINGTON,Beauté et Santé,39.99,33.7,True,marketplace
4008496817443,Remington Kit De Sèche-cheveux Your Style 2300 W Violet,REMINGTON,Beauté et Santé,34.99,30.59,True,marketplace
4008496818259,Remington Lisseur À Cheveux Pro-sleek And Curl S6505 150-230°c,REMINGTON,Beauté et Santé,50.99,22.05,True,marketplace
4008496818907,Tondeuse Cheveux Indestructible  Hc5880 - Lames Acier Japonais Auto-affûtées - Batterie Dual Lithium,REMINGTON,Beauté et Santé,67.75,,True,marketplace
4008496823031,Epilateur éléctrique WPG4035 REMINGTON,REMINGTON,Beauté et Santé,24.82,,True,marketplace
4008496823451,Tondeuse Corps Homme Remington Bht250 Wet & Dry Noir 2/4/6 Mm Waterproof,REMINGTON,Beauté et Santé,29.2,,True,marketplace
4008496867288,"Tondeuse Cheveux Quickcut Etanche, Lame Incurvée Acier Inoxydable",REMINGTON,Beauté et Santé,56.44,,True,marketplace
4008496867387,Tondeuse Cheveux Homme Color Cut - Hc5035 - Lames Acier Inoxydable Auto-affûtées - 11 Sabots,REMINGTON,Beauté et Santé,26.13,,True,marketplace
4008496867837,Remington Fer À Boucler Shine Therapy 13-25 Mm,REMINGTON,Beauté et Santé,32.99,27.67,True,marketplace
4008496869978,"Tondeuse Bikini Sans Fil Remington Smooth&silky Bkt4000 Blanc Violet 0,2 Mm",REMINGTON,Beauté et Santé,30.88,,True,marketplace
4008496870028,"Remington D5216 Sèche-cheveux 2300 W Bleu, Blanc",REMINGTON,Beauté et Santé,33.99,30.16,True,marketplace
4008496870226,Remington Tondeuse En Titane Hc335,REMINGTON,Beauté et Santé,42.99,18.44,True,marketplace
4008496870950,Remington Sp-cr1 Blanc,REMINGTON,Beauté et Santé,19.76,,True,marketplace
4008496871254,Remington Ac5912 Sèche-cheveux 2200 W Noir,REMINGTON,Beauté et Santé,47.99,39.21,True,marketplace
4008496872770,Remington Fer À Friser Proluxe 32 Mm,REMINGTON,Beauté et Santé,54.99,40.59,True,marketplace
4008496872879,Remington Ensemble De Rouleaux D'ondulation Ionique H5600 500 W,REMINGTON,Beauté et Santé,54.99,41.55,True,marketplace
4008496873050,"Remington Mb4122 Batterie 9 1,8 Cm Rouge, Blanc",REMINGTON,Beauté et Santé,47.16,36.28,True,marketplace
4008496873340,Lisseur PROLuxe S9100 REMINGTON,REMINGTON,Beauté et Santé,59.99,47.24,True,marketplace
4008496873449,Sèche-cheveux Proluxe AC9140 REMINGTON,REMINGTON,Beauté et Santé,35.41,,True,marketplace
4008496873760,"Remington S5506gp Brosse Soufflante Et Fer À Lisser À Chaleur Noir 1,8 M",REMINGTON,Beauté et Santé,61.99,48.33,True,marketplace
4008496876051,Remington Cb7400 Brosse Lissante Picots Advanced Ceramic 3 Niveaux De,REMINGTON,Beauté et Santé,39.46,,True,marketplace
4008496877461,Sèche-cheveux D1500 REMINGTON,REMINGTON,Beauté et Santé,22.99,18.97,True,marketplace
4008496877744,Rasoir Électrique Femme Rechargeable Remington Smooth & Silky Violet Blanc Étanche 202 X 160 X 90 Mm,REMINGTON,Beauté et Santé,42.53,,True,marketplace
4008496938322,Remington Lisseur À Cheveux Keratin Protect Intelligent S8598 160-230°c,REMINGTON,Beauté et Santé,42.37,,True,marketplace
4008496938353,Remington Sèche-cheveux Keratin Protect Ac8820 2200 W,REMINGTON,Beauté et Santé,49.99,37.43,True,marketplace
4008496938469,Remington Sèche-cheveux Keratin Protect Essential Ac8002 2200 W,REMINGTON,Beauté et Santé,39.96,,True,marketplace
4008496938636,Remington Fer À Friser Keratin Protect Ci83v6 19-28 Mm,REMINGTON,Beauté et Santé,39.76,,True,marketplace
4008496938698,Fer A Boucler - Remington - Ci5318 Keratin Protect - 210° C - Chauffe Rapide - 8 Températures - Gris,REMINGTON,Beauté et Santé,63.99,39.46,True,marketplace
4008496941582,"Remington Ci1a119 Fer A Boucler 19mm, Boucleur Ceramique Mystylist, Bo",REMINGTON,Beauté et Santé,20,16.92,True,marketplace
4008496941612,"Remington S1a100 Fer A Lisser, Lisseur My Stylist Plaques Flottantes",REMINGTON,Beauté et Santé,15.89,,True,marketplace
4008496941988,"Remington Hair Clipper Hc5100 Noir, Rouge 12",REMINGTON,Beauté et Santé,36.99,21.02,True,marketplace
4008496942060,"Remington Mb4700 Tondeuse Barbe Touchtech, Etanche, Lames Titanium, Ecran Tactile",REMINGTON,Beauté et Santé,66.99,36.31,True,marketplace
4008496942978,Sèche-cheveux Air 3D D7777 1800W bronze REMINGTON,REMINGTON,Beauté et Santé,91.63,84.84,True,marketplace
4008496970001,"Tondeuse Cheveux Propower Homme, Lames Acier, Anti Irritations, Anti Coupures",REMINGTON,Beauté et Santé,29.99,25.1,True,marketplace
4008496970551,Remington Épilateur Pour Femmes Smooth And Silky Wsf4810,REMINGTON,Beauté et Santé,22.05,,True,marketplace
4008496975624,"Remington S8605 Fer A Lisser, Lisseur Plaques Flottantes Advanced Cera",REMINGTON,Beauté et Santé,74.74,69.2,True,marketplace
4008496975655,Remington Ac8605 Seche-cheveux Professionnel Ionique Colour Protect 23,REMINGTON,Beauté et Santé,51.99,42.06,True,marketplace
4008496975716,Remington Fer À Friser Pro Spiral Curl Ci5519 19 Mm,REMINGTON,Beauté et Santé,57.99,28,True,marketplace
4008496975785,Remington Fer À Friser Pro Soft Curl Ci6525 25 Mm,REMINGTON,Beauté et Santé,23.99,,True,marketplace
4008496976171,Rasoir Electrique Femme Smooth Silky Etanche Bande Hydratante Aloe Vera,REMINGTON,Beauté et Santé,29.53,,True,marketplace
4008496985234,Tondeuse Cheveux Professionnelle Heritage - Lames Amovibles Et Lavables,REMINGTON,Beauté et Santé,64.74,,True,marketplace
4008496985296,Lisseur Boucleur Remington Curl Et Straight Confidence S6606 Tourmaline Céramique Couleur Unique 47 W 30 S 150-230°c,REMINGTON,Beauté et Santé,58.68,,True,marketplace
4008496985326,REMINGTON,REMINGTON,Beauté et Santé,31.99,27.67,True,marketplace
4008496985357,"D5715 Seche-cheveux Professionnel Ionique Thermacare 2300w, Grille Céramique, Chaleur Homogene",REMINGTON,Beauté et Santé,34,,True,marketplace
4008496985388,Sèche-cheveux Ionique Remington Thermacare Pro D5720 2400w 90 Km/h 2 Vitesses 3 Temp. Grille Céramique,REMINGTON,Beauté et Santé,35.58,,True,marketplace
4008496985609,Remington Lisseur À Cheveux Shine Therapy S8550 Plaque Large 150-235°c,REMINGTON,Beauté et Santé,39.92,,True,marketplace
4008496985654,Lisseur - Wet2straight S7350 - Plaques Larges - Soins A L'huile D'argan Et Vitamine E,REMINGTON,Beauté et Santé,45.41,,True,marketplace
4010869314602,Tondeuse Homme Panasonic Kit Tondeuse Multishape Xshape Pack 1eu,PANASONIC,Beauté et Santé,110.17,,True,marketplace
4010869315678,Sèche-cheveux Panasonic Nanoe Moisture 1600w Noir Argent 4 Modes Brand,PANASONIC,Beauté et Santé,276.59,,True,marketplace
4010869321587,Tondeuse Homme Panasonic Kit Multishape Er Ckn1 Pac1 Noir,PANASONIC,Beauté et Santé,62.37,61.15,True,marketplace
4013833023081,"Grundig Hd 9680 Sèche-cheveux 1650 W Noir, Cuivre",GRUNDIG,Beauté et Santé,54.73,53.14,True,marketplace
4013833024521,"Grundig Mc 8840 Noir, Argent 6 Hybrides Nickel-métal (nimh)",GRUNDIG,Beauté et Santé,60.49,34.49,True,marketplace
4013833039099,"Grundig Hs 7080 Brosse Soufflante À Air Chaud À Chaleur Noir, Rose Doré 1000 W 1,8 M",GRUNDIG,Beauté et Santé,66.05,64.13,True,marketplace
4013833050605,"Grundig Proclub Mc 8030 Chrome, Rouge 5 Lithium-ion (li-ion)",GRUNDIG,Beauté et Santé,46.99,23.56,True,marketplace
4013833623649,"Grundig Mc 6040 Tondeuse À Cheveux Noir, Gris",GRUNDIG,Beauté et Santé,34.99,20.13,True,marketplace
4013833870999,"Grundig Mc 3340 Noir, Bleu 10",GRUNDIG,Beauté et Santé,41.99,19,True,marketplace
4015110006114,Kit Tondeuse A Cheveux Filaire Wahl Avec 12 Accessoires,WAHL,Beauté et Santé,58.34,44.88,True,marketplace
4015110008101,"Wahl 3615-0471 Rasoir Professionnelle Rechargeable - 45min D'autonomie, Affichage Led",WAHL,Beauté et Santé,23.99,18.37,True,marketplace
4015110009344,Tondeuse À Poils D'animaux 7 Pcs Deluxe Pocket Pro 09962-2016 Wahl,WAHL,Beauté et Santé,28.63,27.27,True,marketplace
4015110009368,Wahl 05640-616  Micro Tondeuse Groomsman - Tetes Multiples,WAHL,Beauté et Santé,17.69,,True,marketplace
4015110011828,Moser 1400-0087 Tondeuse À Cheveux Noir,MOSER,Beauté et Santé,75.9,62.88,True,marketplace
4015110014973,Wahl Beret Stealth Noir Lithium-ion (li-ion),WAHL,Beauté et Santé,112.06,,True,marketplace
4015110026549,Sèche-cheveux Wahl 4314-0475,WAHL,Beauté et Santé,99.99,83.91,True,marketplace
4015110028567,Razor Wahl Finishing Tool Super Close Black,WAHL,Beauté et Santé,48.99,44.21,True,marketplace
4015110041375,"Sèche-cheveux Wahl Ionic Flow 2100 W Corps Mat Noir 25x12,7x7,6 Cm",WAHL,Beauté et Santé,23.63,,True,marketplace
4015588235016,Medisana Bs-70e Balance D'analyse Corporelle,MEDISANA,Beauté et Santé,30.94,29.47,True,marketplace
4015588235115,Ecomed Ps-72e Pèse-personne,MEDISANA,Beauté et Santé,25.65,24.43,True,marketplace
4015588404443,Medisana Pèse-personne Bs 444 180 Kg Blanc,MEDISANA,Beauté et Santé,40.49,38.56,True,marketplace
4015588404498,Medisana Bs 483 Blanc Balance D'analyse Corporelle Jusqu'à 180 Kg Pèse-personne Graisse Corporelle,MEDISANA,Beauté et Santé,28.36,,True,marketplace
4015588404566,Medisana Ps 402 Pèse-personne Pèse-personne De Salle De Bain Jusqu'à 180kg | Pèse-personne Noir,MEDISANA,Beauté et Santé,22.62,,True,marketplace
4015588404610,Medisana Pèse-personne Psd,MEDISANA,Beauté et Santé,42.95,,True,marketplace
4015588405013,Medisana Bs 600 Connect Wifi Avec App Balance D'analyse Corporelle Jusqu'à 180 Kg Pèse-personne,MEDISANA,Beauté et Santé,79.06,,True,marketplace
4015588405112,Medisana Bs 450 Connect - Balance D'analyse Corporelle,MEDISANA,Beauté et Santé,79.95,50.66,True,marketplace
4015588405471,Medisana Pèse-personne Xl Ps 470 Blanc,MEDISANA,Beauté et Santé,34.95,,True,marketplace
4015588405525,Medisana Pèse-personne Bs 552 Connect Bambou,MEDISANA,Beauté et Santé,59.95,46.46,True,marketplace
4015588452208,Medisana Lampe De Luminothérapie À Lumière Du Jour Lt 460 12 W Blanc,MEDISANA,Beauté et Santé,51.67,,True,marketplace
4015588454547,Balance Pèse-personne Numérique Medisana Ps 404 Verre Blanc Glacier 180 Kg Lcd,MEDISANA,Beauté et Santé,21.91,,True,marketplace
4015588851551,Medisana Kit De Manucure Et De Pédicure Mp 840 Blanc 85155,MEDISANA,Beauté et Santé,28.54,,True,marketplace
4015588851605,Medisana Polissoir À Ongles Np 860 Blanc 85160,MEDISANA,Beauté et Santé,82.99,14.4,True,marketplace
4015588854712,Lampe Uv/led 2-en-1 30 Leds Blanche 22x20x11 Cm Medisana,MEDISANA,Beauté et Santé,21.1,,True,marketplace
4015588882425,Sauna facial -  88242 - Blanc/bleu MEDISANA,MEDISANA,Beauté et Santé,63.99,34.86,True,marketplace
4015588882456,Sauna Facial Medisana Fss 88245,MEDISANA,Beauté et Santé,22.49,,True,marketplace
4015588883033,Medisana Ir 850,MEDISANA,Beauté et Santé,84.99,69.68,True,marketplace
4015588883521,Appareil Tens Tt 250 Tens Chaleur Beige 4 Électrodes Medisana Rechargeable,MEDISANA,Beauté et Santé,64.99,55.12,True,marketplace
4015588883637,Fs 300 - Bain Pour Pieds - Blanc - Massage Spa Et Vibration Relaxant,MEDISANA,Beauté et Santé,44.95,,True,marketplace
4015588883804,"Medisana Fs 881 - Bain De Pieds 3-en-1 - Massage A Bulles, Par Vibrations",MEDISANA,Beauté et Santé,35.68,,True,marketplace
4015588883873,Bain de pieds  thalasso Medisana MEDISANA,MEDISANA,Beauté et Santé,49.95,,True,marketplace
4015588883989,Medisana Appareil De Massage Des Pieds Fm 888 Blanc 88398 MEDISANA,MEDISANA,Beauté et Santé,119.95,,True,marketplace
4015588885464,Masseur Anti-cellulite Medisana Ac 860 Blanc Rose Poign&eacute;e R&eacute;glable 3 Modules,MEDISANA,Beauté et Santé,37.99,25.84,True,marketplace
4015588885761,Medisana Râpe Anti-callosité Électrique Cr 870 Blanc 88576,MEDISANA,Beauté et Santé,22.6,,True,marketplace
4015588886034,Appareil Anti-cellulite Medisana Vc 150 Blanc,MEDISANA,Beauté et Santé,72.89,,True,marketplace
4015588887000,Medisana Coussin De Massage Shiatsu Cl 300 Noir,MEDISANA,Beauté et Santé,79.95,74.5,True,marketplace
4015588889356,Housse de siège massant   MCH 9.6 W noirMCH 9.6 W noir MEDISANA,MEDISANA,Beauté et Santé,44.99,,True,marketplace
4015588889394,Medisana Housse De Chaise De Massage Par Acupressure Et Shiatsu Mc 825,MEDISANA,Beauté et Santé,144.95,,True,marketplace
4015588889479,Medisana Mc 850 Coussin De Massage Shiatsu Avec Fonction Chaleur Et Fonction Lumière Rouge,MEDISANA,Beauté et Santé,58.42,,True,marketplace
4015672110908,Omron Impedancemetre Connecte Viva,OMRON,Beauté et Santé,88.59,,True,marketplace
4061275230536,Sèche-cheveux Ionique - Medion Md 19984 - Moteur Bldc 1500w- Embouts Polyvalents - Gris,MEDION,Beauté et Santé,66.39,,True,marketplace
4061275230543,Sèche-cheveux Ionique - Medion Md 19984 - Moteur Bldc 1500w- Embouts Polyvalents - Blanc,MEDION,Beauté et Santé,66.39,,True,marketplace
4061275230567,Fer À Lisser - Medion Md19925 - 5 Niveaux Réglables 165-210°c - Écran Clair - Arrêt Automatique - Blanc,MEDION,Beauté et Santé,15.19,,True,marketplace
4061275230574,Fer À Lisser Sans Fil - Medion Md19865 - 5 Niveaux 165-210°c - Écran Clair - Arrêt Automatique - Noir,MEDION,Beauté et Santé,51.19,,True,marketplace
4061275234664,Brosse Lissante Chauffante Medion 46w Céramique/tourmaline Blanc 35x13x11cm,MEDION,Beauté et Santé,27.19,,True,marketplace
4099514000046,Evapore Rasoir Électrique (usb),AILORIA,Beauté et Santé,39,32.95,True,marketplace
4099514000060,Evapore Rasoir Électrique (usb),AILORIA,Beauté et Santé,39,32.95,True,marketplace
4099514008912,Doucette Pro Râpe Anti-callosités AILORIA,AILORIA,Beauté et Santé,39,31.95,True,marketplace
4099514008929,Doucette Pro Râpe Anti-callosités AILORIA,AILORIA,Beauté et Santé,39,32.95,True,marketplace
4099514008936,Doucette Pro Râpe Anti-callosités AILORIA,AILORIA,Beauté et Santé,39,32.95,True,marketplace
4099514010304,Evapore Epiluxe Rasoir Avec Différents Accessoires Usb,AILORIA,Beauté et Santé,79,56.95,True,marketplace
4099514010441,Deplaqued Nettoyeur À Dents Sonique,AILORIA,Beauté et Santé,49,38.95,True,marketplace
4210201003311,Tondeuse Braun Précision,BRAUN,Beauté et Santé,98.99,49.53,True,marketplace
4210201061465,Braun Satin Hair 7 Sensocare St780 Fer À Lisser À Chaleur Noir 2 M,BRAUN,Beauté et Santé,79.96,,True,marketplace
4210201097358,Épilateur Électrique Braun Se 810 BRAUN,BRAUN,Beauté et Santé,66.19,,True,marketplace
4210201132370,Tondeuse De Précision Pt5010 Rechargeable Autonomie 120 Min Noir,BRAUN,Beauté et Santé,61.99,19.82,True,marketplace
4210201163305,Afeitadora Braun Series 3 300s/ Con Batería,BRAUN,Beauté et Santé,106.99,49.93,True,marketplace
4210201163817,Rasoir électrique homme Series 3 3000 BRAUN,BRAUN,Beauté et Santé,69.29,,True,marketplace
4210201171171,"Braun Facespa 851v 3-en-1 Épilateur Électrique Femme Visage, Brosse Nettoyante",BRAUN,Beauté et Santé,91.2,,True,marketplace
4210201185871,"Braun 81636295 Épilateur 10 Pince(s) Blanc, Bronze",BRAUN,Beauté et Santé,163.99,123.5,True,marketplace
4210201185925,"Braun Facespa Pro 921 10 Pince(s) Bronze, Blanc",BRAUN,Beauté et Santé,150.99,,True,marketplace
4210201192688,Rasoir électrique LS5100 rose BRAUN,BRAUN,Beauté et Santé,42.89,,True,marketplace
4210201233404,Braun Aquacare 4,BRAUN,Beauté et Santé,86.99,80.07,True,marketplace
4210201238591,Tondeuse Pour La Barbe Braun Bt3000 Avec 20 Réglages De Longueur,BRAUN,Beauté et Santé,28.99,26.62,True,marketplace
4210201241119,Braun Series 6 60-n1000s Rasoir À Grille Gris,BRAUN,Beauté et Santé,212.99,146.42,True,marketplace
4210201264811,Braun Easyclick Accessoire Pour Tondeuse A Barbe De 3 jours,BRAUN,Beauté et Santé,22.61,,True,marketplace
4210201305644,Oral-b Pulsonic Slim Luxe 4000 Adulte Brosse À Dents À Ultrasons Platine,ORAL-B,Beauté et Santé,73.63,72.19,True,marketplace
4210201307532,Oral-b Io Series 9n Adulte Brosse À Dents Vibrante Blanc,ORAL-B,Beauté et Santé,369.99,246.03,True,marketplace
4210201313908,Rasoir électrique visage - FS1000 - Blanc BRAUN,BRAUN,Beauté et Santé,27.06,,True,marketplace
4210201313922,Tondeuse Bikini - BS1000 - Blanc  BRAUN,BRAUN,Beauté et Santé,34.35,,True,marketplace
4210201320876,Rasoir  Rechargeable - MB SERIES 3 - Noir BRAUN,BRAUN,Beauté et Santé,89.99,77.78,True,marketplace
4210201321477,Brossette Dentaire Oral B Brossettes Cross Action X6 Clean Maximiser,BRAUN,Beauté et Santé,30.03,,True,marketplace
4210201363095,Oral-b Io 4210201363095 Brosse À Dents Électrique Adulte Brosse À Dents Rotative Noir,ORAL-B,Beauté et Santé,268.99,183.05,True,marketplace
4210201365280,Brosse A Dents Electrique Rechargeable Oral-b Pro 3 3000 - Avec 1 Manc,ORAL-B,Beauté et Santé,127.99,68.4,True,marketplace
4210201372578,Braun Series 9 Pro 81744531 Rasoir Pour Homme Rasoir À Grille Tondeuse Argent,BRAUN,Beauté et Santé,396.99,355.68,True,marketplace
4210201381686,Oral-b Io 4210201381686 Brosse À Dents Électrique Brosse À Dents Rotative Gris,ORAL-B,Beauté et Santé,179.99,132.41,True,marketplace
4210201388661,"Braun Silk-épil 5 505 Power 28 Pince(s) Violet, Blanc",BRAUN,Beauté et Santé,122.99,55.26,True,marketplace
4210201396383,Brosse À Dents Électrique Oral-b Pulsonic Slim Luxe 4900,ORAL B,Beauté et Santé,155.99,137.69,True,marketplace
4210201400424,"Rasoir Électrique Et Tondeuse Hybride Homme, Pour Visage+corps, Lame Durable",BRAUN,Beauté et Santé,37.49,,True,marketplace
4210201400448,Braun Wet And Dry Shaver X Series Xt5100/avec Batterie/6 Accessoires,BRAUN,Beauté et Santé,56.39,,True,marketplace
4210201400462,"Braun Series X Xt5200 Rasoir À Grille Tondeuse Noir, Métallique",BRAUN,Beauté et Santé,45.16,,True,marketplace
4210201408390,Oral-b Io Series 9n Adulte Brosse À Dents Rotative Oscillante Rose,ORAL-B,Beauté et Santé,321.99,215.56,True,marketplace
4210201408567,Braun 408567 Brosse À Dents Électrique Adulte Brosse À Dents Vibrante Noir,BRAUN,Beauté et Santé,238.99,150.85,True,marketplace
4210201408680,Brosse À Dents Électrique Oral-b Io 9 7 Modes 16 Zones 2 Brossettes Noir,ORAL-B,Beauté et Santé,276.9,,True,marketplace
4210201408826,Hygiène Dentaire Oral-b Io8sserieblack,ORAL-B,Beauté et Santé,282.89,,True,marketplace
4210201408840,Hygiene Dentaire Oral B Io9serieswhite,ORAL B,Beauté et Santé,379.99,266.49,True,marketplace
4210201408864,Brosse À Dents Électrique Braun Oral-b Io 9s Noir,BRAUN,Beauté et Santé,379.99,199.17,True,marketplace
4210201408888,Brosses A Dents - Oral-b - Io9s Series - Rose Quartz (+1 Refills) - Electrique,ORAL B,Beauté et Santé,268.31,,True,marketplace
4210201409137,Oral-b Io 6 Adulte Brosse À Dents Vibrante Noir,ORAL-B,Beauté et Santé,209.99,132.24,True,marketplace
4210201409199,Brosse À Dents Électrique Braun,BRAUN,Beauté et Santé,191.99,138.1,True,marketplace
4210201409298,Brosse à dents électrique iO7Ss Bleu ORAL B,ORAL B,Beauté et Santé,289.99,231.54,True,marketplace
4210201409434,Oral-b Io Io7 Adulte Brosse À Dents Rotative Bleu,ORAL-B,Beauté et Santé,237.99,216.11,True,marketplace
4210201411574,Brosse À Dents Électrique Braun,BRAUN,Beauté et Santé,542.99,353.61,True,marketplace
4210201412830,"Braun Silk.expert Pro 5 Pl5145 - Ipl Pour Homme, Epilateur Lumiere Pul",BRAUN,Beauté et Santé,550,351.76,True,marketplace
4210201414742,"Oral-b Io Series 4 Duo Adulte Brosse À Dents Vibrante Noir, Blanc",ORAL-B,Beauté et Santé,219.72,,True,marketplace
4210201414766,Brosse À Dents Électrique Orale-b Io 5n Connectée Bluetooth Blanche + Étui,ORAL-B,Beauté et Santé,142.55,,True,marketplace
4210201414865,Brosse à dents électrique IO4S blanc avec trousse de voyage ORAL B,ORAL B,Beauté et Santé,110.09,,True,marketplace
4210201414902,Oral-b Io 4s Adulte Brosse À Dents Vibrante Noir,ORAL-B,Beauté et Santé,87.47,,True,marketplace
4210201414926,Oral-b 80766767 Brosse À Dents Électrique Adulte Blanc,ORAL-B,Beauté et Santé,134.32,131.69,True,marketplace
4210201415022,Oral-b Io Series 4 Adulte Noir,ORAL-B,Beauté et Santé,180.99,81.69,True,marketplace
4210201415060,Oral-b Io Series 5 Adulte Brosse À Dents Rotative Oscillante Blanc,ORAL-B,Beauté et Santé,119.99,97.8,True,marketplace
4210201415107,Oral-b Io Series 5 Adulte Brosse À Dents Vibrante Noir,ORAL-B,Beauté et Santé,119.99,96.12,True,marketplace
4210201415305,Brosse À Dents Électrique Oral-b Io Series 4 White,ORAL-B,Beauté et Santé,132.99,98.28,True,marketplace
4210201415329,Oral-b Io 4 Adulte Brosse À Dents Rotative Noir,ORAL-B,Beauté et Santé,147.99,92.09,True,marketplace
4210201415343,Brosse À Dents Électrique Braun Io5,BRAUN,Beauté et Santé,176.99,114.35,True,marketplace
4210201415367,Oral-b Ioseries5bl Brosse À Dents Électrique Adulte Brosse À Dents Vibrante Noir,ORAL-B,Beauté et Santé,183.99,116.97,True,marketplace
4210201416982,Tondeuse corps BG3340 BRAUN,BRAUN,Beauté et Santé,34.99,32.73,True,marketplace
4210201417101,"Braun Bg3350 Noir, Gris Hybrides Nickel-métal (nimh)",BRAUN,Beauté et Santé,40.3,,True,marketplace
4210201417187,Tondeuse corps BG5340 BRAUN,BRAUN,Beauté et Santé,69.99,40.3,True,marketplace
4210201418252,Tondeuse Braun Sk3300 Rechargeable Avec 13 Réglages De Longueur,BRAUN,Beauté et Santé,41.08,,True,marketplace
4210201418634,Tondeuse multifonctions MGK5345 BRAUN,BRAUN,Beauté et Santé,40.61,,True,marketplace
4210201420057,"Braun 5 Bt5341 Tondeuse A Barbe Pour Homme, Tondeuse Pour Visage, Chev",BRAUN,Beauté et Santé,65,39.35,True,marketplace
4210201421801,Brosse à Dents Electrique iO Séries 9 Black Onyx ORAL-B,ORAL-B,Beauté et Santé,279.25,,True,marketplace
4210201423522,BRA-SILK EPIL SE3-176 BRAUN,BRAUN,Beauté et Santé,38.99,32.63,True,marketplace
4210201423645,Braun FG1106 Tondeuse de Précision Électrique pour Sourcils et Visage Argent,BRAUN,Beauté et Santé,31.31,,True,marketplace
4210201427360,Brosse à dents électrique iO6s Gris ORAL B,ORAL B,Beauté et Santé,295.99,129.82,True,marketplace
4210201427384,"Oral-b Io 6s Adulte Brosse À Dents Vibrante Rose, Blanc",ORAL-B,Beauté et Santé,211.67,207.52,True,marketplace
4210201428695,Brosse À Dents Électrique Braun Oral-b Io5 Duo,BRAUN,Beauté et Santé,212.99,198.09,True,marketplace
4210201432340,Oral-b Vitality Pro Adulte Brosse À Dents Rotative Oscillante Violet,ORAL-B,Beauté et Santé,29.99,27.14,True,marketplace
4210201432654,Rasoir Serie 5 51m1200s Braun - 51m1200s,BRAUN,Beauté et Santé,159.9,95.75,True,marketplace
4210201432968,Rasoir Serie 6 61b1200s Braun - 61b1200s,BRAUN,Beauté et Santé,194.9,138.64,True,marketplace
4210201433637,"Braun Series 7 71-s7200cc Rasoir À Grille Tondeuse Noir, Argent",BRAUN,Beauté et Santé,275,208.09,True,marketplace
4210201433729,Braun Series 7 71-s4200cs Rasoir À Grille Tondeuse Noir,BRAUN,Beauté et Santé,191.8,188.04,True,marketplace
4210201434658,Brosse À Dents Électrique Braun Io10 Stardust White Avec Capteurs Intelligents,BRAUN,Beauté et Santé,470.99,310.12,True,marketplace
4210201434672,Brosse À Dents Électrique Braun Io10 - Solution Ultime Pour L'hygiène Buccale,BRAUN,Beauté et Santé,435.99,308.43,True,marketplace
4210201435457,Oral-b Io Series 10 Adulte Brosse À Dents Rotative Oscillante Blanc,ORAL-B,Beauté et Santé,295.67,,True,marketplace
4210201435587,Brosse À Dents Électrique Oral-B iO Series 10 Noir Cosmique,ORAL B,Beauté et Santé,295.9,,True,marketplace
4210201435624,Oral B Io Spazzolino Elettrico Ricaricabile 10 Bianco 1 Testina 1 Custodia Da Viaggio 1 Caricatore,ORAL-B,Beauté et Santé,499.99,383.82,True,marketplace
4210201435648,Oral-b Io Series 10 Adulte Brosse À Dents Vibrante Noir,ORAL-B,Beauté et Santé,500,384.01,True,marketplace
4210201437734,"Braun Silk·expert Mini Pl1014, Épilateur A Lumiere Pulsée, Épilation Semi-définitive, Blanc/rose, Avec Pochette De Voyage",BRAUN,Beauté et Santé,310,201.85,True,marketplace
4210201438069,Brosse À Dents Électrique Braun Io6,BRAUN,Beauté et Santé,185.49,136.36,True,marketplace
4210201443766,Brosse À Dents Électrique Oral-b Io 6 5 Modes Capteur De Pression Écran Interactif 3 Brossettes Noire,ORAL-B,Beauté et Santé,229.02,,True,marketplace
4210201445098,Brosse à dents Electrique Connectée Nettoyage et Protection Professionnel ORAL-B ORAL-B,ORAL-B,Beauté et Santé,156.99,85.04,True,marketplace
4210201445111,Oral-b Io Series 6 Adulte Brosse À Dents Rotative Noir,ORAL-B,Beauté et Santé,259.99,120.65,True,marketplace
4210201446392,Brosse A Dents Électrique Vitality Pro - Bleue - 3 Modes De Brossage - Brossette Incluse ORAL B,ORAL B,Beauté et Santé,26.03,,True,marketplace
4210201446514,"Oral-b Vitality Pro Duo Adulte Brosse À Dents Rotative Oscillante Noir, Bleu, Blanc",ORAL-B,Beauté et Santé,75.99,46.33,True,marketplace
4210201446651,Tondeuse multifonctions MGK3410 BRAUN,BRAUN,Beauté et Santé,46.48,,True,marketplace
4210201446699,Braun Mgk3411 Noir Hybrides Nickel-métal (nimh),BRAUN,Beauté et Santé,52.99,46.82,True,marketplace
4210201447016,"Braun Mgk5411 Noir, Bleu Lithium",BRAUN,Beauté et Santé,64.99,45.46,True,marketplace
4210201447153,"Tondeuse Rech Multi 9en1 Cheveux Barbe Nez Oreilles Corps 0,5 A 21mm We Braun - Mgk5440",BRAUN,Beauté et Santé,61.44,,True,marketplace
4210201447238,Braun Mgk7410 Noir Lithium-ion (li-ion),BRAUN,Beauté et Santé,168.99,72.94,True,marketplace
4210201447610,BRA-SILK EPIL SK2400 BRAUN,BRAUN,Beauté et Santé,23.27,,True,marketplace
4210201447795,Tondeuse barbe BT3411 BRAUN,BRAUN,Beauté et Santé,44.99,33.9,True,marketplace
4210201448617,Tondeuse Braun Bg5360,BRAUN,Beauté et Santé,84.99,54.09,True,marketplace
4210201449485,Brosse À Dents Électrique Braun Ora00086,BRAUN,Beauté et Santé,322.99,201.11,True,marketplace
4210201449614,Brosse À Dents Électrique Braun Io Series 9,BRAUN,Beauté et Santé,344.99,211.54,True,marketplace
4210201574620,Tondeuse Pour Oreilles Et Nez -  En10 - Gris - Autonomie 60 Min - Sans Fil,BRAUN,Beauté et Santé,19.61,,True,marketplace
4210201852544,Têtes De Brosse Oral-b Pulsonic 4 Unités Nettoyage Efficace,ORAL-B,Beauté et Santé,20.99,18.71,True,marketplace
4211125100575,Tondeuse Multifonction Beurer Mn9x Avec Écran Led,BEURER,Beauté et Santé,65.99,54.6,True,marketplace
4211125100582,Beurer Mn5x Tondeuse Barbe/cheveux,BEURER,Beauté et Santé,54.99,50.87,True,marketplace
4211125100834,Sèche-cheveux Beurer Hc 100 Compact Et Silencieux,BEURER,Beauté et Santé,103.6,,True,marketplace
4211125102548,Tondeuse Beurer Mn8x,BEURER,Beauté et Santé,75.87,,True,marketplace
4211125102609,Beurer Mn4x Tondeuse Barbe,BEURER,Beauté et Santé,46.99,43.88,True,marketplace
4211125103743,Sèche Cheveux Beurer Hc2r Glamour+ Gris,BEURER,Beauté et Santé,169.99,129.27,True,marketplace
4211125104016,"Beurer Hc 70 Asciuga Capelli 2100 W Beige, Oro",BEURER,Beauté et Santé,52.9,49.41,True,marketplace
4211125104856,Beurer Fc 59 Brosse Rotative Cuivre Batterie,BEURER,Beauté et Santé,72.99,61.28,True,marketplace
4211125104900,Beurer Sc 50 Adulto Spazzolino Elettrico Sonico Nero,BEURER,Beauté et Santé,79.77,78.21,True,marketplace
4211125105150,"Beurer Sc 50 Adulto Spazzolino Elettrico Sonico Nero, Verde",BEURER,Beauté et Santé,69.29,,True,marketplace
4211125105167,"Beurer Sc 50 Adulto Spazzolino Elettrico Sonico Colore Acqua, Nero",BEURER,Beauté et Santé,77.56,76.04,True,marketplace
4211125105174,"Beurer Sc 50 Adulto Spazzolino Elettrico Sonico Nero, Lime",BEURER,Beauté et Santé,79.49,77.93,True,marketplace
4211125570354,Beurer Mp 62 - Kit Manucure-pédicure Électrique Pour Les Soins Des Ongles,BEURER,Beauté et Santé,68.86,,True,marketplace
4211125571016,"Beurer Mp 48 - Seche-ongles A Uv A Led - Pratique, Compact",BEURER,Beauté et Santé,47.19,,True,marketplace
4211125571160,Mp 59 - Ponceuse Pieds Waterproof,BEURER,Beauté et Santé,52.49,,True,marketplace
4211125572112,"Coffret Manucure Pédicure Beurer MP41 Blanc - 7 Embouts de Haute Qualité, Lumière LED, 2 Vitesses",BEURER,Beauté et Santé,38.41,,True,marketplace
4211125574000,Beurer Mp 42 Set Manucure / Pédicure - 7 Embouts - Lumiere Led,BEURER,Beauté et Santé,42.23,,True,marketplace
4211125574024,Sanitas 574.02 Outil Électrique De Soin Pour Les Ongles Polisseur À Ongles Électrique,SANITAS,Beauté et Santé,55.68,,True,marketplace
4211125575014,"Beurer Ipl 8800 - Epilateur Longue Durée A Lumiere Pulsée - Sans Fil, Réglable",BEURER,Beauté et Santé,318.23,,True,marketplace
4211125575038,Hair Removal Device Beurer Ipl7800 Cool Pro With Cooling Function,BEURER,Beauté et Santé,201.99,162.14,True,marketplace
4211125575137,"Beurer Ipl 8500 - Epilateur Longue Durée A Lumiere Pulsée - Sans Fil, Réglable",BEURER,Beauté et Santé,268.06,,True,marketplace
4211125580056,Beurer Hr 6000 - Tondeuse Pour Le Rasage Sec Et Humide Du Corps Et Du Visage,BEURER,Beauté et Santé,39.9,27.4,True,marketplace
4211125580094,Hr 8000 - Rasoir Rotatif,BEURER,Beauté et Santé,44.99,38.63,True,marketplace
4211125581329,Ht 22 - Brosse Anti-fourche,BEURER,Beauté et Santé,66.89,,True,marketplace
4211125584139,Fc 49 - Brosse Visage,BEURER,Beauté et Santé,31.24,,True,marketplace
4211125591137,Beurer Sèche-cheveux De Voyage 1600 W Noir Hc 25,BEURER,Beauté et Santé,30.5,,True,marketplace
4211125591199,Beurer Brosse Rotative À Air Chaud 1000 W Noir Ht 80,BEURER,Beauté et Santé,45.44,,True,marketplace
4211125601287,Kit D'accessoires Pour Aérosol Ih21,BEURER,Beauté et Santé,36.9,29.01,True,marketplace
4211125605117,Beurer Brosse Pour Le Corps Fc 25 Blanc Et Rose,BEURER,Beauté et Santé,38.79,,True,marketplace
4211125608033,"Beurer Lampe De Luminothérapie Tl 20 7,2 W Blanc",BEURER,Beauté et Santé,49.99,31.95,True,marketplace
4211125608118,Beurer Lampe De Luminothérapie Tl 41 Touch 26 W Blanc Et Gris,BEURER,Beauté et Santé,109.55,107.4,True,marketplace
4211125608156,"Beurer Tl 50 - Lampe De Luminothérapie - Compact, Sans Uv",BEURER,Beauté et Santé,100,,True,marketplace
4211125608354,BEURER,BEURER,Beauté et Santé,138.39,,True,marketplace
4211125643256,Massage Beurer Fm150,BEURER,Beauté et Santé,97.16,,True,marketplace
4211125735746,Beurer Pèse-personne De Salle De Bain De Diagnostic Bf 400 Noir,BEURER,Beauté et Santé,60.07,58.89,True,marketplace
4211125735753,Bf 400 Signature Line - Pèse Personne,BEURER,Beauté et Santé,49.8,48.82,True,marketplace
4211125735784,Gs 400 Signature Line - Pèse Personne,BEURER,Beauté et Santé,37.44,,True,marketplace
4211125735821,Gs 405 Signature Line - Pèse Personne En Acier Inoxydable,BEURER,Beauté et Santé,59,54.78,True,marketplace
4211125741105,Ps 25 - Pèse-personnes,BEURER,Beauté et Santé,46.79,,True,marketplace
4211125748128,Beurer Pèse-personne De Diagnostic Bf 105 Noir Et Argenté,BEURER,Beauté et Santé,88.6,,True,marketplace
4211125748166,Beurer Pèse-personne De Salle De Bain De Diagnostic Bf 195 Noir,BEURER,Beauté et Santé,54.99,40,True,marketplace
4211125748388,Sanitas Pèse-personne En Verre 180 Kg Argenté Sbf 70,SANITAS,Beauté et Santé,56.39,,True,marketplace
4211125748609,Bf 1000 - Impédancemètre De Précision Connecté,BEURER,Beauté et Santé,335.18,,True,marketplace
4211125749095,Beurer Pèse-personne D'analyse Bf 180 Verre Noir,BEURER,Beauté et Santé,41.21,40.4,True,marketplace
4211125755058,Gs 11 - Pèse-personnes,BEURER,Beauté et Santé,34.29,,True,marketplace
4211125756215,Beurer Pèse-personne De Salle De Bain Gs 10 Verre Noir,BEURER,Beauté et Santé,26.32,25.8,True,marketplace
4211125756253,Gs 203 New York - Pèse-personnes,BEURER,Beauté et Santé,26.03,,True,marketplace
4211125756260,Gs 203 Londres - Pèse-personnes,BEURER,Beauté et Santé,59.78,49.82,True,marketplace
4211125756307,Gs 10 - Pèse-personnes,BEURER,Beauté et Santé,31.45,30.83,True,marketplace
4211125756536,Gs 215 Rome - Pèse Personne,BEURER,Beauté et Santé,26.03,,True,marketplace
4211125756543,Gs 215 San Francisco - Pèse Personne,BEURER,Beauté et Santé,26.03,,True,marketplace
4211125757328,Gs 235 - Pèse-personne Avec Surface Antidérapante,BEURER,Beauté et Santé,45.61,,True,marketplace
4211125757335,Gs 225 - Pèse-personne En Verre,BEURER,Beauté et Santé,42.02,41.2,True,marketplace
4211125760083,Bf 880 - Impédancemètre Connecté Bluetooth,BEURER,Beauté et Santé,73.49,,True,marketplace
4211125764302,Beurer Pèse-personne D'analyse Bg21 Verre Noir,BEURER,Beauté et Santé,37.99,28.6,True,marketplace
4211125764357,Sanitas Pèse-personne Impédancemètre Sbg 21 180 Kg Verre Noir Et Blanc,SANITAS,Beauté et Santé,52.05,,True,marketplace
4211125795146,Beurer Thermomètre Multifonctionnel Ft 65 Blanc Et Gris,BEURER,Beauté et Santé,49.63,48.66,True,marketplace
4260075852270,Pese Personne Ade 0406002,ADE,Beauté et Santé,49.95,35.5,True,marketplace
4260405980215,"Ailoria Flawless Brosse Soufflante À Air Chaud À Chaleur Noir, Violet",AILORIA,Beauté et Santé,99,67.95,True,marketplace
4260405984633,Shine Bright Extra Clean Têtes de brosse Extra Clean - lot de 6 AILORIA,AILORIA,Beauté et Santé,39,33.95,True,marketplace
4260405987306,"Ailoria Revolutionne Brosse À Cils Lilas, Argent",AILORIA,Beauté et Santé,199,109.9,True,marketplace
4260405987320,"Ailoria Respire Sèche-cheveux 2200 W Métallique, Rose",AILORIA,Beauté et Santé,69,50.95,True,marketplace
4260405987405,Shine Bright Brosse à dents à technologie sonique USB AILORIA,AILORIA,Beauté et Santé,159,97.95,True,marketplace
4260405987443,"Ailoria Illumine Brosse À Lisser À Chaleur Bleu 30 W 1,8 M",AILORIA,Beauté et Santé,49,38.95,True,marketplace
4260405987498,"Ailoria Revolutionne Fer À Friser À Chaleur Rose, Acier Inoxydable 3,7 W",AILORIA,Beauté et Santé,199,109.9,True,marketplace
4260405987504,Pro Smile Brosse À Dents À Technologie Sonique Usb AILORIA,AILORIA,Beauté et Santé,59,44.95,True,marketplace
4260405987511,Pro Smile Brosse À Dents À Technologie Sonique Usb AILORIA,AILORIA,Beauté et Santé,59,44.95,True,marketplace
4260405987702,Doucette Pro Râpe Anti-callosités,AILORIA,Beauté et Santé,39,31.95,True,marketplace
4260405987719,Doucette Pro Râpe Anti-callosités,AILORIA,Beauté et Santé,39,31.95,True,marketplace
4260405987818,Flash Travel Brosse À Dents De Voyage À Technologie Sonique Usb AILORIA,AILORIA,Beauté et Santé,99,61.95,True,marketplace
4260405987825,Flash Travel Brosse À Dents De Voyage À Technologie Sonique Usb AILORIA,AILORIA,Beauté et Santé,99,61.95,True,marketplace
4260405987832,"Ailoria Evapore Argent, Blanc",AILORIA,Beauté et Santé,59,44.95,True,marketplace
4260405987849,"Ailoria Evapore Rouge, Blanc",AILORIA,Beauté et Santé,59,44.95,True,marketplace
4260405987856,Bubble Brush Brosse À Dents Électrique Pour Enfants À Technologie Sonique AILORIA,AILORIA,Beauté et Santé,69,50.95,True,marketplace
4260405987870,"Ailoria Evapore Bleu, Blanc",AILORIA,Beauté et Santé,59,44.95,True,marketplace
4260405988174,Ailoria Bubble Brush Enfant Brosse À Dents À Ultrasons Vert,AILORIA,Beauté et Santé,49,38.95,True,marketplace
4260405988433,Evapore Rasoir Électrique (usb),AILORIA,Beauté et Santé,39,32.95,True,marketplace
4260405988440,Evapore Rasoir Électrique (usb),AILORIA,Beauté et Santé,39,32.95,True,marketplace
4260405988464,Ailoria Shine Bright Adulte Brosse À Dents À Ultrasons Or Rose,AILORIA,Beauté et Santé,129,82.95,True,marketplace
4260405988921,Ailoria Shine Bright Adulte Brosse À Dents À Ultrasons Or Rose,AILORIA,Beauté et Santé,129,82.95,True,marketplace
4260405989294,"Ailoria Excellence Fer À Lisser À Chaleur Or Rose, Blanc 50 W",AILORIA,Beauté et Santé,99,67.95,True,marketplace
4260405989607,Masculin Rasoir Électrique - Bullet Black,AILORIA,Beauté et Santé,99,67.95,True,marketplace
4260405989768,"Ailoria Evapore Couleur Menthe, Blanc",AILORIA,Beauté et Santé,59,44.95,True,marketplace
4260405989782,"Ailoria Evapore Lavande, Blanc",AILORIA,Beauté et Santé,59,44.95,True,marketplace
4260405989799,Evapore Rasoir Électrique 5 En 1 (usb),AILORIA,Beauté et Santé,59,44.95,True,marketplace
4260578582766,Pèse-personne Électronique 180kg/100g Verre/bois Ade Be2004,ADE,Beauté et Santé,34.99,20.99,True,marketplace
4260695630227,Ailoria Doucette,AILORIA,Beauté et Santé,59,44.95,True,marketplace
4260695630234,Ailoria Doucette,AILORIA,Beauté et Santé,59,44.95,True,marketplace
4260695630241,Ailoria Doucette,AILORIA,Beauté et Santé,59,44.95,True,marketplace
4260695630340,Shine Bright Brosse à dents à technologie sonique USB AILORIA,AILORIA,Beauté et Santé,169,99.9,True,marketplace
4260695630999,Brosse à dents AILORIA Pro Smile à technologie sonique USB - Laguna Bleu AILORIA,AILORIA,Beauté et Santé,59,44.95,True,marketplace
4260695632856,Contour Glass Kit De Limes À Ongles En Verre Avec Étui,AILORIA,Beauté et Santé,39,32.95,True,marketplace
4260695632863,Contour Glass Kit De Limes À Ongles En Verre Avec Étui,AILORIA,Beauté et Santé,39,32.95,True,marketplace
4260695633334,Doucette Râpe Anti-callosités AILORIA,AILORIA,Beauté et Santé,39,31.95,True,marketplace
4260695633778,Deplaqued Nettoyeur À Dents Sonique AILORIA,AILORIA,Beauté et Santé,49,38.95,True,marketplace
4260695634133,Ailoria 50370125 Brosse Soufflante Et Fer À Lisser Fer À Friser Automatique À Chaleur Blanc 34 W 1 M,AILORIA,Beauté et Santé,199,109.9,True,marketplace
4260695634140,Ailoria 50370126 Brosse Soufflante Et Fer À Lisser Fer À Friser Automatique À Chaleur Noir 34 W 1 M,AILORIA,Beauté et Santé,199,109.9,True,marketplace
4260695634195,Shine Bright Brosse à dents sonique USB AILORIA,AILORIA,Beauté et Santé,119,77.95,True,marketplace
4260695634201,Shine Bright Brosse à dents sonique USB AILORIA,AILORIA,Beauté et Santé,119,77.95,True,marketplace
4260695634218,Shine Bright Brosse à dents sonique USB AILORIA,AILORIA,Beauté et Santé,119,77.95,True,marketplace
4260695634225,Ailoria 50370133 Brosse À Dents Électrique Adulte Brosse À Dents Vibrante Beige AILORIA,AILORIA,Beauté et Santé,119,77.95,True,marketplace
4260695635376,Shine Bright Brosse à dents sonique USB AILORIA,AILORIA,Beauté et Santé,129,82.95,True,marketplace
4260695635413,Shine Bright Brosse à dents sonique USB AILORIA,AILORIA,Beauté et Santé,129,82.95,True,marketplace
4260695635420,Shine Bright Brosse à dents sonique USB AILORIA,AILORIA,Beauté et Santé,179,99.9,True,marketplace
4260695635444,Shine Bright Brosse à dents à technologie sonique USB AILORIA,AILORIA,Beauté et Santé,179,99.9,True,marketplace
4260695635451,Shine Bright Brosse à dents à technologie sonique USB AILORIA,AILORIA,Beauté et Santé,179,99.9,True,marketplace
4260695635475,Evapore Pro Set Rasoir Électrique 5 En 1 (usb),AILORIA,Beauté et Santé,59,44.95,True,marketplace
4894088069907,"Masseur Percussif Powerboost Pro+ Acier Noir 17,7x16,6x4,8 Cm Sharper Image",SHARPIE,Beauté et Santé,120.66,,True,marketplace
4895263602629,Masque De Luminothérapie Led Nanoleaf | Nanoleaf,NANOLEAF,Beauté et Santé,139.42,,True,marketplace
4895493652470,Sèche-cheveux Ionique Haute Vitesse Or Rose,ROLIPO,Beauté et Santé,111.99,55.99,True,marketplace
4895493654696,Brosse De Nettoyage Électrique Sans Fil 450 Rpm,ROLIPO,Beauté et Santé,99.99,49.99,True,marketplace
4897122200014,Renpho Ob02720 - Balance Connectee Bluetooth Impedancemetre - 13 Indic,,Beauté et Santé,42.89,,True,marketplace
4897122207488,Pèse Personne Renpho Elis Chroma A017 Bluetooth Blanche,LOOK & FEEL,Beauté et Santé,55.84,,True,marketplace
4899888115847,Masseur Nettoyant Facial Rechargeable Innovagoods,INNOVAGOODS,Beauté et Santé,42.99,22.73,True,marketplace
4987176183422,Rasoir Électrique Series 5 Grille Plastique Noir Braun,BRAUN,Beauté et Santé,157.99,106.03,True,marketplace
4987176251039,Tondeuse A Cheveux - Hc5510 - Sans Fil - 50 Min - 9 Réglages - Noir,BRAUN,Beauté et Santé,54.99,45.19,True,marketplace
4987176251060,"Braun Hc7590 Tondeuse À Cheveux Noir, Argent 17 Hybrides Nickel-métal (nimh)",BRAUN,Beauté et Santé,67.05,,True,marketplace
5010724539620,Tondeuse Électrique Pour Femme Flawless Bikini Spécial Maillot Rapide Et Indolore Led Intégrée,FLAWLESS FINISH,Beauté et Santé,35.69,,True,marketplace
5010724544389,Finishing Touch Flawless Pedi - Râpe Pied Électrique Rechargeable - Anti-callosités - Expérience De Pédicure A Domicile,FLAWLESS FINISH,Beauté et Santé,36.89,,True,marketplace
5012314108902,"Coffret Cheveux Tondeuse Lames Advanced Ceramic, Auto-affûtées, Auto-lubrifiées",REMINGTON,Beauté et Santé,45.99,35.27,True,marketplace
5025232632695,"Tondeuse Cheveux Sans Fil Panasonic Er1512 Lame X-taper Noire 70 Min 0,8-2 Mm 6 Poils",PANASONIC,Beauté et Santé,140.35,,True,marketplace
5025232687848,Tondeuse Panasonic Ergy 10 Cm 504,PANASONIC,Beauté et Santé,59.99,38.57,True,marketplace
5025232760282,Panasonic - Personalcare Er-gb37-k503 |tondeuse 2 En 1 - Barbe Et Cheveux 20 Réglages,PANASONIC,Beauté et Santé,39.99,26.72,True,marketplace
5025232831265,Rasoir Électrique Panasonic Es-lv69 Gris Tête Multi-flex 5 Lames,PANASONIC,Beauté et Santé,152,,True,marketplace
5025232846153,Panasonic Ew-dm81 Brosse À Dents Électrique Adulte Brosse À Dents À Ultrasons Blanc,PANASONIC,Beauté et Santé,50.66,,True,marketplace
5025232856022,Replacement Heads Panasonic Wew0974w503 2 Heads White,PANASONIC,Beauté et Santé,19.5,,True,marketplace
5025232864478,Panasonic Er-sb60-s803 Tondeuse À Barbe Ac/baterry 38 2 Cm Argent,PANASONIC,Beauté et Santé,179.9,170.38,True,marketplace
5025232867356,Tondeuse Cheveux/ Barbe Panasonic Ersb40k803,PANASONIC,Beauté et Santé,104.19,,True,marketplace
5025232867363,Panasonic Er-sc40-k803 Tondeuse À Cheveux Noir 19 Lithium-ion (li-ion),PANASONIC,Beauté et Santé,129.99,104.18,True,marketplace
5025232873951,Epilateur Rechargeable Tete Xl Flexible 90° 3vit 60 Pincettes Double D,PANASONIC,Beauté et Santé,69.99,48.23,True,marketplace
5025232876921,"Tondeuse Barbe Longue Molette 0,5 A 30mm Auton 50mn 3 Sabots Moteur Ha",PANASONIC,Beauté et Santé,84.99,,True,marketplace
5025232895687,Rasoir Électrique À Tête Mousse Panasonic Es-lv97 Noir 5 Lames Rechargeable,PANASONIC,Beauté et Santé,249.99,228.28,True,marketplace
5025232896417,Panasonic Hair Clipper Black Schwarz Er-gc53-k503 Ergc53k503 (er-gc53-k503),PANASONIC,Beauté et Santé,39.09,,True,marketplace
5025232896424,"Panasonic Er-gc63 Noir, Gris 39",PANASONIC,Beauté et Santé,59.99,51.73,True,marketplace
5025232896455,Panasonic Beard Trimmer Black Schwarz Er-gb44-h503 Ergb44h503 (er-gb44-h503),PANASONIC,Beauté et Santé,53.99,42.7,True,marketplace
5025232896554,Rasoir Panasonic Esrw31k503,PANASONIC,Beauté et Santé,42.01,,True,marketplace
5025232896769,"Panasonic Es-rw33 Rasoir À Grille Tondeuse Noir, Argent",PANASONIC,Beauté et Santé,49.9,44.53,True,marketplace
5025232913749,Seche Cheveux Panasonic Ehna63cn825,PANASONIC,Beauté et Santé,113.79,,True,marketplace
5025232917013,Tondeuse Panasonic Er-dgp84 Lames Précises Carbone/titane,PANASONIC,Beauté et Santé,253.99,218.82,True,marketplace
5025232917037,Tondeuse Homme  For Pros Er-gp84,PANASONIC,Beauté et Santé,209.03,,True,marketplace
5025232920792,Fer À Lisser Panasonic Eh-hs0e-k825 Noir Et Gris,PANASONIC,Beauté et Santé,149.99,138.86,True,marketplace
5025232922376,Tondeuses À Cheveux / Rasoir Panasonic Er-gp84 Gold Edition,PANASONIC,Beauté et Santé,240.92,,True,marketplace
5025232925254,Panasonic Es-lv6u-k803 Rasoir Pour Homme Rasoir À Grille Tondeuse Noir,PANASONIC,Beauté et Santé,281.76,,True,marketplace
5025232925285,Panasonic Es-lv9u-k803 Rasoir Pour Homme Rasoir À Grille Noir,PANASONIC,Beauté et Santé,378.99,297.16,True,marketplace
5025232925629,Tondeuse Homme Panasonic Er Ckn1 A301 Multishape,PANASONIC,Beauté et Santé,84.99,67.08,True,marketplace
5025232925636,Panasonic Er-ckn2 Bleu,PANASONIC,Beauté et Santé,69.99,,True,marketplace
5025232937196,Rasoir Électrique À Grille Panasonic Es-rt37 Noir Rechargeable Wet & Dry Autonomie 54 Min,PANASONIC,Beauté et Santé,56.38,,True,marketplace
5025232937240,Tondeuse Multi 40 Positions Auto 50 Minutes Panasonic - Ergb61k503,PANASONIC,Beauté et Santé,59.99,52.72,True,marketplace
5025232944453,Panasonic Er-6ct01 4 Pz Blu,PANASONIC,Beauté et Santé,11.31,,True,marketplace
5025232951376,Tondeuse Cheveux Professionnelle  Er-gp65 - Sans Fil - Tete De Coupe X-taper 2.0 Et 3 Accessoires,PANASONIC,Beauté et Santé,157.77,,True,marketplace
5025232962723,Hydropulseur Panasonic Ew Dj26 A303 Bleu Gris,PANASONIC,Beauté et Santé,59.99,52.5,True,marketplace
5025232962730,Panasonic Oral Irrigator White (ew-dj26-v303) (ewdj26v303),PANASONIC,Beauté et Santé,49.57,,True,marketplace
5025232962785,Irrigateur Oral Panasonic Ew-dj66-a303 Bleu,PANASONIC,Beauté et Santé,82.5,72.54,True,marketplace
5025232962808,Irrigateur Buccal Ultrasonique Panasonic Ew-dj66 Blanc Rechargeable 200 Ml 5 Niveaux,PANASONIC,Beauté et Santé,81.39,,True,marketplace
5025232962990,Rasoir Femme Panasonic Es Wr51 P503 Blanc,PANASONIC,Beauté et Santé,23.63,,True,marketplace
5025232964529,Sèche-cheveux Panasonic Eh-ne85-k825 2300 W Ionique Noir,PANASONIC,Beauté et Santé,61.59,,True,marketplace
5025232964543,Sèche Cheveux Panasonic Eh Ne87 K825 Noir,PANASONIC,Beauté et Santé,69.99,38.97,True,marketplace
5025232964727,Panasonic Er-chc1,PANASONIC,Beauté et Santé,51.99,,True,marketplace
5025232964734,Tondeuse Homme Panasonic Er Ckl3 A301 Multishape Noir,PANASONIC,Beauté et Santé,90.09,,True,marketplace
5025232966158,"Rasoir Électrique Compact 3 Lames Acier Inoxydable Noir Argent 75,3 X 67 X 31,2 Mm Panasonic",PANASONIC,Beauté et Santé,129.99,96.87,True,marketplace
5025232966172,Rasoir Électrique Panasonic Rasoir Ultra Compact 5 Lames Et Moteur Lineaire Blanc,PANASONIC,Beauté et Santé,313.3,,True,marketplace
5025232966196,"Rasoir Électrique Panasonic Rasoir Ultra Compact 5 Lames Et Moteur Lineaire, Noir",PANASONIC,Beauté et Santé,399.99,309.93,True,marketplace
5025232966226,Sèche Cheveux Panasonic Eh Na7m H825 Avec Technologie Nanoe Et Manche Pliable Bleu Gris,PANASONIC,Beauté et Santé,94.01,,True,marketplace
5025232966240,Sèche-cheveux Panasonic Nanoe Double Mineral Gris Foncé 275 X 155 X 70 Mm Panasonic,PANASONIC,Beauté et Santé,175.44,,True,marketplace
5025232981953,Tondeuse Panasonic Ergn33h301,PANASONIC,Beauté et Santé,15.99,14.07,True,marketplace
5025232982349,Tondeuse De Précision The Barikan 0.3mm 2 Vitesses Lith 150g Gold Panasonic,PANASONIC,Beauté et Santé,239.9,231.76,True,marketplace
5025232984121,Épilateur Électrique Panasonic Es-ey70ag503 Wet & Dry Vert 60 Pinces 4 Têtes,PANASONIC,Beauté et Santé,128.94,,True,marketplace
5025232985814,"Rasoir Électrique Série 500 3 Lames Acier Inox Noir 16,5x3,8x7 Cm Panasonic",PANASONIC,Beauté et Santé,99.99,68.16,True,marketplace
5025232986378,"Tondeuse Homme Panasonic Er-egb62s503 Sans Fil Réglable 0,5-20mm Noir",PANASONIC,Beauté et Santé,56.45,,True,marketplace
5025232991914,"Lisseur-boucleur 2-en-1 Céramique Vert Matcha 27,1 Cm Panasonic",PANASONIC,Beauté et Santé,69.99,63.25,True,marketplace
5037127005071,"Wahl Wa9155-1216 Tondeuse À Cheveux Bleu, Argent",WAHL,Beauté et Santé,23.99,21.1,True,marketplace
5037127005330,Tondeuse cheveux Filaire Homme WAHL,WAHL,Beauté et Santé,28.98,,True,marketplace
5037127008065,Tondeuse Homme Wahl Groomsman Body 9953 1016,WAHL,Beauté et Santé,34.99,30.65,True,marketplace
5038061100587,Remington Sèche-cheveux Curl And Straight Confidence D5706 2200 W,REMINGTON,Beauté et Santé,41.35,,True,marketplace
5038061100631,"Remington Proluxe Midnight Edition Sèche-cheveux 2400 W Noir, Or",REMINGTON,Beauté et Santé,55.99,43.62,True,marketplace
5038061100921,"Tondeuse Multifonctions Etanche Graphite Series G5, Cheveux, Barbe, Corps",REMINGTON,Beauté et Santé,54.69,,True,marketplace
5038061101096,"Coffret Premium Tondeuse Cheveux Stylist, Lames Inox Auto-affutées, 8 Guides De Coupe",REMINGTON,Beauté et Santé,79.99,36.24,True,marketplace
5038061101126,"Remington Mpt1000 Rasoio Da Uomo Cromo, Acciaio Inox",REMINGTON,Beauté et Santé,64.99,26.44,True,marketplace
5038061105520,Lisseur Cheveux Remington Shine Therapy Pro Bleu Plaques Flottantes 110 Mm Écran Lcd,REMINGTON,Beauté et Santé,54.99,45.02,True,marketplace
5038061105575,"Remington Ac9300 Seche-cheveux Shine Therapy 2200w, Moteur Ac, Soin Micromoléculaire Huile Argan Du Maroc, Super Ionique",REMINGTON,Beauté et Santé,43.99,35.19,True,marketplace
5038061105629,Brosse Soufflante Chauffante Remington As8606 Céramique Noir Or Rose 800 W,REMINGTON,Beauté et Santé,49.53,,True,marketplace
5038061105742,Tondeuse barbe MB5000 REMINGTON,REMINGTON,Beauté et Santé,40.83,,True,marketplace
5038061105964,"Remington Mb4000 Tondeuse Barbe Style Series, Lames Acier Auto-affûtées, Précision",REMINGTON,Beauté et Santé,36.24,,True,marketplace
5038061106121,REMINGTON,REMINGTON,Beauté et Santé,45.06,,True,marketplace
5038061106428,Remington S5408 Fer A Lisser Mineral Glow Advanced Ceramic,REMINGTON,Beauté et Santé,36.47,,True,marketplace
5038061110043,Remington Fer À Onduler Réglable 4 En 1 Avec Pinces Proluxe,REMINGTON,Beauté et Santé,53.93,,True,marketplace
5038061110524,Lisseur  Lisseur Hydraluxe - S8901 - Blanc REMINGTON,REMINGTON,Beauté et Santé,42.91,,True,marketplace
5038061111101,"Remington Mb7050 Tondeuse À Barbe Ac/batterie 9 2,5 Cm Mouillé & Sec Noir",REMINGTON,Beauté et Santé,78.06,,True,marketplace
5038061111187,"Remington Pg9100 Tondeuse Multifonction Cheveux Barbe Corps Heritage, Sans Fil",REMINGTON,Beauté et Santé,82.86,76.72,True,marketplace
5038061111774,Tondeuse hg2000 REMINGTON,REMINGTON,Beauté et Santé,59.99,24.1,True,marketplace
5038061112887,Lisseur S7972 Aqualisse Pro – Jusqu'a 230° - 10 Températures – Arret Automatique – Pochette De Rangement,REMINGTON,Beauté et Santé,69.99,55.41,True,marketplace
5038061112948,Seche-cheveux Supercare Pro 2100  Ac7100 – 2100w – 3 Températures – Concentrateur Fin Inclus,REMINGTON,Beauté et Santé,72.99,34.05,True,marketplace
5038061112979,Remington Sèche-cheveux Supercare Pro 2200 Ac 2200 W Noir,REMINGTON,Beauté et Santé,50.99,47.8,True,marketplace
5038061113648,"Remington Supercare Pro 2200 Ac Sèche-cheveux 2200 W Noir, Blanc",REMINGTON,Beauté et Santé,63.99,33.01,True,marketplace
5038061133677,Rasoir Remington R6000,REMINGTON,Beauté et Santé,73.59,,True,marketplace
5038061134049,Tondeuse cheveux HC3000 REMINGTON,REMINGTON,Beauté et Santé,40.87,,True,marketplace
5038061134094,Tondeuse Cheveux - Hc4000 X4 Power Xseries - 60 Min - Blanc / Bleu,REMINGTON,Beauté et Santé,45.99,35.13,True,marketplace
5038061134193,"Tondeuse Barbe Sans Fil Remington Mb4047 Lames Titane 0,5-35 Mm Kit Accessoires",REMINGTON,Beauté et Santé,49.99,36.64,True,marketplace
5038061134308,"S6308 Fer A Lisser, Lisseur Advanced Ceramic Soin Eclat Brillance, Plaques Flottantes, Cheveux Doux, Lisses Et Soyeux",REMINGTON,Beauté et Santé,30.91,,True,marketplace
5038061134339,Seche-cheveux  D6098 - 2200w Ionique - Brillance Cheveux Naturels Et Colorés,REMINGTON,Beauté et Santé,36.01,,True,marketplace
5038061135060,Rasoir Electrique Remington Hc4110,REMINGTON,Beauté et Santé,39.99,21.02,True,marketplace
5038061135602,Tondeuse multifonctions PG6020 REMINGTON,REMINGTON,Beauté et Santé,44.99,38.8,True,marketplace
5038061135879,Sèche Cheveux Remington Proluxe You Ac9800,REMINGTON,Beauté et Santé,118.59,,True,marketplace
5038061136029,"Remington Ci6x10 Fer A Boucler, Boucleur Pro Tight Curl 10mm Revetement 4x Protection",REMINGTON,Beauté et Santé,44.99,35.66,True,marketplace
5038061136111,Remington Ne7000 Batteria 5 Mm Nero,REMINGTON,Beauté et Santé,36.88,,True,marketplace
5038061139136,Remington S8500gp Asciuga Capelli 2300 W Phon Bianco,REMINGTON,Beauté et Santé,66.26,61.35,True,marketplace
5038061139877,Lisseur  S4740 Shea Soft – 5 Températures De 150 A 230° - Revetement Advanced Ceramic Enrichi A L'huile De Karité,REMINGTON,Beauté et Santé,29.99,25.12,True,marketplace
5038061140491,none Botanicals CI5860 REMINGTON,REMINGTON,Beauté et Santé,67.5,42.51,True,marketplace
5038061140958,Remington As9880 Brosse Soufflante À Air Chaud À Chaleur Lilas 1000 W 3 M,REMINGTON,Beauté et Santé,90.99,85.9,True,marketplace
5038061141009,Brosse Soufflante Hot Air Remington As5860 Céramique Ioniseur 800w Noir Argent 3 M,REMINGTON,Beauté et Santé,50.94,,True,marketplace
5038061142266,Brosse Coiffante Remington Blow Dry & Style As7700,REMINGTON,Beauté et Santé,69.99,63.3,True,marketplace
5038061142358,Brosse Soufflante Remington As7100 Blow D&s – 2 Vitesses Et 2 Températures – 2 Accessoires : Brosse 19mm Et 25mm,REMINGTON,Beauté et Santé,36.99,24.1,True,marketplace
5038061144086,"Rasoir Électrique Xr1750 X5 Limitless - Technologie Pivot Ball 360°, 3 Tetes Flexibles, Confort, Wet&dry, Sans Fil",REMINGTON,Beauté et Santé,81.29,,True,marketplace
5038061146288,Remington D3016gp Asciuga Capelli 2000 W Nero,REMINGTON,Beauté et Santé,46.61,43.16,True,marketplace
5038061146431,Tondeuse Homme Remington Pg780 Tondeuse Multifonction Head & Body One,REMINGTON,Beauté et Santé,78.74,,True,marketplace
5038061146592,Seche-cheveux Remington 45773560100 D2000 Mystylist,REMINGTON,Beauté et Santé,21.35,,True,marketplace
5038061152012,Rasoir Grille F2002 F2 Style Series – Sans Fil – Jusqu'a 40 D'autonomie – Bord Arrondis,REMINGTON,Beauté et Santé,40,27.15,True,marketplace
5038061152067,"Rasoir Électrique Style Series F4002 Rasage A Sec Et Humide, Étanche, Protege-tete, Comforttrim, Secteur/sans Fil 50min",REMINGTON,Beauté et Santé,54.99,27.15,True,marketplace
5038061152173,Lisseur Onduleur Remington One S6077 2 En 1 Noir Rose 110 Mm,REMINGTON,Beauté et Santé,76.03,,True,marketplace
5038061152227,Sèche Cheveux Remington Dry & Style One D6077 Gris Rose,REMINGTON,Beauté et Santé,65.99,51.73,True,marketplace
5038061152272,Lisseur S1370 Ceramic Straight – Température Max 215° - Arret Automatique – Revetement Céramique,REMINGTON,Beauté et Santé,27.07,,True,marketplace
5038061152357,Lisseur S5305 Rose Shimmer - 5 Températures 150 A 230°c – Chauffe Rapide – Arret Automatique,REMINGTON,Beauté et Santé,73.99,29.47,True,marketplace
5038061152418,Seche-cheveux D5305 Rose Shimmer,REMINGTON,Beauté et Santé,80.99,28.5,True,marketplace
5038061152463,"Coffret Seche-cheveux Style Edit  D3171gp – 2200w - Vanity De Rangement,diffuseur, Brosse Plate Et Chouchou En Soie",REMINGTON,Beauté et Santé,36.67,,True,marketplace
5038061155631,Tondeuse Barbe - R4002 R4 Style Series Rotary Shaver - 40 Min - Noir,REMINGTON,Beauté et Santé,95,57.79,True,marketplace
5038061155686,Rasoir Électrique 10 En 1 Remington G10 Graphite Gris Kit Tondeuse Usb,REMINGTON,Beauté et Santé,26.2,,True,marketplace
5038061155716,Rasoir Électrique Femme Remington G12 Graphite Series Multicolore 12 En 1 Tête Rotative,REMINGTON,Beauté et Santé,36.88,,True,marketplace
5038061164534,Rasoir A Lames Sans Fil F7000 Lames Tri-flex Tete De Découpe 100% Étanche Autonomie 80 Min,REMINGTON,Beauté et Santé,102.99,49.02,True,marketplace
5038061164589,Tondeuse Barbe Remington The Works Mb905 Kit 9 Réglages 2-18 Mm Lames Auto-affûtantes Charge Usb Noir Gris,REMINGTON,Beauté et Santé,34.73,32.16,True,marketplace
5038061164633,Kit De Voyage Ne3890 13 Pieces Lames Inox Accessoires Nez Et Oreilles Housse Zippée,REMINGTON,Beauté et Santé,23.99,15.56,True,marketplace
5038061164732,"Rasoir Électrique Femme Remington Xr1755 Hybride Synx Multicolore 16,3 X 14,4 X 16,5 Cm 50 Min",REMINGTON,Beauté et Santé,63.59,,True,marketplace
5038061164831,Rasoir Rotatif Sans Fil R1000 3 Lames Dual Track Tondeuse Escamotable Autonomie 30 Min Led,REMINGTON,Beauté et Santé,26.2,,True,marketplace
5038061164886,Rasoir Électrique Sans Fil Remington F1000 Tête Rotative Lames Lavables,REMINGTON,Beauté et Santé,60.99,27.01,True,marketplace
5038061175813,Remington Ci41ms5 Messa In Piega Spazzola Per Arricciare Caldo Beige,REMINGTON,Beauté et Santé,59.99,50.57,True,marketplace
5060035707027,Fauteuil de massage ETNA spécialiste shiatsu ZEN,ZEN,Beauté et Santé,99.99,94.85,True,marketplace
5060035707089,Balnéothérapie Zen Thalasso Pieds Nile Blanc Vert,ZEN,Beauté et Santé,80.42,,True,marketplace
5060760613754,Ghd Curve Thin Wand,GHD,Beauté et Santé,295.59,289.79,True,marketplace
5060760618636,Lisseur Séchant - Duet Style - Noir - 2-en-1 - Air-fusion - Mode Shine Shot,GHD,Beauté et Santé,281.81,,True,marketplace
5060760618797,Lisseur Séchant 2-en-1 Ghd Duet Style Blanc Air-fusion 4 Plaques,GHD,Beauté et Santé,271.98,,True,marketplace
5060777122928,Lisseur Cheveux Ghd Original Styler Noire Plaques Céramique Flottantes 185°c 30s Chauffe,GHD,Beauté et Santé,200.99,164.65,True,marketplace
5060777128364,"Ghd 9043 Messa In Piega Piastra Per Capelli Bianco 2,7 M",GHD,Beauté et Santé,329.99,238.51,True,marketplace
5060926685472,Sèche-cheveux Tangle Teezer Ultimate Detangler Rose,TANGLE TEEZER,Beauté et Santé,22.59,22.15,True,marketplace
5404035004104,Tondeuse Électrique Professionnelle Rechargeable Vert Herzberg Hg04104-gre,HERZBERG,Beauté et Santé,29.9,19.9,True,marketplace
5404035004111,Tondeuse Électrique Professionnelle Rechargeable Noir Herzberg Hg04111-blk,HERZBERG,Beauté et Santé,29.9,19.9,True,marketplace
5404035004258,Tapis De Massage Des Pieds Automatique Electrique Herzberg Hg04258,HERZBERG,Beauté et Santé,29.9,19.9,True,marketplace
5404035004272,Balance Corporelle Rechargeable Et Thermometre D'ambiance Herzberg Hg04272,HERZBERG,Beauté et Santé,29.9,19.9,True,marketplace
5404035006450,Appareil De Massage Pour La Nuque Et Épaule Shiatsu Beige Herzberg Hgmsg20-bei,HERZBERG,Beauté et Santé,49.9,37.9,True,marketplace
5404035006467,Appareil De Massage Pour La Nuque Et Épaule Shiatsu Noir Herzberg Hgmsg20-blk,HERZBERG,Beauté et Santé,49.9,37.9,True,marketplace
5404035006771,Appareil De Massage Shiatsu Épaules Et Nuque Vert Herzberg Hgmsg30,HERZBERG,Beauté et Santé,45.9,37.9,True,marketplace
5411397008756,Domo Pese-bagage 50kg Do9090w,DOMO,Beauté et Santé,27.34,,True,marketplace
5411397147882,Sèche-cheveux Ionique Domo Do2135hd 1800w Bldc Gris 3 Temp/3 Vitesses Nano-ions Cool Shot Diffuseurs,DOMO,Beauté et Santé,123.75,,True,marketplace
5411397178244,Balance Connectée Analyse Corporelle Domo My Balance Do9305w Verre Trempé Blanche,DOMO,Beauté et Santé,37.58,,True,marketplace
5412810334506,Nedis Pesc500bk Balance Carré Noir Pèse-personne Électronique,NEDIS,Beauté et Santé,30.99,23.39,True,marketplace
5412810334513,Nedis Pesc500wt Balance Carré Blanc Pèse-personne Électronique,NEDIS,Beauté et Santé,29.5,22.63,True,marketplace
5414343020079,Sèche-cheveux Olivia Garden Expert Blowout Shine,OLIVIA GARDEN,Beauté et Santé,25.64,,True,marketplace
5414343020086,Sèche-cheveux Olivia Garden Expert Blowout Shine Nº 80 Mm,OLIVIA GARDEN,Beauté et Santé,31.99,29.95,True,marketplace
5601988410673,Seche-cheveux Becken Bphd4501,BECKEN,Beauté et Santé,39.25,,True,marketplace
5601988453625,Sechoir Standard Becken Bshd4604,BECKEN,Beauté et Santé,51.43,39.56,True,marketplace
5608475012679,Haeger Hd-200.012a Sèche-cheveux 2000 W Noir,HAEGER,Beauté et Santé,27.99,22.23,True,marketplace
5608475013072,"Haeger Styler Noir, Argent",HAEGER,Beauté et Santé,21.99,13.33,True,marketplace
5608475013096,Haeger Precision Ii Noir,HAEGER,Beauté et Santé,24.99,21.03,True,marketplace
5608475013119,"Haeger Trimmer 5 In 1 Noir, Argent",HAEGER,Beauté et Santé,34.99,31.55,True,marketplace
5608475013614,Haeger Expert Trim Or Lithium,HAEGER,Beauté et Santé,26.03,,True,marketplace
5608475014796,Haeger Bs-dig.011a Balance Carré Blanc Pèse-personne Électronique,HAEGER,Beauté et Santé,29.99,27.8,True,marketplace
5608475015304,Haeger Perfect Travel Sèche-cheveux 750 W Noir,HAEGER,Beauté et Santé,17.99,14.9,True,marketplace
5608475015328,Haeger Pro Hair Sèche-cheveux 2300 W Noir,HAEGER,Beauté et Santé,26.03,,True,marketplace
5608475017056,Seche-cheveux Haeg Turbo Dryer 1800,HAEGER,Beauté et Santé,24.99,21,True,marketplace
5608475023323,Fer A Friser Haeger Golden Curls,HAEGER,Beauté et Santé,48.99,38.21,True,marketplace
5608475023385,Fer Plat Haeger Tourmaline Power,HAEGER,Beauté et Santé,38.21,,True,marketplace
5608475023415,Fer Plat Haeger Steam Styler Pro,HAEGER,Beauté et Santé,53.99,35.09,True,marketplace
5608475035548,Haeger G-man Ultra Rasoir Rotatif Tondeuse Noir,HAEGER,Beauté et Santé,25.73,,True,marketplace
5608475035609,Tondeuse Haeger Nt-rec.004a,HAEGER,Beauté et Santé,12,,True,marketplace
5707160017965,Sèche-cheveux 1600w Avec Poignée Pliable Noir Melissa,MELISSA,Beauté et Santé,18.69,,True,marketplace
5707160018016,"Melissa 16670084 Tondeuse À Cheveux Noir, Métallique Hybrides Nickel-métal (nimh)",MELISSA,Beauté et Santé,29.77,,True,marketplace
5707160020668,"Melissa 16680051 - Rasoir Rechargeable Pour Hommes 5w, Noir",MELISSA,Beauté et Santé,35.87,,True,marketplace
5707160022563,Lisseur À Cheveux 37w Infinity Noir Melissa,MELISSA,Beauté et Santé,24.59,,True,marketplace
5707160022570,Fer À Friser 35w Infinity Noir Melissa,MELISSA,Beauté et Santé,25.95,,True,marketplace
5708642031103,"Obh Nordica Touch Fer À Friser À Chaleur Noir 2,8 M",OBH NORDICA,Beauté et Santé,94.99,62.83,True,marketplace
5708642035415,"Obh Nordica Air Curler 250w Brosse Soufflante À Air Chaud À Chaleur Noir 2,8 M",OBH NORDICA,Beauté et Santé,64.99,41.98,True,marketplace
5708642051255,Obh Nordica Dry & Go Sèche-cheveux 1100 W Noir,OBH NORDICA,Beauté et Santé,59.99,40.14,True,marketplace
5708642051880,Obh Nordica Flow Travel Sèche-cheveux 1200 W Noir,OBH NORDICA,Beauté et Santé,69.99,44.85,True,marketplace
5708642051910,Obh Nordica Björn Axén Tools Power Pro 2200w Sèche-cheveux Noir,OBH NORDICA,Beauté et Santé,84.99,51.73,True,marketplace
5708642051958,Obh Nordica Ac 2000 Sèche-cheveux 2000 W Noir,OBH NORDICA,Beauté et Santé,134.99,92.81,True,marketplace
5900779946460,Pèse-personne Lcd - Bambou Jusqu'à 180 Kg,AUTRES,Beauté et Santé,29.99,23.28,True,marketplace
5901299915769,Rasoir Rechargeable Ergonomique Esperanza - Noir Et Bleu,NORTHIX,Beauté et Santé,19.49,,True,marketplace
5901299915837,"Brosse Soufflante Hope Ebl001k, Noire, 1,6 M, 400 W",ESPERANZA,Beauté et Santé,15.39,,True,marketplace
5901299915844,"Brosse Soufflante Esperanza Ebl001w Noire Chaude, Blanche 1,6 M 400 W",ESPERANZA,Beauté et Santé,16.2,,True,marketplace
5901299956601,Esperanza - Lampe À Ongles Uv - 36 W,NORTHIX,Beauté et Santé,17.94,,True,marketplace
5901750501845,Tondeuses À Cheveux / Rasoir Blaupunkt Hcc-401 (1 Unité),BLAUPUNKT,Beauté et Santé,42.99,29.49,True,marketplace
5901750501968,Sèche-cheveux Blaupunkt Hdd301ro 1200w Pliable Élégant,BLAUPUNKT,Beauté et Santé,22.99,19.21,True,marketplace
5901750502149,Brosse À Dents Électrique Blaupunkt Dts601,BLAUPUNKT,Beauté et Santé,60.99,40.67,True,marketplace
5901750505003,Blaupunkt Hss601 Brosse Soufflante Et Fer À Lisser À Chaleur Noir 49 W,BLAUPUNKT,Beauté et Santé,31.99,28.78,True,marketplace
5901750505027,"Blaupunkt Hcc701 Tondeuse À Cheveux Gris, Gris Clair 6 Lithium",BLAUPUNKT,Beauté et Santé,72.99,64.75,True,marketplace
5901750505539,Tondeuse Blaupunkt Msr711,BLAUPUNKT,Beauté et Santé,64.99,46.97,True,marketplace
5902854513895,Irrigateur Dentaire Stationnaire Berdsen Clearjet X2,BERDSEN,Beauté et Santé,47.4,,True,marketplace
5902854513901,Irrigateur Dentaire Berdsen Clearjet X3 Étanche Avec Autonomie De 3 À 4 Semaines,BERDSEN,Beauté et Santé,54.99,35.67,True,marketplace
5902934830416,"Pèse-personne Analogique, Mécanique 130kg, Précision, Antidérapante, Sans Piles Mesko Ms8160 Blanc",MESKO,Beauté et Santé,12.81,,True,marketplace
5902934833783,Tondeuse Pour Cheveux Adler Ad 2832 Puissance 40w,ADLER,Beauté et Santé,25.51,,True,marketplace
5902934834728,"Camry Premium Cr 2255 Sèche-cheveux 2000 W Noir, Or",ADLER,Beauté et Santé,24.55,,True,marketplace
5902934839594,"Camry Premium Cr 2254 Sèche-cheveux 1200 W Rose, Blanc",ADLER,Beauté et Santé,12.86,,True,marketplace
5902934839785,Sèche-cheveux Adler Europe Cr 2253 2400w Diffuseur Rouge,ADLER,Beauté et Santé,27.5,21.02,True,marketplace
5903003702542,Masque Led Beautifly Aura Glam Pro 4 Modes Lumineux Raffermissement,BEAUTIFY,Beauté et Santé,523.99,279.55,True,marketplace
5903887802307,Adler Ad 2263 Sèche-cheveux 1800 W Bleu,ADLER,Beauté et Santé,16.83,,True,marketplace
5903887802345,Adler Ad 2265 Sèche-cheveux 1200 W Vert,ADLER,Beauté et Santé,34.99,15.83,True,marketplace
5903887802383,Tondeuse Adler Ad 2831,ADLER,Beauté et Santé,54.99,41.81,True,marketplace
5903887803021,Adler Ad 2267 Sèche-cheveux 2100 W Noir,ADLER,Beauté et Santé,19.88,,True,marketplace
5903887804639,Adler Ad 8174s Rectangle Argent Pèse-personne Électronique,ADLER,Beauté et Santé,23.99,21.31,True,marketplace
5903887805483,"Tondeuse Pour Cheveux Adler-europe Camry Cr 2835g, Lame Titane-céramique",ADLER,Beauté et Santé,46.99,42.86,True,marketplace
5903887805827,Adler Ad 2934w Tondeuse À Cheveux Blanc 2 Alcaline,ADLER,Beauté et Santé,34.99,19.09,True,marketplace
5903887806886,"Pèse-personne Analogique, Mécanique 150kg, Précision, Antidérapante, Sans Piles Adler Ad8177 Blanc/gris",ADLER,Beauté et Santé,44.99,42.4,True,marketplace
5903887807081,Adler Ad 2937 Rasoir Pour Homme Rasoir Rotatif Bleu,ADLER,Beauté et Santé,15.55,,True,marketplace
5905575900630,Sèche-cheveux No Name Cr 2268 Bleu Noir Or 1800 W,NO NAME,Beauté et Santé,29.59,,True,marketplace
5905575904249,Sèche-cheveux Adler Ad 2279b Bleu 1800 W,ADLER,Beauté et Santé,20.76,,True,marketplace
5905575904812,Rasoir Electrique Adler Ad 2910,ADLER,Beauté et Santé,28.99,18.82,True,marketplace
