ean,title,brand,category,price,promo_price,available,seller_type
3616473658814,"Charbon de Bois 2,5kg Qualité Supérieure CARREFOUR",CARREFOUR,Jardin,5.79,9.26,True,carrefour
3616181912734,Charbon de Bois 5kg Qualité Supérieure CARREFOUR,CARREFOUR,Jardin,9.99,15.98,True,carrefour
3267070041822,Pergola Bioclimatique Autoportante 3x3m à Lame Orientable Gris Anthracite Toscana,,Jardin,599.99,,True,carrefour
3616181402235,Barbecue à Charbon de bois Nomade S20 Bleu HYBA,HYBA,Jardin,20,20,True,carrefour
8711245162256,Salon de Jardin Bas résine gris 4 places - 5 piéces Atlas KETER,KETER,Jardin,129.99,,True,carrefour
3616958731452,Salon de Jardin Bas en Bois Acacia 4 pièces Java HYBA,HYBA,Jardin,169.99,,True,carrefour
3617702258669,"Ensemble de jardin en bois d'Acacia 1 table, 6 chaises Halong HYBA",HYBA,Jardin,399.99,,True,carrefour
4061173069665,Parasol  350 Cm Mécanisme Facile À Manipuler,TECTAKE,Jardin,179,105.9,True,marketplace
4061173125477,"Salon De Jardin 10 Places Encastrable Avec Housse, Gris 167x109,5x73cm",TECTAKE,Jardin,859,549.9,True,marketplace
7841159667460,"Salon De Jardin (4-5 Places), 2 Tables Basses Empilables Avec Coussins D'assise Et Oreillers Gris",KOMHTOM,Jardin,853.18,512.99,True,marketplace
3292193147274,Barbecue à Charbon de Bois avec cuve en Fonte sur Chariot Andernos SOMAGIC,SOMAGIC,Jardin,59.99,,True,carrefour
3616958731971,Fauteuil de jardin Empilable Aluminium Noir Gaya HYBA,HYBA,Jardin,39,,True,carrefour
3616958731933,Table de Jardin Extensible 180/240cm en Bois Eucalyptus  Gaya HYBA,HYBA,Jardin,185,,True,carrefour
3701577651295,"Pergola Bioclimatique Autoportante Avec Lames Orientables ""howard"" - 3",HABITAT ET JARDIN,Jardin,1144.34,868,True,marketplace
3560238908624,"Rideaux Pour Tonnelle ""palmeira"" 3x3m En Polyester Ardoise - Hespéride",HESPERIDE,Jardin,139.99,,True,marketplace
3616958736945,Parasol Deporté à Manivelle effet Bois D3m Noir Gaya HYBA,HYBA,Jardin,79.99,,True,carrefour
3616958792194,Barbecue à Gaz 4+1 brûleurs Phoenix HYBA,HYBA,Jardin,319.99,,True,carrefour
5411074231736,Tondeuse À Gazon Électrique 1800w - 42cm - Elem Garden,NONE,Jardin,165.38,119,True,marketplace
3700242109949,Récupérateur d'eau de pluie 650L Vertical Mural Beige BELLI,BELLI,Jardin,149.99,,True,carrefour
3617702266725,Barbecue Japonais Kamado à Charbon de bois D45cm avec 2 planches en bois Osaka HYBA,HYBA,Jardin,329.99,,True,carrefour
3614612116959,"Ensemble de Jardin 1 Table, 4 Fauteuils, 1 Parasol Rona Blanc HYBA",HYBA,Jardin,229.99,,True,carrefour
4779036580133,"Garage En Bois, Ep 28mm, Surface Utile 17.42m², INT013/INEKSA",INEKSA,Jardin,2440,,True,marketplace
4779036580614,"Abri De Jardin En Bois Brut, Ep 19mm, Surface Utile 7.62m² Int019 / Ineksa",INEKSA,Jardin,1320,,True,marketplace
4779036580799,"Abri De Jardin En Bois Brut, Ep 28mm, Surface Utile 9.9m² Int021 /ineksa",INEKSA,Jardin,1690,,True,marketplace
4779036580621,"Abri De Jardin En Bois Traité, Ep 19mm, Int007, Surface Utile 8.29m² / Ineksa",INEKSA,Jardin,1460,,True,marketplace
3700242109253,Arrosoir Jardin 11L Gris avec Pomme BELLI,BELLI,Jardin,4.5,,True,carrefour
3700242108249,Arrosoir Jardin Renforcé 13L avec Pomme Laiton BELLI,BELLI,Jardin,12.99,,True,carrefour
3700242108850,"Arrosoir Long bec Fluo 2,5L Couleur Aléatoire BELLI",BELLI,Jardin,4.99,,True,carrefour
3700242102391,Arrosoir Jardin 6L Vert avec Pomme BELLI,BELLI,Jardin,6.1,,True,carrefour
3700242100526,Arrosoir Jardin 6L Prune avec Pomme BELLI,BELLI,Jardin,6.1,,True,carrefour
3700242102407,Arrosoir Jardin 6L Fuschia avec Pomme BELLI,BELLI,Jardin,6.1,,True,carrefour
3616957571615,Table basse de Jardin Ronde 50cm H50cm Acier Noir Plateau en Verre Acapulco HYBA,HYBA,Jardin,24.99,,True,carrefour
3616958730103,Fauteuil de Jardin en Fibre tréssée Acapulco Vert HYBA,HYBA,Jardin,29.99,,True,carrefour
3617702211398,Fauteuil de jardin naturel Acapulco HYBA,HYBA,Jardin,29.99,,True,carrefour
3617702211459,Fauteuil de jardin naturel enfant Acapulco HYBA,HYBA,Jardin,24.99,,True,carrefour
3616957625943,"Piscine Tubulaire Ronde 3,66x0,76m Acapulco CARREFOUR",CARREFOUR,Jardin,159.99,,True,carrefour
8009271978003,Fauteuil de Jardin Plastique Adirondack Coloris Aléatoire PROGARDEN,PROGARDEN,Jardin,14.99,,True,carrefour
3267070043758,Salon de Jardin Bas 4 places Vert Olive Almeria,,Jardin,199.99,,True,carrefour
3617702353500,Salon de Jardin Bas 4 places gris Antalya,,Jardin,69.99,,True,carrefour
0638801402169,"Abri de Jardin en Résine 11,95m2 Gris Premium Apex DURAMAX",DURAMAX,Jardin,1890,,True,carrefour
3616479557869,Plancha Gaz à Poser 3 feux Inox Arona HYBA,HYBA,Jardin,89.99,,True,carrefour
3616958792224,Barbecue à Gaz 4 brûleurs Atlanta HYBA,HYBA,Jardin,299.99,,True,carrefour
3616957625882,"Piscine Autoportante Ronde 2,4x0,6m Bahia BESTWAY",BESTWAY,Jardin,31.49,,True,carrefour
3616473100719,"Ensemble Balcon Pliant 1 Table Ronde, 2 Chaises Bois Acacia Teinté Bali HYBA",HYBA,Jardin,69.99,,True,carrefour
3616473102140,"Pliant 1 Table, 4 Chaises Bois Acacia Bali Ensemble Terrasse HYBA",HYBA,Jardin,169.99,,True,carrefour
3617702222684,Tabouret haut métal noir Bergen HYBA,HYBA,Jardin,19.99,,True,carrefour
3617702250113,Brasero Plancha Extérieur avec table en Bois 4 roulettes Bergen avec Housse HYBA,HYBA,Jardin,299,,True,carrefour
3267070031991,Table de Balcon Ronde 60cm Bistrot Acier Aluminium Chromé,,Jardin,39.99,,True,carrefour
3616957585582,Table de Balcon Pliante Carré 60x60cm Bistrot Gris HYBA,HYBA,Jardin,29.99,,True,carrefour
3617702211305,Chaise de balcon bleu Bistrot HYBA,HYBA,Jardin,19.99,,True,carrefour
3617702211312,Chaise de balcon vert Bistrot HYBA,HYBA,Jardin,19.99,,True,carrefour
3617702211282,Table de balcon carrée pliante 60cm Bleu Bistrot HYBA,HYBA,Jardin,29.99,,True,carrefour
3616957585544,Chaise de balcon grise Bistrot HYBA,HYBA,Jardin,19.99,,True,carrefour
3617702211299,Table de balcon carrée pliante 60cm vert Bistrot HYBA,HYBA,Jardin,29.99,,True,carrefour
3616958784403,Chaise de Jardin en teck Borneo HYBA,HYBA,Jardin,69.99,,True,carrefour
3616958783833,Table de Jardin Ronde 5/8 personnes en Bois Teck avec plateau tournant Bornéo HYBA,HYBA,Jardin,499.99,,True,carrefour
3617702209289,Table de Jardin Ronde en bois Teck 6 places D140cm Brisbane HYBA,HYBA,Jardin,299.99,,True,carrefour
3617702222776,Fauteuil de jardin dossier haut gris Brisbane HYBA,HYBA,Jardin,59.99,,True,carrefour
3616957625899,"Piscine Autoportante Ronde 3,05x0,7m Californi CARREFOUR",CARREFOUR,Jardin,74.99,,True,carrefour
3616957625981,"Piscine Tubulaire Rectangulaire 3x2,01x0,66m Cancun CARREFOUR",CARREFOUR,Jardin,138.99,,True,carrefour
3616958731025,Salon de Jardin Bas en Bois Beige Clair 4 pièces Corfu HYBA,HYBA,Jardin,499.99,,True,carrefour
3616958757131,Desserte à Plancha Extérieur Roulante HYBA,HYBA,Jardin,99.99,,True,carrefour
3700242180078,Dalle de Parasol Triangle à Lester 16-25kg pour Parasol Déporté Gris Ardoise BELLI,BELLI,Jardin,12.99,,True,carrefour
3700242101691,Récupérateur d'eau de pluie 300L Vertical Gris Anthracite Deco BELLI,BELLI,Jardin,79.99,,True,carrefour
3608144250007,Lot de 6 Piques à Brochettes Métal 30cm Inox pour Barbecue CARREFOUR HOME,CARREFOUR HOME,Jardin,3.19,4.78,True,carrefour
3609231351348,Lot de 6 Piques à Brochettes Métal 30cm Inox pour Barbecue CARREFOUR HOME,CARREFOUR HOME,Jardin,2.99,4.48,True,carrefour
8009271609907,Table de Jardin 137x85cm Plastique Gris Anthracite Faro,,Jardin,26.99,,True,carrefour
8005465968546,Table de jardin fixe 150cm résine anthracite Gruvyer GRANDSOLEIL,GRANDSOLEIL,Jardin,79.99,399.95,True,carrefour
8005465822626,Chaise de Jardin Résine Banche Gruvyer GRANDSOLEIL,GRANDSOLEIL,Jardin,27.99,,True,carrefour
8005465890328,Chaise de Jardin Résine Grise Gruvyer GRANDSOLEIL,GRANDSOLEIL,Jardin,27.99,,True,carrefour
7290103658441,Coffre de Jardin 270L Résine Gris Anthracite Hollywood KETER,KETER,Jardin,29.99,,True,carrefour
3617702258416,Salon de Jardin Bas 4 personnes en bois beige Halong HYBA,HYBA,Jardin,349.99,,True,carrefour
3617702250403,Table basse de jardin gigognes en bois d'acacia Halong HYBA,HYBA,Jardin,49.99,,True,carrefour
3617702250410,Desserte d'extérieur en bois 2 roues Halong HYBA,HYBA,Jardin,89.99,,True,carrefour
3617702250137,Brasero de Jardin Extérieur Noir avec Couvercle D56cm Hanko HYBA,HYBA,Jardin,34.99,,True,carrefour
8711245157429,Salon de Jardin Bas pour Balcon Résine Tressée Gris Graphite 3 pièces Lowa KETER,KETER,Jardin,99.99,,True,carrefour
3616957625905,"Piscine Autoportante Ronde 3,96x0,8m Ibiza CARREFOUR",CARREFOUR,Jardin,119.99,,True,carrefour
3615005699714,Tonnelle de Jardin Pliante 3x3m Gris Imperméable avec Housse de Rangement Izmir HYBA,HYBA,Jardin,69.99,,True,carrefour
3617702211800,Tonnelle de jardin 3x6m gris Izmir HYBA,HYBA,Jardin,119.99,,True,carrefour
3616957585469,Barbecue à Charbon de bois Kettle rond 43cm sur Roues Cadix SIMPL,SIMPL,Jardin,22.99,,True,carrefour
0077924915710,Barbecue à Charbon de Bois Noir D47cm Compact Kettle WEBER,WEBER,Jardin,89.99,,True,carrefour
3390500541330,Tonnelle de Jardin 4x3m Blanc Déperlant Kos,,Jardin,44.99,,True,carrefour
3616957586756,Parasol Inclinable à Manivelle 3m Gris Déperlant Lagoa HYBA,HYBA,Jardin,39.99,,True,carrefour
6942138981209,Porte gobelet Beige Lay-Z-Spa BESTWAY,BESTWAY,Jardin,9.99,,True,carrefour
6941607305041,Spa Gonflable Rond Aruba 2/3 personnes,,Jardin,389,,True,carrefour
6941607369951,Spa Gonflable Rond 4-6 Places Gris Laze-Z Dominica BESTWAY,BESTWAY,Jardin,799.99,,True,carrefour
6942138975901,Spa Gonflable Rond 4-6 Places Beige Laze-Z BESTWAY,BESTWAY,Jardin,499.99,,True,carrefour
6942138973983,Spa Gonflable Rond 4 Places Gris Laye-Z Baja BESTWAY,BESTWAY,Jardin,349.99,,True,carrefour
3616958757148,Barbecue à Charbon de Bois Rond D40cm SIMPL,SIMPL,Jardin,12.99,,True,carrefour
3616181579159,Desserte à Plancha Extérieur Roulante (Support Plancha) Lugos SIMPL,SIMPL,Jardin,59.99,,True,carrefour
3700242109925,Récupérateur d'eau de pluie 650L Vertical Mural Gris Anthracite BELLI,BELLI,Jardin,99.99,,True,carrefour
3616957625950,"Piscine Tubulaire Ronde 4,57x1,22m Madagascar CARREFOUR",CARREFOUR,Jardin,384.99,,True,carrefour
3617702207124,Parasol droit gris Malaga HYBA,HYBA,Jardin,39.99,,True,carrefour
3617702222905,Barbecue à Charbon Noir sur Chariot à roulettes Malaga HYBA,HYBA,Jardin,129.99,,True,carrefour
3616957625875,"Piscine Autoportante Ronde 1,8x0,5m Mallorca CARREFOUR",CARREFOUR,Jardin,22.99,,True,carrefour
3616474792876,Barbecue à Charbon de bois Rond 50cm sur Roulettes Manaus HYBA,HYBA,Jardin,27.99,,True,carrefour
3617702216850,Barbecue à Charbon de Bois Tonneau Noir Memphis HYBA,HYBA,Jardin,79.99,,True,carrefour
7290106922853,Coffre d'extérieur Glacière Isotherme 39L Noir Mia KETER,KETER,Jardin,29.99,,True,carrefour
3616958739281,Bain de soleil acier gris Milan HYBA,HYBA,Jardin,27.99,,True,carrefour
3616957625936,"Piscine Tubulaire Ronde 3,05x0,76m Molokini BESTWAY",BESTWAY,Jardin,113.99,,True,carrefour
3616958740140,Parasol Droit avec Manivelle 3m Beige Murano HYBA,HYBA,Jardin,49.99,,True,carrefour
3615005676852,Table de Balcon Ronde 60cm Acier Noir Plateau en Verre Naples HYBA,HYBA,Jardin,24.99,,True,carrefour
3615005676999,Fauteuil de Jardin Résine Tressée Sable et Acier Noir Naples HYBA,HYBA,Jardin,24.99,,True,carrefour
7290106937338,Coffre de Jardin 870L Anthracide Ontario KETER,KETER,Jardin,199.99,,True,carrefour
3616958730240,Barbecue Japonais Kamado à Charbon de bois D55cm sur chariot Osaka XL HYBA,HYBA,Jardin,499.99,,True,carrefour
3616474789234,"Barbecue Japonais Kamado à Charbon de bois 26cm (Grill, Four, Fumoir) Osaka HYBA",HYBA,Jardin,99.99,,True,carrefour
3700242103558,Poubelle de Jardin 80L avec Couvercle Noir BELLI,BELLI,Jardin,8.99,,True,carrefour
3617702222554,Table de jardin aluminium extensible 150-250cm beige Palma HYBA,HYBA,Jardin,149,,True,carrefour
3617702228846,Fauteuil de jardin aluminium beige Palma HYBA,HYBA,Jardin,25,,True,carrefour
3617702211541,Salon de Jardin Bas 4 personnes en aluminium beige Palma HYBA,HYBA,Jardin,299.99,,True,carrefour
8003723400296,Fauteuil de jardin en résine Gris Parma BICA,BICA,Jardin,12.99,,True,carrefour
8003723404379,Table de Jardin Extensible 160/220x90cm Plastique Gris Anthracite Parma,,Jardin,99.99,,True,carrefour
3292199692488,Desserte à Plancha Extérieur Bois sur Chariot (Support Plancha) Perla SOMAGIC,SOMAGIC,Jardin,149.99,,True,carrefour
3617702250120,Four à Pizza pour Barbecue à poser Pizz'Art HYBA,HYBA,Jardin,39.99,,True,carrefour
3616958740546,Salon de jardin bas en Aluminium avec canapé d'angle Beige 6 pièces Portofino HYBA,HYBA,Jardin,699.99,,True,carrefour
3617702332734,Fauteuil de jardin en aluminium Portofino HYBA,HYBA,Jardin,36.99,,True,carrefour
3616958740508,Table de Jardin en Aluminium Extensible 180/240cm Portofino HYBA,HYBA,Jardin,399.99,,True,carrefour
3616957625998,"Piscine Tubulaire Rectangulaire 4x2,11x0,8m Puka Puka CARREFOUR",CARREFOUR,Jardin,199.99,,True,carrefour
7290103664794,Coffre de Jardin 570L Anthracide Rockwood KETER,KETER,Jardin,129.99,,True,carrefour
3614612329991,Fauteuil de Jardin Pliant Multiposition Beige Taupe Rona HYBA,HYBA,Jardin,34.99,,True,carrefour
3617702206967,Parasol déporté 350 cm gris Ronda HYBA,HYBA,Jardin,169.99,,True,carrefour
3617702207001,Parasol déporté 300 cm gris Ronda HYBA,HYBA,Jardin,59.99,,True,carrefour
8428832086955,Barbecue Tonneau à Charbon de bois avec Couvercle Multicuisson Ronda IMOR,IMOR,Jardin,219.99,,True,carrefour
5411074243050,Scie à ébrancher Taille Haie sur perche 2 en 1 ELEM TECHNIC,ELEM TECHNIC,Jardin,89.99,,True,carrefour
3617702207070,Parasol droit beige San Francisco HYBA,HYBA,Jardin,59.99,,True,carrefour
3617702340524,Parasol droit gris San Francisco HYBA,HYBA,Jardin,59.99,,True,carrefour
3616957594980,Barbecue à Gaz 3 feux sur Roues Seattle SIMPL,SIMPL,Jardin,99.99,,True,carrefour
3616958754048,Serre de jardin Tunnel 6m2 300x 200x200 cm Sevilla,,Jardin,49.99,,True,carrefour
3616958740584,Fauteuil Suspendu sur Pied en Fibre tréssée avec Coussin Siena Gris HYBA,HYBA,Jardin,199.99,,True,carrefour
3616958740041,Salon de Jardin Bas en Acier Gris Foncé 4 pièces New Siena HYBA,HYBA,Jardin,329.99,,True,carrefour
3616958740164,Fauteuil de Jardin Détente Siena XL Gris HYBA,HYBA,Jardin,199.99,,True,carrefour
6927088805379,"Piscine Tubulaire Ronde 3,66x1,22m Steel Pro Max BESTWAY",BESTWAY,Jardin,199.99,,True,carrefour
3292198843379,Plancha électrique en acier inoxydable Plaque de cuisson en fonte émaillée 47x43cm 2200W Stila SOMAGIC,SOMAGIC,Jardin,99.99,,True,carrefour
3617702211565,Table de jardin aluminium extensible 135-270cm gris Sydney HYBA,HYBA,Jardin,239.99,1679.93,True,carrefour
3617702211763,Table de jardin aluminium extensible 180-240cm gris Sydney HYBA,HYBA,Jardin,339.99,2379.93,True,carrefour
3617702211725,Fauteuil de jardin aluminium vert Sydney HYBA,HYBA,Jardin,34.99,244.93,True,carrefour
3617702211732,Fauteuil de jardin aluminium gris Sydney HYBA,HYBA,Jardin,34.99,244.93,True,carrefour
3617702217703,Salon de Jardin Bas en aluminium gris Sydney HYBA,HYBA,Jardin,399.99,,True,carrefour
3617702211787,Table de jardin aluminium extensible 256-320cm gris Sydney HYBA,HYBA,Jardin,479.99,,True,carrefour
3616957625868,"Piscine Autoportante Ronde 1,5x0,3m Tahiti CARREFOUR",CARREFOUR,Jardin,15.99,,True,carrefour
3617702206936,Bain de soleil aluminium beige Tello HYBA,HYBA,Jardin,59.99,,True,carrefour
3616958740065,Bain de soleil aluminium gris Tello HYBA,HYBA,Jardin,59.99,,True,carrefour
3616957625967,"Piscine Tubulaire Ovale 4,27x2,5x1m Tortuga BESTWAY",BESTWAY,Jardin,349.99,,True,carrefour
3617702209333,Chaise de Jardin Relax Beige Tropea HYBA,HYBA,Jardin,69.99,,True,carrefour
5010646061056,Tuyau Arrosage Hybride Haute Pression 25m Tuffhoze HOZELOCK,HOZELOCK,Jardin,62.9,,True,carrefour
3506111162516,Tuyau Arrosage Flexible 25m 19mm Ultraflex HOZELOCK,HOZELOCK,Jardin,44.99,,True,carrefour
3506111170214,Tuyau Arrosage Flexible 20m 15mm avec Raccords + Lance Ultraflex HOZELOCK,HOZELOCK,Jardin,35.99,,True,carrefour
3506111170238,Tuyau Arrosage Flexible 25m 15mm Ultraflex HOZELOCK,HOZELOCK,Jardin,29.99,,True,carrefour
3506111170245,Tuyau Arrosage Flexible 50m 15mm Ultraflex HOZELOCK,HOZELOCK,Jardin,54.99,,True,carrefour
7290106938854,Cuisine d'Extérieur avec Evier en Résine effet Bois et Comptoir en Aluminium Graphite Unity Chef KETER,KETER,Jardin,449.99,,True,carrefour
4894680023611,Pistolet à Eau pour Enfants Pump Action X-Shot ZURU,ZURU,Jardin,14.99,,True,carrefour
4894680023628,Pistolet à Eau pour Enfants X-Shoot ZURU,ZURU,Jardin,5.49,,True,carrefour
4894680025806,Pistolet à Eau pour Enfants Stealth Soaker X-Shot ZURU,ZURU,Jardin,3.99,,True,carrefour
4894680029903,Pistolets à Eau pour Enfants X-Shoot ZURU,ZURU,Jardin,24.99,,True,carrefour
3700902209972,Souffleur Sans-fil Noir MEDEK,MEDEK,Jardin,119.99,,True,carrefour
3606604705180,Billes d'Argile 8-16mm Drainage 6L CARREFOUR,CARREFOUR,Jardin,4.49,,True,carrefour
3616473883513,Terreau Rempotage 10L Utilisable en Agriculture Biologique CARREFOUR,CARREFOUR,Jardin,3.29,,True,carrefour
3616958017693,Terreau Horticole 40L Utilisable en Agriculture Biologique CARREFOUR,CARREFOUR,Jardin,7.29,,True,carrefour
3606604705388,Terreau Universel 40L Utilisable en Agriculture Biologique CARREFOUR,CARREFOUR,Jardin,4.99,,True,carrefour
3613865594859,Paillage Écorce de Pin Maritime 50L Gros Calibre 20-40mm CARREFOUR,CARREFOUR,Jardin,9.79,,True,carrefour
3616958017662,Terreau Universel 20L Utilisable en Agriculture Biologique CARREFOUR,CARREFOUR,Jardin,3.59,,True,carrefour
3616957590982,"Spray Pulvérisateur Jardin à Gachette 0,5L Spraymist CARREFOUR",CARREFOUR,Jardin,2.99,,True,carrefour
3616957660289,Mini Vaporisateur CARREFOUR HOME,CARREFOUR HOME,Jardin,1.5,,True,carrefour
3270190817321,Fleurs Orchidée 4 fleurons CARREFOUR,CARREFOUR,Jardin,8.99,8.99,True,carrefour
3270190823704,Fleurs mimosa,,Jardin,4.99,4.99,True,carrefour
3523680444003,Fleurs duo Germini Alstro CARREFOUR,CARREFOUR,Jardin,7.99,7.99,True,carrefour
3523680457645,Bouquet Inspiration,,Jardin,7.99,7.99,True,carrefour
3523680481503,Fleurs bouquet Union CARREFOUR,CARREFOUR,Jardin,7.99,7.99,True,carrefour
3616474819177,Terreau pour Sol 35L SIMPL,SIMPL,Jardin,2.99,,True,carrefour
3270190806417,Glaieuls 5 tiges,,Jardin,6.99,,True,carrefour
3167770219562,"Terreau Semis, Bouturage, Repiquage 6L Utilisable en Agriculture Biologique Soldor ALGOFLASH",ALGOFLASH,Jardin,5.39,,True,carrefour
3245423121070,Gants de jardinage de Jardinage Quotidien Taille M-7 Colors MAPA,MAPA,Jardin,5.2,,True,carrefour
3270190800910,Fleurs Mini-œillets variés,,Jardin,3.49,,True,carrefour
3270190801368,Fleurs bouquet Ninon,,Jardin,9.99,,True,carrefour
3270190801696,Fleurs bouquet de 5 pivoines,,Jardin,4.99,,True,carrefour
3270190801702,Fleurs roses,,Jardin,7.99,,True,carrefour
3270190801887,Fleurs Bouquet Tendresse violet CARREFOUR,CARREFOUR,Jardin,8,,True,carrefour
3270190805502,Bouquet de Roses Rouges,,Jardin,80,,True,carrefour
3270190812609,Fleurs Bouquet Sardane jaune,,Jardin,7.49,,True,carrefour
3270190813170,Fleurs Bouquet Galaxy CARREFOUR,CARREFOUR,Jardin,5.49,,True,carrefour
3270190814917,Bouquet Soledad,,Jardin,7.49,,True,carrefour
3270190816775,Fleurs muguet 3 brins,,Jardin,2.99,,True,carrefour
3270190818410,Fleurs Bouquet saison,,Jardin,4.99,,True,carrefour
3270190818656,"Fleurs Bouquet Bulle maxi, coloris assortis",,Jardin,22.99,,True,carrefour
3270190821076,Fleurs cadre Orchidée 2 fleurons suspendus,,Jardin,19.99,,True,carrefour
3270190821441,"Fleurs mini-œillets, coloris assortis",,Jardin,3.99,,True,carrefour
3270190822059,Fleurs Bouquet Boléro/coloris assortis,,Jardin,7.99,,True,carrefour
3270190822769,Bouquet Thema Euro Blanc,,Jardin,5.99,,True,carrefour
3270190823308,Orchidée 6 fleurons,,Jardin,12.9,,True,carrefour
3270190823995,Roses rose 50 cm,,Jardin,4.99,,True,carrefour
3270190824008,Fleurs Roses 50 cm rouges,,Jardin,4.99,,True,carrefour
3270190824015,Roses blanche 50 cm,,Jardin,4.99,,True,carrefour
3270190824305,Muguet 15 brins + 3 germanis,,Jardin,16.99,,True,carrefour
3270190825210,Fleurs Roses,,Jardin,4,,True,carrefour
3270190826507,Fleurs Orchidée coloris assortis,,Jardin,10.9,,True,carrefour
3270190826873,Fleurs Rose éternelle rouge VERDISSIMO,VERDISSIMO,Jardin,11.9,,True,carrefour
3270190827009,Bouquet Lola,,Jardin,8.99,,True,carrefour
3270190837626,Fleurs Lys Stargazer x3 + fougère,,Jardin,6.9,,True,carrefour
3270190839071,Fleurs bouquet Maya,,Jardin,19.95,,True,carrefour
3270190839743,Fleurs Bouquet Bulle Puce,,Jardin,19.99,,True,carrefour
3270190839880,Fleurs bouquet Avila rouge,,Jardin,7.99,,True,carrefour
3270190847120,Fleurs Bouquet Bulle roses Equateur,,Jardin,13.99,,True,carrefour
3270190847632,Fleurs Santini,,Jardin,4,,True,carrefour
3270190851745,Fleurs roses coloris assortis,,Jardin,3.99,,True,carrefour
3270190851943,Fleurs Bouquet Cristalys rouge,,Jardin,9.99,,True,carrefour
3270190852872,Fleurs rose éternelle rose VERDISSIMO,VERDISSIMO,Jardin,11.9,,True,carrefour
3270190852896,"Fleurs rose stabilisée, blanc VERDISSIMO",VERDISSIMO,Jardin,11.9,,True,carrefour
3270190853268,Fleurs bouquet bulle Valentine coloris assortis,,Jardin,11.99,,True,carrefour
3270190853787,Fleurs Amaryllis vase,,Jardin,3.99,,True,carrefour
3270190855316,Fleurs Bouquet Bulle de Saison CARREFOUR,CARREFOUR,Jardin,16.99,,True,carrefour
3270190855446,Fleurs Lys asiatique CARREFOUR,CARREFOUR,Jardin,3.99,,True,carrefour
3270190855453,Fleurs Bouquet Alstomerias CARREFOUR,CARREFOUR,Jardin,3.99,,True,carrefour
3270190855804,Germinis,,Jardin,8.49,,True,carrefour
3270190856184,Fleurs Roses 50 cm bicolore,,Jardin,4.99,,True,carrefour
3270190856467,Fleurs Bouquet Cristalys rouge,,Jardin,11.99,,True,carrefour
3270190857228,Fleurs Roses 50 cm variées,,Jardin,9.99,,True,carrefour
3270190857297,Œillets CARREFOUR,CARREFOUR,Jardin,4,,True,carrefour
3270190857648,Bouquet 12 roses 50 cm,,Jardin,5.59,,True,carrefour
3270190858065,"Fleurs mini œillets, coloris assortis",,Jardin,5,,True,carrefour
3270190858850,Fleurs Pivoine,,Jardin,18.99,,True,carrefour
3270190858867,Fleurs Gypsophile Blanche,,Jardin,3.99,,True,carrefour
3270190859079,Fleurs Roses Circus,,Jardin,9.99,,True,carrefour
3270190859178,Bouquet de roses Boucles du Cœur,,Jardin,8.99,,True,carrefour
3270190859451,Bouquet roses ton chaud,,Jardin,6.99,,True,carrefour
3270190859680,Fleurs Roses 50 cm variées,,Jardin,4.99,,True,carrefour
3270190860174,Pivoine 3 tiges,,Jardin,4.95,,True,carrefour
3276553367977,Tulipes pivoines,,Jardin,5.99,,True,carrefour
3276553434785,Fleurs Bouquet Mistral rouge,,Jardin,11.99,,True,carrefour
3276553434822,Fleurs Bouquet Mistral blanc,,Jardin,11.99,,True,carrefour
3276553690563,Fleurs bouquet Aube rouge,,Jardin,29,,True,carrefour
3276553691508,Fleurs bouquet Aube rose,,Jardin,29,,True,carrefour
3276553753428,Fleurs roses et lys coloris assortis CARREFOUR,CARREFOUR,Jardin,12.99,,True,carrefour
3276553828836,Bouquet roses ton froid,,Jardin,6.99,,True,carrefour
3523680398382,Roses Bluez 50cm CARREFOUR,CARREFOUR,Jardin,6,,True,carrefour
3523680407428,Tournesol 5 tiges,,Jardin,5.99,,True,carrefour
3523680407435,Fleurs tournesol 3 tiges CARREFOUR,CARREFOUR,Jardin,4.99,,True,carrefour
3523680434905,Fleurs Bouquet de lys CARREFOUR,CARREFOUR,Jardin,4,,True,carrefour
3523680434912,Fleurs Germini CARREFOUR,CARREFOUR,Jardin,4,,True,carrefour
3523680440050,Bouquet de roses Boucles du Coeur,,Jardin,8.99,,True,carrefour
3523680481701,Bouquet 7 Roses Premium,,Jardin,8.99,,True,carrefour
3523680486102,Bouquet Lutin vert,,Jardin,12.99,,True,carrefour
3523680493520,Bouquet 11 Roses T-hybrid,,Jardin,4.99,,True,carrefour
3616474789067,"Arrosoir Plante Long bec 1,9L Couleur Aléatoire SIMPL",SIMPL,Jardin,2,,True,carrefour
3045380025950,Plancha géante CB631810 TEFAL,TEFAL,Jardin,79.99,,True,carrefour
3086123498051,Briquet Maxi Colorés BIC,BIC,Jardin,4.15,,True,carrefour
3086126642833,Briquet Mini BIC,BIC,Jardin,4.25,,True,carrefour
3298960900172,Allumettes Géantes FLAM'UP,FLAM'UP,Jardin,2.85,,True,carrefour
3383482306417,Allume-feux Cubes Sans Odeur HARRIS,HARRIS,Grands formats,4.85,,True,carrefour
3760061210103,Allume-feux Cubes Bois ACTIFEU,ACTIFEU,Grands formats,3.89,,True,carrefour
3760061212138,Allume-feux Cubes Kerozene ACTIFEU,ACTIFEU,Jardin,1.45,,True,carrefour
3760061212213,Allume-feux Liquide ACTIFEU,ACTIFEU,Jardin,3.35,,True,carrefour
5065000499068,Allume-feux Cubes Rapides et Puissants ZIP,ZIP,Jardin,2.39,,True,carrefour
3383482295742,Allume-feux Cubes Naturels Bois Compressé et Cire Végétale HARRIS,HARRIS,Jardin,3.99,,True,carrefour
3086126789590,Briquet Mini Colorés BIC,BIC,Jardin,3.35,,True,carrefour
0834554004654,Allume-feux Laine De Bois Rapide et Puissant ZIP,ZIP,Jardin,3.65,,True,carrefour
0041689193058,Briquet Essence à Briquet + Briquet ZIPPO,ZIPPO,Jardin,29.99,,True,carrefour
0191693736977,Briquet à Essence Zippo Street Chrom ZIPPO,ZIPPO,Jardin,24.9,,True,carrefour
3086123655768,Briquet Utilitaires Compacts Multi-Usages EZ Reach BIC,BIC,Jardin,4.59,,True,carrefour
3086123661103,Briquet Maxi Colorés BIC,BIC,Jardin,4.65,,True,carrefour
3086123726550,Briquet à Pierre DJEEP,DJEEP,Jardin,4.89,,True,carrefour
3086125002812,Briquet Mini Colorés BIC,BIC,Jardin,3.15,,True,carrefour
3086125002850,Briquet Maxi BIC,BIC,Jardin,3.55,,True,carrefour
3298960801950,Allumettes De Sûreté FLAM'UP,FLAM'UP,Grands formats,1.09,,True,carrefour
3298960900066,Allumettes Longues FLAM'UP,FLAM'UP,Jardin,1.35,,True,carrefour
3298960900141,Allumettes Cuisine Standard BISTRO,BISTRO,Jardin,1.25,,True,carrefour
3323430397562,"Laine de bois Allume-feu 1,5kg (Barbecue, Cheminée, Poêle) FLAMETT'",FLAMETT',Jardin,11.99,,True,carrefour
3383482293496,Allume-feux Cubes Végétal Bois et Cire HARRIS,HARRIS,Jardin,2.19,,True,carrefour
3383482294813,Nettoyant Aérosol Super Décapant Four et Insert BRIOCHIN,BRIOCHIN,Jardin,4.59,,True,carrefour
3383482301733,Allumettes Grandes HARRIS,HARRIS,Jardin,2.59,,True,carrefour
3383482305274,Allumettes Moyennes HARRIS,HARRIS,Jardin,1.99,,True,carrefour
3383482306073,Allume-feux Rouleaux Laine de Bois et Cire HARRIS,HARRIS,Jardin,7.85,,True,carrefour
3383482306400,Allume-feux Cubes Sans Odeur HARRIS,HARRIS,Jardin,2.65,,True,carrefour
3383482306424,Allume-feux Bois et Cire Végétale HARRIS,HARRIS,Grands formats,7.49,,True,carrefour
3383482308602,Allume-feux à la Laine de Bois et Cire Végétale HARRIS,HARRIS,Jardin,4.09,,True,carrefour
3490570100663,Allume-feux Cubes Sans Odeur CALUMET,CALUMET,Jardin,3.85,,True,carrefour
3490570100724,Allume-feux Gel Végétal Sans Odeur CALUMET,CALUMET,Jardin,3.79,,True,carrefour
3490570100786,Allume-feux Bûchettes Naturel CALUMET,CALUMET,Jardin,3.89,,True,carrefour
5065000499037,Allume-feux Cubes Rapides et Puissants ZIP,ZIP,Jardin,3.89,,True,carrefour
5065000499051,Allume-feux Sachets Ultra Performant ZIP,ZIP,Jardin,4.79,,True,carrefour
5065000499075,Allume-feux Blocs Naturels Sans Odeur ZIP,ZIP,Jardin,2.39,,True,carrefour
5065000499433,Allume-feux Naturels Sans Odeurs et Efficace ZIP,ZIP,Jardin,4.39,,True,carrefour
5065000499891,Allume-feux Cubes Les Originaux ZIP,ZIP,Jardin,2.69,,True,carrefour
7427052899360,Buchette d'allumage en bois 40L,,Jardin,5.99,,True,carrefour
3616952593643,Poubelle d'extérieur 80L Noir CARREFOUR HOME,CARREFOUR HOME,Jardin,12.9,,True,carrefour
3616957591255,Sac de Jardin Déchet Vert 160L CARREFOUR,CARREFOUR,Jardin,4.99,,True,carrefour
3616957685299,Huile Moteur 4 Temps Minérale 15W40 Tondeuse CARREFOUR,CARREFOUR,Jardin,9.45,,True,carrefour
3616957685305,Huile Chaîne de Tronçonneuse 5L CARREFOUR,CARREFOUR,Jardin,19.99,,True,carrefour
3616474789128,Râteau de Jardinage en Métal Petite Taille Couleur Aléatoire SIMPL,SIMPL,Jardin,2,,True,carrefour
3616473203731,Bouée Gonflable Flament Rose CARREFOUR,CARREFOUR,Jardin,5.99,,True,carrefour
3616474658257,Chlore 4 Actions Prolongées en galets 5kg CARREFOUR,CARREFOUR,Jardin,32.99,,True,carrefour
3450652062579,Triplette de Pétanque K RO sous Filet 560g K-RO,K-RO,Jardin,12.99,,True,carrefour
3609230166981,"Chaise de plage, 4 positions avec poignées CARREFOUR",CARREFOUR,Jardin,29.99,,True,carrefour
3614611975946,Gratte pieds coco/caoutchouc CARREFOUR,CARREFOUR,Jardin,17.99,,True,carrefour
3616474744998,Chaise de plage All in One bleu CARREFOUR,CARREFOUR,Jardin,39.99,,True,carrefour
3616474745001,Chaise de plage All in One rouge CARREFOUR,CARREFOUR,Jardin,39.99,,True,carrefour
3616479614821,Tapis Extérieur 120x180cm Motifs Beige CARREFOUR,CARREFOUR,Jardin,9.99,,True,carrefour
3616479615248,Tapis Extérieur 120x180cm Motifs Rouge Corail CARREFOUR,CARREFOUR,Jardin,9.99,,True,carrefour
3616479615255,Tapis Extérieur 120x180cm Motifs Bleu Océan CARREFOUR,CARREFOUR,Jardin,9.99,,True,carrefour
3616958694092,Moustiquaire de parasol D300 cm HYBA,HYBA,Jardin,24.99,,True,carrefour
3616958730295,Parasol de Plage D180cm avec Housse de Rangement CARREFOUR,CARREFOUR,Jardin,10.99,,True,carrefour
3616958730318,Parasol de Plage D240cm avec Housse de Rangement CARREFOUR,CARREFOUR,Jardin,19.99,,True,carrefour
3616958841014,Galette d'assise d'exterieur 37 x 40 cm uni bleu HYBA,HYBA,Jardin,5.99,,True,carrefour
3616958841045,Coussin d'assise d'exterieur 48 x 48cm uni bleu HYBA,HYBA,Jardin,6.99,,True,carrefour
3616958841076,Coussin déco d'exterieur 40x40cm uni bleu HYBA,HYBA,Jardin,6.99,,True,carrefour
3616958841182,Galette d'assise d'exterieur 37 x 40 cm uni vert HYBA,HYBA,Jardin,5.99,,True,carrefour
3616958841243,Coussin déco d'exterieur 50x30cm vert HYBA,HYBA,Jardin,6.99,,True,carrefour
3616958841311,Coussin déco d'exterieur 40x40cm uni vert HYBA,HYBA,Jardin,6.99,,True,carrefour
3616958841328,Coussin déco d'exterieur 40x40cm uni beige HYBA,HYBA,Jardin,6.99,,True,carrefour
3616958841366,Coussin d'exterieur 40x40cm uni gris HYBA,HYBA,Jardin,6.99,,True,carrefour
3616958841434,Galette d'assise d'exterieur 37 x 40 cm uni gris HYBA,HYBA,Jardin,5.99,,True,carrefour
3616958841465,Set de Coussins pour banc palette 120x80cm gris HYBA,HYBA,Jardin,49.99,,True,carrefour
3616959050095,Coussin d'exterieur 50x30cm bleu HYBA,HYBA,Jardin,6.99,,True,carrefour
3616959050118,Coussin de bain de soleil uni beige HYBA,HYBA,Jardin,32.99,,True,carrefour
3616959050156,Galette d'assise d'exterieur 37 x 40 cm uni beige HYBA,HYBA,Jardin,5.99,,True,carrefour
3617702258980,Bain de Soleil Lecture CARREFOUR,CARREFOUR,Jardin,36.99,,True,carrefour
3617702259024,Siège de Plage CARREFOUR,CARREFOUR,Jardin,33.99,,True,carrefour
3617702334752,Chaise de Plage CARREFOUR,CARREFOUR,Jardin,25.99,,True,carrefour
3617702334806,Chaise Chilienne CARREFOUR,CARREFOUR,Jardin,19.99,,True,carrefour
3617702334813,Chaise Multipositions Relax CARREFOUR,CARREFOUR,Jardin,39.99,,True,carrefour
3770017093896,Table cérémonie pliable ARTIS,ARTIS,Jardin,69.99,69.99,True,carrefour
3770017093964,Table pliante cocktail,,Jardin,26.99,26.99,True,carrefour
3086960256951,"Pied de Parasol 30kg sur Roulettes Carré 48,5x48,5cm Gris Anthracite EDA",EDA,Jardin,32.99,,True,carrefour
3560232700620,Salon Paopao Graphite HESPERIDE,HESPERIDE,Jardin,399.99,,True,carrefour
3560232729225,Fauteuil Essentia Car Lin/Argile HESPERIDE,HESPERIDE,Jardin,49.99,,True,carrefour
3560233841063,Chaise Lambada Sésame Graphite HESPERIDE,HESPERIDE,Jardin,59.99,,True,carrefour
3614210025905,Fauteuil Relax de Jardin Pliant RT2 Multiposition avec Tétière Bleu Marine LAFUMA MOBILIER,LAFUMA MOBILIER,Jardin,89.99,,True,carrefour
3086960051822,"Pied de Parasol Pied de Tonnelle Blanc à Lester 8-11kg pour Mât 2 à 3,2cm EDA",EDA,Jardin,5.99,,True,carrefour
0849102012036,Ombrelle Versa-Brella pour Chaise,,Jardin,22.99,,True,carrefour
0849102034526,Parasol de Plage 2 en 1 AUTRES MARQUES,AUTRES MARQUES,Jardin,29.99,,True,carrefour
3080096108566,Jeu de 4 Lacets Elastiques de Rechange Blanc pour Transat RSX/RSXA LFM2322 LAFUMA MOBILIER,LAFUMA MOBILIER,Jardin,8.99,,True,carrefour
3080096111290,Jeu de 4 Lacets Elastiques de Rechange Noir pour Transat RSX/RSXA LFM2322 LAFUMA MOBILIER,LAFUMA MOBILIER,Jardin,8.99,,True,carrefour
3086960202903,"Pied de Parasol 25kg Carré 43,5 x 43,5 cm Noir EDA",EDA,Jardin,18.99,,True,carrefour
3086960216344,Dalle de Parasol Triangle 18kg Pierre Ardoise Gris Foncé EDA,EDA,Jardin,19.99,,True,carrefour
3086960221348,Pied de Parasol Rond 43cm à Lester 13L Gris Anthracite EDA,EDA,Jardin,4.99,,True,carrefour
3086960273491,"Pied de Parasol Droit à Lester 25-40kg Carré 49,5x49,5cm Gris Anthracite EDA",EDA,Jardin,24.99,,True,carrefour
3560231596897,Pied Parasol Para Haulio 29 Kg Noir HESPERIDE,HESPERIDE,Jardin,39.99,,True,carrefour
3560231729899,Housse de Coussin Angle Moorea 5P  HESPERIDE,HESPERIDE,Jardin,129.99,,True,carrefour
3560231731069,Parasol Tinaei 3M Olef Bord HESPERIDE,HESPERIDE,Jardin,149.99,,True,carrefour
3560231731106,Parasol Tinaei 3M Olef Olive HESPERIDE,HESPERIDE,Jardin,149.99,,True,carrefour
3560231736545,Salon Oriengo Olive/Graphite HESPERIDE,HESPERIDE,Jardin,799.99,,True,carrefour
3560232705786,Parasol Loompa 3X2M Ble HESPERIDE,HESPERIDE,Jardin,49.99,,True,carrefour
3560232712012,Salon de Jardin 4 places Gris Anthracite Texaline,,Jardin,69.99,,True,carrefour
3560232724664,Table Evasion Lin / Argile HESPERIDE,HESPERIDE,Jardin,799.99,,True,carrefour
3560232728860,Fauteuil Essentia Ac Bois Lin /Blanc HESPERIDE,HESPERIDE,Jardin,59.99,,True,carrefour
3560232749896,"Parasol Tikeo 4,2X3M Platine HESPERIDE",HESPERIDE,Jardin,449.99,,True,carrefour
3560232763755,Fauteuil Relax Lambinio Graphite HESPERIDE,HESPERIDE,Jardin,199.99,,True,carrefour
3560232802621,Housse de Coussin Moorea 5P  HESPERIDE,HESPERIDE,Jardin,129.99,,True,carrefour
3560233835529,Salon Elyn Olive / Graphite HESPERIDE,HESPERIDE,Jardin,349.99,,True,carrefour
3560233836229,Fauteuil Piazza Olive / Graphite HESPERIDE,HESPERIDE,Jardin,34.99,,True,carrefour
3560233840363,Fauteuil Repas Papouasie Taupe HESPERIDE,HESPERIDE,Jardin,179.99,,True,carrefour
3560234506046,Salon Moorea Angle 5P Terre D HESPERIDE,HESPERIDE,Jardin,1299.99,,True,carrefour
3560238685549,Loveuse Ajar 2 Places  HESPERIDE,HESPERIDE,Jardin,499,,True,carrefour
3560238687321,Table Lambada Fix 8P Cera/Graphite HESPERIDE,HESPERIDE,Jardin,499.99,,True,carrefour
3560238909003,Transat Suspendu Majorque Ardoise HESPERIDE,HESPERIDE,Jardin,199.99,,True,carrefour
3610882208240,Voile d'Ombrage Triangulaire 4x4m Ecru Anti-UV,,Jardin,29.99,,True,carrefour
3614210025837,Fauteuil Relax de Jardin Pliant Transatube 2 Ultra Compact 4 Positions Beige Seigle LAFUMA MOBILIER,LAFUMA MOBILIER,Jardin,39.99,,True,carrefour
3614210025899,Fauteuil Relax de Jardin Pliant RT2 Multiposition avec Tétière Beige Sable LAFUMA MOBILIER,LAFUMA MOBILIER,Jardin,89.99,,True,carrefour
3614610005378,Voile d'Ombrage Triangulaire 4x4m Gris Anthracite Anti-UV,,Jardin,29.99,,True,carrefour
3614610822654,Fauteuil Relax de Jardin en Plastique Blanc HYBA,HYBA,Jardin,17.49,,True,carrefour
3614610822678,Fauteuil Relax de Jardin en Plastique Gris HYBA,HYBA,Jardin,24.99,,True,carrefour
3616958730127,Parasol de Plage D136cm avec Housse de Rangement CARREFOUR,CARREFOUR,Jardin,5.99,,True,carrefour
3616958757162,Housse de Protection de Table en Tissu 425cc 180 x 120cm Gris Foncé HYBA,HYBA,Jardin,26.99,,True,carrefour
3616958757186,Housse de Protection de Table 240 x 120cm HYBA,HYBA,Jardin,29.99,,True,carrefour
3616958757209,Housse de Protection de Table 320 x 100cm HYBA,HYBA,Jardin,39.99,,True,carrefour
3616958757223,Housse de protection pour Chaise Noir HYBA,HYBA,Jardin,17.99,,True,carrefour
3616958757247,Housse de Protection pour Fauteuil Suspendu HYBA,HYBA,Jardin,39.99,,True,carrefour
3616959100714,Parasol Déporté 300 x 400 cm à manivelle gris,,Jardin,169.99,,True,carrefour
3617702222714,Table basse de Jardin ronde Beige HYBA,HYBA,Jardin,16.99,,True,carrefour
3617702340791,Coussin d'exterieur 50x30cm beige HYBA,HYBA,Jardin,6.99,,True,carrefour
3617702340838,Coussin d'exterieur 40x40cm Teracotta HYBA,HYBA,Jardin,6.99,,True,carrefour
3617702340845,Coussin d'exterieur 40x40cm Cactus HYBA,HYBA,Jardin,6.99,,True,carrefour
3617702340876,Coussin de bain de soleil imprimé cactus HYBA,HYBA,Jardin,32.99,,True,carrefour
3617702340890,Coussin de bain de soleil imprimé bayadère HYBA,HYBA,Jardin,32.99,,True,carrefour
3617702340906,Coussin d'exterieur 40x40cm Bayadere HYBA,HYBA,Jardin,6.99,,True,carrefour
3617702340944,Coussin d'exterieur 50x30cm Teracotta HYBA,HYBA,Jardin,6.99,,True,carrefour
3617702340951,Galette d'assise d'exterieur 37 x 40 cm uni teracotta HYBA,HYBA,Jardin,5.99,,True,carrefour
3617702340975,Galette d'assise d'exterieur 37 x 40 cm Gris HYBA,HYBA,Jardin,2.99,,True,carrefour
3617702489834,Coussin de bain de soleil imprimé fleurs HYBA,HYBA,Jardin,32.99,,True,carrefour
3700057136758,Salon de Jardin Enfant Les Minions FUN HOUSE,FUN HOUSE,Jardin,49.99,,True,carrefour
8005465941334,Chaise Cristal Light transparent,,Jardin,61.9,,True,carrefour
8431687400470,Pique parasol avec embout en aluminium PINCHO,PINCHO,Jardin,7.99,,True,carrefour
8721037114769,Chaise Pliante Enfant,,Jardin,11.49,,True,carrefour
8721037339940,Parasol 200cm,,Jardin,19.99,,True,carrefour
3616473880253,Paillage Copeaux de Bois Naturel 50L Utilisable en Agriculture Biologique CARREFOUR,CARREFOUR,Jardin,7.99,,True,carrefour
3616473880260,Terreau Semis 20L Utilisable en Agriculture Biologique CARREFOUR,CARREFOUR,Jardin,3.89,,True,carrefour
3616473903723,Terreau Potager 40L Utilisable en Agriculture Biologique CARREFOUR,CARREFOUR,Jardin,6.79,,True,carrefour
3616958017679,Terreau Universel 70L Utilisable en Agriculture Biologique CARREFOUR,CARREFOUR,Jardin,7.99,,True,carrefour
3610882852344,Terreau Universel 70L CARREFOUR,CARREFOUR,Jardin,7.49,,True,carrefour
3615004104646,Semence Gazon Universel 40m2 CARREFOUR,CARREFOUR,Jardin,7.49,,True,carrefour
3615004104653,Semence Gazon Résistant Sport et Jeux 40m2 CARREFOUR,CARREFOUR,Jardin,7.5,,True,carrefour
3615004104660,Semences gazon - terrain sec - 1kg CARREFOUR,CARREFOUR,Jardin,8.99,,True,carrefour
3615004104684,Semence Gazon Résistant Sport et Jeux 100m2 CARREFOUR,CARREFOUR,Jardin,15.99,,True,carrefour
3615004104691,Semence Gazon Universel 100m2 CARREFOUR,CARREFOUR,Jardin,14.99,,True,carrefour
3615004104707,Semence Gazon Universel 200m2 CARREFOUR,CARREFOUR,Jardin,24.99,,True,carrefour
3615004104714,Semence Gazon Universel 400m2 CARREFOUR,CARREFOUR,Jardin,49.99,,True,carrefour
3615004104721,Semence Gazon Résistant Sport et Jeux 200m2 CARREFOUR,CARREFOUR,Jardin,26.99,,True,carrefour
3616475333412,Semence Gazon Regarnissage Rapide 60m2 CARREFOUR,CARREFOUR,Jardin,7.99,,True,carrefour
3616475333429,Semence Gazon Regarnissage Rapide 150m2 CARREFOUR,CARREFOUR,Jardin,15.99,,True,carrefour
3616957590944,Kit Raccords Arrosage 6 Accessoires 13-15mm CARREFOUR,CARREFOUR,Jardin,3.99,,True,carrefour
3616957590968,Kit Arrosage Pistolet Spray et Raccords 4 Accessoires CARREFOUR,CARREFOUR,Jardin,4.99,,True,carrefour
3616957591200,Minuterie Programmateur Arrosage Automatique CARREFOUR,CARREFOUR,Jardin,16.99,,True,carrefour
3616957591217,Arroseur Rotatif 360° CARREFOUR,CARREFOUR,Jardin,5.99,,True,carrefour
3616957591224,Lance Arrosage Spray Longue Portée Manche Télescopique CARREFOUR,CARREFOUR,Jardin,9.99,,True,carrefour
3616958017686,Terre de Bruyère 40L Utilisable en Agriculture Biologique CARREFOUR,CARREFOUR,Jardin,6.49,,True,carrefour
3616958017709,Terreau Plantes Fleuries et Géraniums 40L Utilisable en Agriculture Biologique CARREFOUR,CARREFOUR,Jardin,6.49,,True,carrefour
3616958176512,Barrière Anti Limace 1kg CARREFOUR,CARREFOUR,Jardin,7.29,,True,carrefour
3616958181271,Anti Rat et Souris en Blocs 300g CARREFOUR,CARREFOUR,Jardin,5.39,,True,carrefour
3616958181301,Anti Rat et Souris en Sachet 40g CARREFOUR,CARREFOUR,Jardin,4.89,,True,carrefour
3616958188003,Engrais Poudre Plantes Fleuries 750g CARREFOUR,CARREFOUR,Jardin,3.99,,True,carrefour
3616958195803,Repulsif Chiens et Chats 750 ml CARREFOUR,CARREFOUR,Jardin,8.29,,True,carrefour
3616958196329,Anti - Insectes 750 ml CARREFOUR,CARREFOUR,Jardin,6.19,,True,carrefour
3616958710556,Dévidoir portable L20m avec 5 accessoires CARREFOUR,CARREFOUR,Jardin,29.99,,True,carrefour
3616958810300,Gants de jardinage Multi Usage en Polyester Taille 7 CARREFOUR,CARREFOUR,Jardin,4.49,,True,carrefour
3616958810317,Gants de jardinage Multi Usage en Polyester Taille 8 CARREFOUR,CARREFOUR,Jardin,4.49,,True,carrefour
3616958810324,Gants de jardinage Multi Usage en Polyester Taille 9 CARREFOUR,CARREFOUR,Jardin,4.49,,True,carrefour
3616958819938,Gants de jardinage Rosier en Polyester Taille 7 CARREFOUR,CARREFOUR,Jardin,4.99,,True,carrefour
3616958819945,Gants de jardinage Rosier en Polyester Taille 8 CARREFOUR,CARREFOUR,Jardin,4.99,,True,carrefour
3616958819952,Gants de jardinage Rosier en Polyester Taille 9 CARREFOUR,CARREFOUR,Jardin,4.99,,True,carrefour
3616958819969,Gants de jardinage Plantes et Arbustes Taille 7 CARREFOUR,CARREFOUR,Jardin,5.99,,True,carrefour
3616958819976,Gants de jardinage Plantes et Arbustes Taille 8 CARREFOUR,CARREFOUR,Jardin,5.99,,True,carrefour
3616958819983,Gants de jardinage Plantes et Arbustes Taille 9 CARREFOUR,CARREFOUR,Jardin,5.99,,True,carrefour
3616958819990,Gants de manutention Taille 8 CARREFOUR,CARREFOUR,Jardin,9.99,,True,carrefour
3616958820002,Gants de manutention Taille 9 CARREFOUR,CARREFOUR,Jardin,9.99,,True,carrefour
3616958820019,Gants de manutention Taille 10 CARREFOUR,CARREFOUR,Jardin,9.99,,True,carrefour
3616959112274,Semences Gazon pour Terrain Sec CARREFOUR,CARREFOUR,Jardin,16.99,,True,carrefour
3617702234878,Serre Tunnel modulable,,Jardin,19.99,,True,carrefour
3617702272016,Disques de Paillage en fibre de cocotier D45cm x2 CARREFOUR,CARREFOUR,Jardin,4.99,,True,carrefour
3617702272153,Support de Tuyau d'Arrosage en métal,,Jardin,5.99,,True,carrefour
3617702272177,"Cône d'Arrosage en céramique H14cm D5,8cm",,Jardin,4.99,,True,carrefour
3760059707004,Tube Gel Anti Fourmis,,Jardin,10.29,,True,carrefour
3245429680175,Gants Contact Alimentaire taille M MAPA,MAPA,Jardin,4.55,,True,carrefour
3245429680182,Gants Contact Alimentaire taille L MAPA,MAPA,Jardin,4.55,,True,carrefour
3580798133069,Pot de Fleurs Bleu D30cm Tulipe Granit,,Jardin,14.99,,True,carrefour
3580798133762,Pot de Fleurs Gris D30cm Tulipe Granit,,Jardin,14.99,,True,carrefour
3580798143068,Pot de Fleurs Bleu D40cm Tulipe Granit,,Jardin,49.9,,True,carrefour
3616957595505,Gants de Jardinage Enfant Taille 6 SIMPL,SIMPL,Jardin,1.49,,True,carrefour
3616958694085,Serre de jardin Polycarbonate avec base 3.61m2 190x190x189cm,,Jardin,249.99,,True,carrefour
3700242101561,Récupérateur d'eau de pluie 300L Vertical Beige Deco BELLI,BELLI,Jardin,79.99,,True,carrefour
3167770214420,Terreau du Jardinier 40L Utilisable en Agriculture Biologique ALGOFLASH,ALGOFLASH,Jardin,6.19,,True,carrefour
3523680493575,Bouquet Tendresse Vert,,Jardin,7.99,,True,carrefour
8015459083346,Pulvérisateur à Pression 5L avec Tuyau Flexible,,Jardin,11.99,,True,carrefour
3270190802839,Gypsophile,,Jardin,4.9,,True,carrefour
3167770208092,Terreau Geraniums 40L ALGOFLASH,ALGOFLASH,Jardin,9,,True,carrefour
3167770212044,Insecticide Anti Cafards Cloportes 2 x 3g BARRIERE A INSECTES,BARRIERE A INSECTES,Jardin,5.89,,True,carrefour
3167770213058,Fumigène Anti-Insect Rampants et volants BARRIERE A INSECTES,BARRIERE A INSECTES,Jardin,14.99,,True,carrefour
3167770215762,"Piège à insectes : guêpes, frelons, mouches et moucherons BARINSECTE",BARINSECTE,Jardin,10.99,,True,carrefour
3167770215779,Pièges Guêpes Frelons Mouche Attrak' 500 mL BARRIERE A INSECTES,BARRIERE A INSECTES,Jardin,11.99,,True,carrefour
3167770215892,Terreau Universel Organique 10L ALGOFLASH,ALGOFLASH,Jardin,4.79,,True,carrefour
3167770218190,"Barrière à insectes anti-fourmis, poudrage 300g BARINSECTE",BARINSECTE,Jardin,6.15,,True,carrefour
3167770218299,Insecticide Anti Cafards Cloportes 10g BARRIERE A INSECTES,BARRIERE A INSECTES,Jardin,8.05,,True,carrefour
3167770219364,Répulsif  ultrasons contre rats et souris  BARRIERE A RONGEURS,BARRIERE A RONGEURS,Jardin,35.49,,True,carrefour
3167770219524,Terreau de Rempotage Plantes Vertes et Fleuries 6L Soldor ALGOFLASH,ALGOFLASH,Jardin,4.99,,True,carrefour
3167770219548,Terreau pour Orchidées 6L Soldor ALGOFLASH,ALGOFLASH,Jardin,5.99,,True,carrefour
3167770219555,Terreau Universel 6L Soldor ALGOFLASH,ALGOFLASH,Jardin,4.99,,True,carrefour
3167770219852,Terreau pour Plantes Aromatiques 6L Utilisable en Agriculture Biologique Soldor ALGOFLASH,ALGOFLASH,Jardin,5.79,,True,carrefour
3167770219876,Terre de Bruyère 6L Utilisable en Agriculture Biologique Soldor ALGOFLASH,ALGOFLASH,Jardin,5.39,,True,carrefour
3167770220704,Insecticide Poudre de Diatomées 300g BARRIERE A INSECTES GREEN,BARRIERE A INSECTES GREEN,Jardin,11.9,,True,carrefour
3167770222784,Pièges à Souris en Bois x2 BARRONGEUR,BARRONGEUR,Jardin,3.49,,True,carrefour
3167770223378,Piège à Rats x1 BARRONGEUR,BARRONGEUR,Jardin,4.69,,True,carrefour
3245423121063,Gants de Jardinage Quotidien Taille S-6 Colors MAPA MAPA,MAPA,Jardin,5.2,,True,carrefour
3245423121087,Gants de Jardinage Quotidien Taille L-8 Colors MAPA,MAPA,Jardin,5.2,,True,carrefour
3245423457322,Gants de Jardinage Taille des Rosiers Taille S-6 MAPA,MAPA,Jardin,7.99,,True,carrefour
3245423457346,Gants de Jardinage Taille des Rosiers Taille M-7 MAPA,MAPA,Jardin,7.99,,True,carrefour
3245423457360,Gants de Jardinage Taille des Rosiers Taille L-8 MAPA,MAPA,Jardin,7.99,,True,carrefour
3245424928449,Gants de Protection Chimique Traitement Phytosanitaire Taille M-7 MAPA,MAPA,Jardin,6.1,,True,carrefour
3245424928463,Gants de Protection Chimique Traitement Phytosanitaire Taille L-8 MAPA,MAPA,Jardin,6.1,,True,carrefour
3245425512661,Gants de Jardinage Petits Travaux Taille S-6 Colors x3 Paires MAPA,MAPA,Jardin,9.99,,True,carrefour
3245425512678,Gants de Jardinage Petits Travaux Taille M-7 Colors x3 Paires MAPA,MAPA,Jardin,9.99,,True,carrefour
3245425512685,Gants de Jardinage Petits Travaux Taille L-8 Colors x3 Paires MAPA,MAPA,Jardin,9.99,,True,carrefour
3245429400162,Gants de Petits Travaux de Taille Jardinage Taille S-6 MAPA,MAPA,Jardin,5.99,,True,carrefour
3245429400179,Gants de Petits Travaux de Taille Jardinage Taille M-7 MAPA,MAPA,Jardin,5.99,,True,carrefour
3245429400186,Gants de Petits Travaux de Taille Jardinage Taille L-8 MAPA,MAPA,Jardin,5.99,,True,carrefour
3260820003712,"Toile Toile de Paillage Noir Tissée Rouleau 1,05x20m Cleansol S GARDELYS",GARDELYS,Jardin,21.99,,True,carrefour
3270190800576,Bouquet Enfin L'été,,Jardin,14.49,,True,carrefour
3270190802426,Bouquet du Marché,,Jardin,9.49,,True,carrefour
3270190809265,Bouquet Gypsophile Millionstar,,Jardin,4.95,,True,carrefour
3270190813224,3 Pivoines,,Jardin,3.99,,True,carrefour
3270190817468,Bouquet de Freesias,,Jardin,6.49,,True,carrefour
3270190825159,Bouquet Bulle Journée Mondiale de l'Océan,,Jardin,9.99,,True,carrefour
3270190826729,Blé Sèche,,Jardin,3.49,,True,carrefour
3270190827580,Bouquet Patience,,Jardin,9.99,,True,carrefour
3270190830986,Œillet de Poète X10,,Jardin,4.99,,True,carrefour
3270190831297,Bouquet Tournesol Tournesol,,Jardin,5.99,,True,carrefour
3270190837855,Bouquet 5 Roses Long Life 50cm,,Jardin,10.99,,True,carrefour
3270190838357,Bouquet Bulle Maria,,Jardin,15.99,,True,carrefour
3270190839651,Bouquet de Fleurs Emilia,,Jardin,13.99,,True,carrefour
3270190847267,Oeillet De Poete,,Jardin,3.99,,True,carrefour
3270190847335,Pivoine Rose,,Jardin,3,,True,carrefour
3270190847465,Bouquet Bulle Natacha,,Jardin,12.99,,True,carrefour
3270190851219,Bouquet Lavande et Tournesol,,Jardin,6.49,,True,carrefour
3270190853916,Bouquet de 3 pivoines Rose,,Jardin,6.99,,True,carrefour
3270190854395,Ficus 3 Branches en Céramique,,Jardin,16.9,,True,carrefour
3270190854968,Phalaenopsis 3 Branches,,Jardin,19.9,,True,carrefour
3270190855651,Composition 3 Plantes dans Boule en Verre,,Jardin,15.9,,True,carrefour
3270190855897,Bouquet de 3 pivoines Rose,,Jardin,7.99,,True,carrefour
3270190859574,Bouquet 5 Lys,,Jardin,4.99,,True,carrefour
3270190860037,Bouquet Eté,,Jardin,9.99,,True,carrefour
3276559371121,Bouquet 5 Roses de Jardin,,Jardin,10.49,,True,carrefour
3280250043416,"Arrosoir pour Enfants Jaune 3,5L dès 18 mois JOUETS ECOIFFIER SAS",JOUETS ECOIFFIER SAS,Jardin,4.99,,True,carrefour
3384123041520,Gants de Jardinage Enfant 4-6 ans Graine de Jardinier MAPA,MAPA,Jardin,6.1,,True,carrefour
3384123041544,Gants de Jardinage Enfant 7-8 ans Graine de Jardinier MAPA,MAPA,Jardin,6.1,,True,carrefour
3523680396333,Bouquet Venus,,Jardin,5.49,,True,carrefour
3523680396371,Bouquet Romance de Saison,,Jardin,15.99,,True,carrefour
3523680427235,Rosier en Pot de 12cm,,Jardin,5.9,,True,carrefour
3523680430402,Botte de Blé,,Jardin,4.5,,True,carrefour
3523680430761,Botte de Blé,,Jardin,5.49,,True,carrefour
3523680433182,Bouquet 10 Roses Jumilia Jumilia Bicolore,,Jardin,3,,True,carrefour
3523680437067,Bouquet Lisianthus,,Jardin,7.99,,True,carrefour
3523680457065,Bouquet Bulle de Fleurs Bulle de Fleurs de Saison,,Jardin,17.99,,True,carrefour
3523680469013,Fleurs orchidée céramique 6 fleurons CARREFOUR,CARREFOUR,Jardin,3.99,,True,carrefour
3523680477766,Bouquet Tendresse Rouge,,Jardin,7.99,,True,carrefour
3523680477773,Bouquet Tendresse Rose,,Jardin,7.99,,True,carrefour
3523680477780,Bouquet Tendresse Violet,,Jardin,7.99,,True,carrefour
3523680478497,Bouquet 9 Roses Blush,,Jardin,7.99,,True,carrefour
3523680493490,Bouquet Cerise,,Jardin,6.99,,True,carrefour
3523680493506,Bouquet Nina,,Jardin,7.99,,True,carrefour
3523680493513,Bouquet Bella,,Jardin,5.99,,True,carrefour
3523680493537,Bouquet Tendresse Jaune,,Jardin,7.99,,True,carrefour
3523680493544,Bouquet Tendresse Orange,,Jardin,7.99,,True,carrefour
3523680493636,Bouquet du Mois,,Jardin,6.49,,True,carrefour
3523680493643,Bouquet Week End,,Jardin,13.99,,True,carrefour
3523680493803,Bouquet Plaisir,,Jardin,7.99,,True,carrefour
3523680495623,Bouquet de 5 Pivoines Roses 60cm,,Jardin,12.99,,True,carrefour
3523680495654,Bouquet de 5 pivoines Saumon,,Jardin,12.99,,True,carrefour
3523680495661,Bouquet Tournesol 3 Tiges,,Jardin,5.49,,True,carrefour
3523680517646,Bouquet Gypsophile Teinté,,Jardin,4.99,,True,carrefour
3523680521223,Roses de 60cm,,Jardin,4.29,,True,carrefour
3523680521230,Bouquet Inspiration,,Jardin,4.99,,True,carrefour
3523680521247,Bouquet Infusion,,Jardin,3.29,,True,carrefour
3523680521551,Bouquet 7 Roses Abracadabra,,Jardin,9.49,,True,carrefour
3523680526310,Roses Ton Chaud de 40cm,,Jardin,2.99,,True,carrefour
3523680526327,Roses Ton Froid de 40cm,,Jardin,2.99,,True,carrefour
3560234471078,Pot  en ciment blant avec plante grasse  ATMOSPHERA,ATMOSPHERA ,Jardin,2.79,,True,carrefour
3560238659106,Pot  en céramique noir avec bambou  ATMOSPHERA,ATMOSPHERA ,Jardin,8.99,,True,carrefour
3560238667415,Pot  ananas en céramqiue  ATMOSPHERA,ATMOSPHERA ,Jardin,7.99,,True,carrefour
3560238912072,Plante grasse artificielle pot H13,,Jardin,2.99,,True,carrefour
3565421061421,Plante Jasmin persistant avec pot 6l,,Jardin,16.99,,True,carrefour
3580798133021,Pot de Fleurs Blanc D30cm Tulipe Granit,,Jardin,14.99,,True,carrefour
3580798133779,Pot de Fleurs Ciment D30cm Tulipe Granit,,Jardin,14.99,,True,carrefour
3580798143020,Pot de Fleurs Blanc D40cm Tulipe Granit,,Jardin,49.9,,True,carrefour
3580798143761,Pot de Fleurs Gris D40cm Tulipe Granit,,Jardin,49.9,,True,carrefour
3580798143778,Pot de Fleurs Ciment D40cm Tulipe Granit,,Jardin,27.99,,True,carrefour
3580798153029,Pot de Fleurs Blanc D50cm Tulipe Granit,,Jardin,49,,True,carrefour
3580798153067,Pot de Fleurs Bleu D50cm Tulipe Granit,,Jardin,49,,True,carrefour
3580798153760,Pot de Fleurs Gris D50cm Tulipe Granit,,Jardin,49,,True,carrefour
3580798153777,Pot de Fleurs Ciment D50cm Tulipe Granit,,Jardin,49,,True,carrefour
3601680000501,Plante Chrysant Multifleurs Mono P19,,Jardin,7.49,,True,carrefour
3601680001737,Plante  Chrysanthèmes Multifleurs Tricolores P19,,Jardin,8.49,,True,carrefour
3616474789081,Gants de Jardinage Femme Taille L-9 SIMPL SIMPL,SIMPL,Jardin,2,,True,carrefour
3616474789098,Gants de Jardinage Homme Taille XL-10 SIMPL,SIMPL,Jardin,2,,True,carrefour
3616957594737,Gants de Protection Barbecue Taille Unique HYBA HYBA,HYBA,Jardin,8.99,,True,carrefour
3616957595499,Gants de Jardinage Enfant Taille 5 SIMPL,SIMPL,Jardin,1.49,,True,carrefour
3616958714479,Serre de culture Tomates en PVC200x77x150 cm,,Jardin,24.99,,True,carrefour
3700194422462,"Tuyau Enrouleur automatique 20M, Tuyau Ø12,5mm.",,Jardin,49.99,,True,carrefour
3700590907495,Barage anti-insectes pulvérisateur,,Jardin,13.9,,True,carrefour
3701064300033,Pulvérisateur à pression préalable Oxidy F.8 RAIN,RAIN,Jardin,28.99,,True,carrefour
3760071019208,"Cône Arrosage 0,5-2L Aquasolo 20cl/24h Vert 3+1 Gratuit HOZELOCK",HOZELOCK,Jardin,16.9,,True,carrefour
4029201127145,Combinaison Spécial Traitement Chimique Phytosanitaire,,Jardin,18.9,,True,carrefour
5010646005067,Raccord Robinet Rond Ovale 14-18mm Collier Réglable Arrosage Ref. 2176 HOZELOCK,HOZELOCK,Jardin,8.49,,True,carrefour
5010646005074,Raccord Robinet Rond Ovale 20-24mm Collier Réglable Arrosage Ref. 2177 HOZELOCK,HOZELOCK,Jardin,8.29,,True,carrefour
5010646005104,"Raccord Arrosage Dérivation Y 12,5mm HOZELOCK",HOZELOCK,Jardin,4.99,,True,carrefour
5010646005135,"Raccord Réparation Tuyau Arrosage 12,5-15mm HOZELOCK",HOZELOCK,Jardin,4.1,,True,carrefour
5010646005203,Raccord Accoupleur Double Mâle pour Extension de Tuyau Arrosage HOZELOCK,HOZELOCK,Jardin,2.99,,True,carrefour
5010646005234,"Raccord Robinet Extérieur Fileté 33,3mm (1″ BSP) Arrosage Ref. 2158 HOZELOCK",HOZELOCK,Jardin,3.19,,True,carrefour
5010646005241,"Raccord Robinet Extérieur Fileté 26,5mm (3/4″ BSP) Arrosage Ref. 2167 HOZELOCK",HOZELOCK,Jardin,3.19,,True,carrefour
5010646005258,Raccord Robinet Extérieur Fileté Ancien 21-26mm Arrosage HOZELOCK,HOZELOCK,Jardin,7.99,,True,carrefour
5010646005333,Raccord Réparation Tuyau Arrosage 19mm HOZELOCK,HOZELOCK,Jardin,5.19,,True,carrefour
5010646010313,"Tuyau Arrosage Automatique Poreux 15m 12,5mm Ref. 6761 HOZELOCK",HOZELOCK,Jardin,19.99,,True,carrefour
5010646037808,Pistolet Arrosage à Pulvérisation Jet droit ou Conique Métal Jet Plus Ref. 2690 HOZELOCK,HOZELOCK,Jardin,20.9,,True,carrefour
5010646037815,Pistolet Arrosage à Pulvérisation Multi-jets Métal Multi Plus Ref. 2691 HOZELOCK,HOZELOCK,Jardin,27.9,,True,carrefour
5010646045537,Arroseur Rotatif Multiple Surface 79m² 8 Jets sur Socle HOZELOCK,HOZELOCK,Jardin,16.99,,True,carrefour
5010646048668,"Spray Pulvérisateur Jardin à Gachette 1,2L + Arrosoir 2-en-1 HOZELOCK",HOZELOCK,Jardin,4.5,,True,carrefour
5010646056595,Lance Arrosage Spray Plus 90cm Manche Longue Portée HOZELOCK,HOZELOCK,Jardin,20.9,,True,carrefour
5010646057042,Raccord Robinet Extérieur Sélecteur 2 Circuits Arrosage 15-21mm et 20-27mm HOZELOCK,HOZELOCK,Jardin,14.6,,True,carrefour
5010646057578,Chariot devidoir en plastique,,Jardin,46.9,,True,carrefour
5010646057677,Arroseur Rotatif Canon Surface 450m² Pelouse et Plante établie HOZELOCK,HOZELOCK,Jardin,18.99,,True,carrefour
5010646058018,"Raccord Robinet Extérieur Sélecteur 2 Circuits Arrosage 21-26,6mm et 33,3mm HOZELOCK",HOZELOCK,Jardin,20.9,,True,carrefour
5010646059466,"Raccord Fin de Tuyau Arrosage 12,5-15mm Soft Touch HOZELOCK",HOZELOCK,Jardin,4.29,,True,carrefour
5010646059473,"Raccord Connecteur Arrosage Aquastop 12,5-15mm Soft Touch HOZELOCK",HOZELOCK,Jardin,5.99,,True,carrefour
5010646061629,Raccord Fin de Tuyau Arrosage 19mm Soft Touch HOZELOCK,HOZELOCK,Jardin,5.99,,True,carrefour
5010646061636,Raccord Aquastop 19Mm Soft,,Jardin,6.3,,True,carrefour
5010646061742,Programmateur select controller HOZELOCK,HOZELOCK,Jardin,41.5,,True,carrefour
5010646062466,"Tuyau Arrosage avec Enrouleur 10m Micro-tuyau 7,5mm Click & Go Compact Léger HOZELOCK",HOZELOCK,Jardin,32.9,,True,carrefour
5010646062978,Pistolet Arrosage à Pulvérisation Multi-jets Multi Spay HOZELOCK,HOZELOCK,Jardin,26.99,,True,carrefour
5010646063036,Pistolet Arrosage à Pulvérisation Multi-jets HOZELOCK,HOZELOCK,Jardin,13.5,,True,carrefour
5010646064033,Lance d'arrosage 3 En 1 Plus,,Jardin,6.99,,True,carrefour
5010646064057,"Kit Arrosage Lance 3-en-1 et Raccords (Standard + Aquastop + Robinet) 12,5-15mm HOZELOCK",HOZELOCK,Jardin,14.5,,True,carrefour
5010646064163,Arroseur Oscillant Rectangulaire AquaSave Pro 220 M Surface 220m² HOZELOCK,HOZELOCK,Jardin,18.99,,True,carrefour
5010646066365,Tuyau d'arrosage Extensible avec pistolet 15m D18mm,,Jardin,39.9,,True,carrefour
5010646066372,Tuyau d'Arrosage Extensible avec Pistolet 30m D18mm,,Jardin,54.9,,True,carrefour
8007382076465,Piège à mouches Bio SANDOKAN,SANDOKAN,Jardin,6.8,,True,carrefour
8007382076489,Piège à guêpes Bio SANDOKAN,SANDOKAN,Jardin,6.8,,True,carrefour
8007382272003,Anti moustique avec un diffuseur en terrecuite SANDOKAN,SANDOKAN,Jardin,7.15,,True,carrefour
8413246195539,Godet de Tourbe Jardinage X10 S GARDELYS,GARDELYS,Jardin,3.99,,True,carrefour
8413246195584,Filet de Protection Oiseaux 2x10m vert 10g/m² en Maille Vert S GARDELYS,GARDELYS,Jardin,4.99,,True,carrefour
8413246195669,Tunnel de Forçage Jardin 50 Microns 2x5m avec 7 Arceaux GARDELYS,GARDELYS,Jardin,11.5,,True,carrefour
8413246195706,Voile de Forçage Croissance Jardin Non tissé 17g/m² 2x5m Blanc Climatic S GARDELYS,GARDELYS,Jardin,4.99,,True,carrefour
8413246195768,"Film de Paillage Jardin Micro-perforé spécial Fraisiers 1,4x10m 40 Microns Fresia S GARDELYS",GARDELYS,Jardin,5.99,,True,carrefour
8413246195812,"Toile Toile de Paillage Vert Tissée Rouleau 1,25x25m Vert Coversol S GARDELYS",GARDELYS,Jardin,28.9,,True,carrefour
8413246195867,Feutre de Drainage Jardin 1x10m 100g/m² S GARDELYS,GARDELYS,Jardin,17.9,,True,carrefour
8413246196390,Pluviomètre à Piquer 30ml 6cm avec Support Vert Pluvipic S GARDELYS,GARDELYS,Jardin,1.99,,True,carrefour
8413246214674,"Toile de Paillage Naturel Chanvre 0,44x3m Terrabio S GARDELYS",GARDELYS,Jardin,14.99,,True,carrefour
8413246214681,"Film Film de Protection Anti-Insecte et Forçage 2-en-1 1,4mx5m Insectfilm S GARDELYS",GARDELYS,Jardin,8.99,,True,carrefour
8413246218047,"Pots ronds 100% biodégradables, diam 6cm, fibre de bois",,Jardin,1.95,,True,carrefour
8413246218061,Pots ronds,,Jardin,2.89,,True,carrefour
8413246218108,Pots ronds,,Jardin,3.99,,True,carrefour
8436535882071,Olivier Olea Europaea,,Jardin,69.99,,True,carrefour
8717972057506,Plante Chrysantheme 17Cm Uni,,Jardin,3.89,,True,carrefour
8720389063626,Plancha Série 3000 - HD6210/95 PHILIPS,PHILIPS,Jardin,79.99,59.99,True,carrefour
3615004088472,Mélange Briquettes Végétales et Charbon de Bois 6kg CARREFOUR,CARREFOUR,Jardin,11.79,18.86,True,carrefour
3614610832677,Charbon de Bois 6kg Premium Gros Morceaux CARREFOUR,CARREFOUR,Jardin,13.99,22.38,True,carrefour
3616473658821,Charbon de Bois 5kg Qualité Supérieure CARREFOUR,CARREFOUR,Jardin,9.99,15.98,True,carrefour
3616181912437,"Charbon de Bois 2,5kg Qualité Supérieure CARREFOUR",CARREFOUR,Jardin,5.79,9.26,True,carrefour
3616958176369,Briquette de Charbon 4 kg CARREFOUR,CARREFOUR,Jardin,7.59,12.14,True,carrefour
3608144249926,Allume-gaz flamme rechargeable CARREFOUR HOME,CARREFOUR HOME,Jardin,4.75,,True,carrefour
3270190570288,Gel Allume-feu Accélérateur 1L CARREFOUR,CARREFOUR,Jardin,4.99,,True,carrefour
3560071530785,Briquet Utilitaire Multifonction Flamme Réglable CARREFOUR EXPERT,CARREFOUR EXPERT,Jardin,2.73,,True,carrefour
3560071530716,Briquet Maxi À Pierre Curve Décoré CARREFOUR EXPERT,CARREFOUR EXPERT,Jardin,2.93,,True,carrefour
3616959346266,Plancha pliante 90 cm HPG2200XL-25 CARREFOUR HOME,CARREFOUR HOME,Jardin,29.99,,True,carrefour
3560071530754,Briquet Mini CARREFOUR EXPERT,CARREFOUR EXPERT,Jardin,3.19,,True,carrefour
3616473218773,"Cubes Allume-feu Bois Compressé X32 Naturel (Barbecue, Cheminée, Poêle) CARREFOUR",CARREFOUR,Jardin,1.5,,True,carrefour
3616473218780,"Laine de bois Allume-feu X25 Rouleaux (Barbecue, Cheminée, Poêle) CARREFOUR",CARREFOUR,Jardin,3.5,,True,carrefour
3616473999351,"Cubes Allume-feu Bois Compressé X72 Naturel (Barbecue, Cheminée, Poêle) CARREFOUR",CARREFOUR,Jardin,3.99,,True,carrefour
3616959366356,Plancha HPG1500-25 CARREFOUR HOME,CARREFOUR HOME,Jardin,39.99,,True,carrefour
3390770005730,Charbon de bois GRILL O'BOIS,GRILL O'BOIS,Jardin,18.99,18.99,True,carrefour
8712836987944,Plancha XXL - 1800W - BP-2670 TRISTAR,TRISTAR,Jardin,59.99,59.99,True,carrefour
0077924036538,Briquettes de Charbon de Bois 4kg WEBER,WEBER,Jardin,9.99,,True,carrefour
0077924073939,Cheminée d'allumage Rapidefire pour Barbecue Charbon WEBER,WEBER,Jardin,24.99,,True,carrefour
0622356268240,Barbecue électrique fumoir de table Woodfire OG701EU NINJA,NINJA,Jardin,349.9,,True,carrefour
3168430277779,Barbecue électrique sur pieds EasyGrill BG90D814 TEFAL,TEFAL,Jardin,69.99,,True,carrefour
3168430306745,Plancha électrique CB657001 TEFAL,TEFAL,Jardin,94.99,,True,carrefour
3292193100927,Barbecue à Charbon de Bois en Fonte sur Chariot C81 HYBA,HYBA,Jardin,219.99,,True,carrefour
3616958174464,Barbecue électrique sur pieds SBG2000S-24 SIMPL,SIMPL,Jardin,34.99,,True,carrefour
8023034047645,Barbecue Fixe à Charbon de bois avec Hotte en Béton léger Brianza SAROM FUOCO,SAROM FUOCO,Jardin,189.99,,True,carrefour
7640143169740,Barbecue électrique sur pieds OHM-GRIL-1725EU OHMEX,OHMEX,Jardin,59.99,,True,carrefour
3168430687738,Plancha électrique CB560811 Accessimo MOULINEX,MOULINEX,Jardin,39.99,,True,carrefour
3616957605839,Barbecue électrique sur pieds S20 HYBA,HYBA,Jardin,35,,True,carrefour
3196202290053,Plancha 229005 Plancha Equilibre bois foncé LAGRANGE,LAGRANGE,Jardin,99.99,,True,carrefour
3760061218215,Liquide Allume-feu Accélérateur 1L PRATIC'GRILL,PRATIC'GRILL,Jardin,3.99,,True,carrefour
3168430277731,Barbecue électrique de table EasyGrill Power BG90C814 TEFAL,TEFAL,Jardin,49.99,,True,carrefour
3615005892375,Grille Barbecue Rectangulaire 67x40cm avec Poignées HYBA,HYBA,Jardin,17.99,,True,carrefour
0834554009253,Allume-Feu fireball naturel en bois et cire ZIP,ZIP,Jardin,11.99,,True,carrefour
3011230034335,Allume gaz flexible à flammes FACKELMANN,FACKELMANN,Jardin,4.79,,True,carrefour
3011230034380,Recharge gaz universelle BIRAMBEAU,BIRAMBEAU,Jardin,4.99,,True,carrefour
3086123341852,Briquet Megalihter Fluo Modèle Aléatoire BIC,BIC,Jardin,3.9,,True,carrefour
3086123724365,Briquet Multi-Usage EZ Load BIC,BIC,Jardin,6.99,,True,carrefour
3086123772205,Maxi Briquets à Pierre Noir BIC,BIC,Jardin,2.89,,True,carrefour
3086123778368,Maxi Briquet de Poche Décor Normandie BIC,BIC,Jardin,3.89,,True,carrefour
3086123778382,Maxi Briquets à Pierre Edition Limitée Décors Assortis La Capitale BIC,BIC,Jardin,3.89,,True,carrefour
3086123778405,Maxi Briquet de Poche Décor l'Est BIC,BIC,Jardin,3.89,,True,carrefour
3086124101622,Maxi Briquets à Pierre Edition Limitée Décors Assortis PSG BIC,BIC,Jardin,4.19,,True,carrefour
3086124101646,Maxi Briquet à Pierre Décors Assortis O.M. BIC,BIC,Jardin,4.19,,True,carrefour
3086124101660,Mini Briquet à Pierre Décors Assortis P.S.G. BIC,BIC,Jardin,3.39,,True,carrefour
3086124101684,Mini Briquet à Pierre Décors Assortis O.M. BIC,BIC,Jardin,3.39,,True,carrefour
3170573001807,"Nettoyant Dégraissant 2en1 pour Insert, Plancha et Barbecue LAVO FLASH",LAVO FLASH,Jardin,4.49,,True,carrefour
3196202192012,Plancha Pro 35 - 219201 LAGRANGE,LAGRANGE,Jardin,349.99,,True,carrefour
3196202193019,Plancha Pro 50 - 219301 LAGRANGE,LAGRANGE,Jardin,449.99,,True,carrefour
3292194762063,"Tapis de Protection pour Barbecue, Plancha 100x120cm SOMAGIC",SOMAGIC,Jardin,24.99,,True,carrefour
3292199125658,Meuble Cuisine extérieure Trappe et Porte Noir et Bois SOMAGIC,SOMAGIC,Jardin,269,,True,carrefour
3292199125665,Meuble Cuisine extérieure Evier Noir SOMAGIC,SOMAGIC,Jardin,329,,True,carrefour
3292199125672,Meuble Cuisine extérieure pour Plancha Noir 2 portes SOMAGIC,SOMAGIC,Jardin,229,,True,carrefour
3307648016200,Grilles de cuisson barbecue HOME EQUIPEMENT,HOME EQUIPEMENT,Jardin,9.99,,True,carrefour
3323430397227,Allume Feu Cube individuels naturels X320 FLAMETT,FLAMETT,Jardin,9.99,,True,carrefour
3367305120183,Grill 24x24cm Fonte D'acier Emaillee TRADIFONTE,TRADIFONTE,Jardin,15.99,,True,carrefour
3367305120190,Grill 21x35 cm Fonte d'Acier Email Noir TRADIFONTE,TRADIFONTE,Jardin,22.49,,True,carrefour
3383482309470,Allume-Feu Rouleaux Laine de Bois et Cire Végétale HARRIS,HARRIS,Jardin,5.35,,True,carrefour
3482356822500,Briquet allume-bougies - couleur aléatoire AMBIANCES DEVINEAU,AMBIANCES DEVINEAU,Jardin,5.39,,True,carrefour
3482356822517,Recharge gaz pour briquet allume-bougies AMBIANCES DEVINEAU,AMBIANCES DEVINEAU,Jardin,3.39,,True,carrefour
3490570100083,Allume-feux Cubes Sans Odeur CALUMET,CALUMET,Jardin,2.09,,True,carrefour
3490570100915,Allume-feu Laine de Bois CALUMET,CALUMET,Jardin,2.85,,True,carrefour
3490570202718,Dégraissant Barbecue et Plancha CALUMET,CALUMET,Jardin,4.65,,True,carrefour
3576160025599,Plancha Electrique 2000W - Pla230 SIMEO,SIMEO,Jardin,44.99,,True,carrefour
3614610732311,Pince Barbecue Bambou Inox 40cm HYBA,HYBA,Jardin,3.99,,True,carrefour
3614610732397,Brosse Nettoyage Barbecue 44cm Inox Bambou HYBA,HYBA,Jardin,5.99,,True,carrefour
3614610736722,"Set Barbecue 3 pièces (Pince, Spatule, Fourchette) Bambou Inox HYBA",HYBA,Jardin,6.99,,True,carrefour
3614610736784,"Set Plancha 2 pièces (Spatule, Grattoir) Inox 27cm Haute Résistance HYBA",HYBA,Jardin,4.99,,True,carrefour
3615005888712,Pince Barbecue Inox 41cm HYBA,HYBA,Jardin,6.99,,True,carrefour
3615005892115,"Set Barbecue 3 pièces (Pince, Spatule, Fourchette) Haute Résistance HYBA",HYBA,Jardin,17.99,,True,carrefour
3615005892276,Grille Barbecue Ronde Kettle 55cm HYBA,HYBA,Jardin,15.99,,True,carrefour
3615005892283,Grille Double Barbecue Rectangulaire Spécial Hamburgers L10cm avec Poignée HYBA,HYBA,Jardin,5.99,,True,carrefour
3615005892313,Grille Double Poisson Barbecue Carré 28x28cm avec Poignée HYBA,HYBA,Jardin,4.99,,True,carrefour
3615005892320,Grille Double Barbecue Ronde Kettle 30cm avec Poignée HYBA,HYBA,Jardin,4.99,,True,carrefour
3615005892337,Grille Double Barbecue Ronde Kettle 37cm avec Poignée HYBA,HYBA,Jardin,4.99,,True,carrefour
3615005892344,"Grille Barbecue Rectangulaire 52,5x39cm avec Poignées HYBA",HYBA,Jardin,8.99,,True,carrefour
3615005892405,Grille Double Barbecue Rectangulaire 51x38cm avec Poignées HYBA,HYBA,Jardin,9.99,,True,carrefour
3615005892467,Lot de 50 Piques à Brochettes Bois 25cm pour Barbecue HYBA,HYBA,Jardin,1.99,,True,carrefour
3615005892474,Lot de 10 Piques à Brochettes Métal 41cm pour Barbecue avec Poussoir intégré HYBA,HYBA,Jardin,9.99,,True,carrefour
3615005892504,"Brosse Nettoyage Barbecue 2-en-1 43,5cm HYBA",HYBA,Jardin,4.99,,True,carrefour
3615005892511,Brosse Nettoyage Barbecue en T L44cm l6cm HYBA,HYBA,Jardin,4.99,,True,carrefour
3615005892528,Brosse Nettoyage Plancha Haute Résistance HYBA,HYBA,Jardin,3.99,,True,carrefour
3615005892535,Brosse Nettoyage Barbecue 3-en-1 HYBA,HYBA,Jardin,3.99,,True,carrefour
3615005892573,Grille Double Barbecue Rectangulaire 40x29cm avec Poignée HYBA,HYBA,Jardin,7.99,,True,carrefour
3615005916477,Lot de 10 Piques à Brochettes Métal 41cm pour Barbecue HYBA,HYBA,Jardin,5.99,,True,carrefour
3616473148759,"Set Plancha 2 pièces (Spatule, Grattoir) Inox 32cm HYBA",HYBA,Jardin,8.99,,True,carrefour
3616474789296,Brosse Nettoyage Barbecue L44cm Spécial Grilles HYBA,HYBA,Jardin,4.99,,True,carrefour
3616474794276,Grille de Cuisson Barbecue Recoupable Ronde Kettle 48cm HYBA,HYBA,Jardin,4.99,,True,carrefour
3616474794283,Grille de Cuisson Barbecue Recoupable Rectangulaire 36x40cm HYBA,HYBA,Jardin,4.99,,True,carrefour
3616474802117,Cheminée d'allumage en Acier HYBA,HYBA,Jardin,6.99,,True,carrefour
3616479542384,Lot de 4 Piques à Brochettes Métal 39cm pour Barbecue SIMPL,SIMPL,Jardin,3.5,,True,carrefour
3616479542407,Lot de 6 barquettes en aluminium 26x19cm pour barbecue SIMPL,SIMPL,Jardin,2.99,,True,carrefour
3616479542414,Spatule Barbecue 36cm SIMPL,SIMPL,Jardin,2.5,,True,carrefour
3616479542421,Fourchette à viande Barbecue 41cm SIMPL,SIMPL,Jardin,1.99,,True,carrefour
3616479542438,Spatule Plancha 41cm SIMPL,SIMPL,Jardin,2.5,,True,carrefour
3616479542445,"Set Barbecue Inox 3 pièces (Pince, Spatule, Fourchette) SIMPL",SIMPL,Jardin,2.99,,True,carrefour
3616479542452,Pince Barbecue Inox 37cm SIMPL,SIMPL,Jardin,1.79,,True,carrefour
3616479542476,Brosse Nettoyage Barbecue 21cm SIMPL,SIMPL,Jardin,1.5,,True,carrefour
3616479542483,Brosse Nettoyage Barbecue en T L31cm l17cm SIMPL,SIMPL,Jardin,1.99,,True,carrefour
3616479542490,Brosse Nettoyage Barbecue 3-en-1 SIMPL,SIMPL,Jardin,1.99,,True,carrefour
3616958173849,Plancha BPG2000-24 2000w noir SIMPL,SIMPL,Jardin,24.99,,True,carrefour
3616958174457,Barbecue électrique de table SBG2000-24 SIMPL,SIMPL,Jardin,29.99,,True,carrefour
3616958730158,Plaque en fonte 2 en 1 pour Barbecue HYBA,HYBA,Jardin,19.99,,True,carrefour
3616958731926,Housse en Polyester pour Barbecue Kettle HYBA,HYBA,Jardin,19.99,,True,carrefour
3616959034569,Grille de cuisson en fonte émaillé pour Brasero D39cm H10cm HYBA,HYBA,Jardin,24.99,,True,carrefour
3617702222875,Barbecue à Charbon de Bois nomade D37cm Grill'iT SIMPL,SIMPL,Jardin,17.99,,True,carrefour
3617702284798,Barbecue à Charbon de Bois HYBA,HYBA,Jardin,119.99,,True,carrefour
3617702284804,Grille de Barbecue Double Ajustable 3 hauteurs 29x40cm HYBA,HYBA,Jardin,8.99,,True,carrefour
3617702284811,Grille de Barbecue 3 poissons HYBA,HYBA,Jardin,7.99,,True,carrefour
3700902208623,Barbecue électrique de table MEDHD8001 MEDEK,MEDEK,Jardin,29.99,,True,carrefour
3760061210912,"Allumettes Longues X40 (Barbecue, Cheminée, Poêle) ACTIFEU",ACTIFEU,Jardin,2.99,,True,carrefour
3760061210936,"Plats à Griller Alluminium X5 (Barbecue, Cheminée, Four) ACTIFEU",ACTIFEU,Jardin,3.49,,True,carrefour
3760061212404,"Allumettes Allume-feu X24 (Barbecue, Cheminée, Poêle) ACTIFEU",ACTIFEU,Jardin,1.99,,True,carrefour
3760061212664,Gel Allume-feu Accélérateur 1L ACTIFEU,ACTIFEU,Jardin,5.99,,True,carrefour
3760061212800,Nettoyant Vitres d'inserts et Grilles barbecue 750mL ACTIFEU,ACTIFEU,Jardin,3.99,,True,carrefour
3760061212831,Nettoyant Plancha 750mL ACTIFEU,ACTIFEU,Jardin,4.3,,True,carrefour
3760061215498,"Cubes Allume-feu Naturels X220 Sans Odeurs Maxi Format (Barbecue, Cheminée) ACTIFEU",ACTIFEU,Jardin,7.99,,True,carrefour
3760061218116,Allume feu en Plaque Sécable - Le lot de 32 PRATIC GRILL,PRATIC GRILL,Jardin,1.3,,True,carrefour
4003073932441,Grille de Cuisson Barbecue Recoupable Rectangulaire 36x40cm DURANDAL,DURANDAL,Jardin,8.99,,True,carrefour
4003073932458,Grille de Cuisson Barbecue Recoupable Ronde Kettle 48cm DURANDAL,DURANDAL,Jardin,8.99,,True,carrefour
5065000499099,"Cubes Allume-feu Naturels X36 Sans Odeurs Mega Pack (Barbecue, Cheminée, Poêle) ZIP",ZIP,Jardin,2.99,,True,carrefour
5065000499174,"Cubes Allume-feu Puissants X24 (Barbecue, Cheminée, Poêle) ZIP",ZIP,Jardin,2.59,,True,carrefour
5065000499198,"Cubes Allume-feu Puissants X96 Pack Economique (Barbecue, Cheminée, Poêle) ZIP",ZIP,Jardin,7.99,,True,carrefour
5065000499440,"Cubes Allume-feu Naturels X96 Sans Odeurs Mega Pack (Barbecue, Cheminée, Poêle) ZIP",ZIP,Jardin,5.79,,True,carrefour
5065023679010,Allume-Feux 100% Naturel Copeaux de Saule & Cire Végétale ZIP,ZIP,Jardin,3.49,,True,carrefour
5412119000232,Charbon de bois 4kg,,Jardin,7.99,,True,carrefour
7640426990764,"Grill électrique 2 brûleurs, tablettes latérales rabattables 2300W - OHM-GRIL-5233EU OHMEX",OHMEX,Jardin,199.99,,True,carrefour
8412765508905,Briquets Collection Touristique CLIPPER REUSABLE,CLIPPER REUSABLE,Jardin,5.29,,True,carrefour
8412765849558,Allume-Feu Rechargeable CLIPPER REUSABLE,CLIPPER REUSABLE,Jardin,2.9,,True,carrefour
8412765970443,Briquets Collection Cocktails Réutilisable CLIPPER,CLIPPER,Jardin,3.99,,True,carrefour
8447218260888,Briquets Collection Réutilisable CLIPPER,CLIPPER,Jardin,2.95,,True,carrefour
8711658520995,Plancha en Bambou 1200W - 2642CA TRISTAR,TRISTAR,Jardin,49.99,,True,carrefour
8712836987920,Plancha Slim XL 90 cm - Thermostat amovible - BP-2669 TRISTAR,TRISTAR,Jardin,49.99,,True,carrefour
3617702227757,Abri de Jardin en Métal 5m2 Portland CARREFOUR,CARREFOUR,Jardin,219.99,,True,carrefour
3617702258676,"Abri de Jardin en Plastique 1,38m2 Tacoma CARREFOUR",CARREFOUR,Jardin,229.99,,True,carrefour
3617702807645,"Compost 3,5L Filtre Charbon CARREFOUR",CARREFOUR,Jardin,19.99,,True,carrefour
3700242102285,Composteur de Jardin Eco 350L Noir BELLI,BELLI,Jardin,29.99,,True,carrefour
0638801418733,"Abri de Jardin à Toit Plat en Métal 3,92m2 Gris Anthracite DURAMAX",DURAMAX,Jardin,1199,,True,carrefour
3617702229614,Pelle inox,,Jardin,4.99,7.48,True,carrefour
3616957678352,Tondeuse à Gazon Électrique sans fil 1x20V Mulching avec Bac de Ramassage CARREFOUR,CARREFOUR,Jardin,99.99,,True,carrefour
3616957672923,Batterie de Rechange 20V 2AH CARREFOUR,CARREFOUR,Jardin,18.99,,True,carrefour
3616957668872,"Chargeur de Batterie Double 21,4V CARREFOUR",CARREFOUR,Jardin,19.99,,True,carrefour
3616957668896,Scie à ébrancher portative sans fil 20V CARREFOUR,CARREFOUR,Jardin,29.99,,True,carrefour
3616957678383,Débroussailleuse + Taille-Haie + Élagueuse Téléscopique 4-en-1 sans fil 20V CARREFOUR,CARREFOUR,Jardin,149.99,,True,carrefour
3608142922968,"Sécateur de Jardinage à Crémaillère 20,5cm Coupe 22mm CARREFOUR",CARREFOUR,Jardin,12.99,,True,carrefour
3608142985260,Plantoir Conique Fleur Couleur Aléatoire CARREFOUR,CARREFOUR,Jardin,3.99,,True,carrefour
3616957591002,Sac à Gravats 70L X5 CARREFOUR,CARREFOUR,Jardin,5.99,,True,carrefour
3616957591262,Sac de Jardin Déchet Vert 272L CARREFOUR,CARREFOUR,Jardin,5.99,,True,carrefour
3616957668858,Souffleur Électrique sans fil 20V 234Km/h CARREFOUR,CARREFOUR,Jardin,22.99,,True,carrefour
3616957678369,Tondeuse à Gazon Électrique sans fil 2x20V Mulching avec Bac de Ramassage CARREFOUR,CARREFOUR,Jardin,139.99,,True,carrefour
3616957685312,Huile Chaîne de Tronçonneuse 2L CARREFOUR,CARREFOUR,Jardin,17.99,,True,carrefour
3616958710549,Sac de jardinage 150L Vert CARREFOUR,CARREFOUR,Jardin,6.99,,True,carrefour
3617702268385,Désherbeur Manuel CARREFOUR,CARREFOUR,Jardin,14.99,,True,carrefour
3616958679105,Chariot Métal à bascule avec bâche CARREFOUR,CARREFOUR,Jardin,69.99,,True,carrefour
3616958837147,Tondeuse à Gazon Electrique 1200W avec bac de Ramassage GREENCUT,GREENCUT,Jardin,49.99,,True,carrefour
3616958837154,Tondeuse à Gazon Electrique 1500W avec bac de Ramassage GREENCUT,GREENCUT,Jardin,89.99,,True,carrefour
3616958837161,Tondeuse à Gazon Electrique 1800W avec bac de Ramassage GREENCUT,GREENCUT,Jardin,119.99,,True,carrefour
3616958820897,Tondeuse à Gazon Thermique 145 CC moteur HONDA GCV145 GREENCUT,GREENCUT,Jardin,329.99,,True,carrefour
3616958820910,Tondeuse à Gazon Thermique à démarrage Electrique 161CC moteur GREENCUT,GREENCUT,Jardin,449.99,,True,carrefour
5411074221942,Débroussailleuse Thermique 2 Temps 52cc 2-en-1 Lame 3 dents Fil nylon ELEM GARDEN TECHNIC,ELEM GARDEN TECHNIC,Jardin,99.99,,True,carrefour
3616958820903,Tondeuse à Gazon Thermique 166CC moteur HONDA GCV170 GREENCUT,GREENCUT,Jardin,389.99,,True,carrefour
5411074243029,Tondeuse à gazon Thermique Tractée 144CC WMG-TTAC41T144-20 GREATLAND,GREATLAND,Jardin,179.99,,True,carrefour
5411074224318,Taille-Haie Électrique Filaire 710w Lame 61cm Poignée 5 Positions GREATLAND,GREATLAND,Jardin,49.99,,True,carrefour
3239049801119,Brouette de Jardin 100L avec roue gonflable,,Jardin,74.99,,True,carrefour
3239049801133,"Brouette Brouette Classic roue increvable, bleu",,Jardin,79.99,,True,carrefour
3260770103333,Fourche Tarabate de Jardin 4 Dents avec Manche Bois JAD JARDIN,JAD JARDIN,Jardin,59.9,,True,carrefour
3260771300243,Griffe de Jardinage à Rotation en Acier 5 Dents Actifgriffe JAD JARDIN,JAD JARDIN,Jardin,29.9,,True,carrefour
3260772500055,Balai de Cantonnier Tête 31cm avec Manche en Bois 140cm JAD JARDIN,JAD JARDIN,Jardin,9.99,,True,carrefour
3260773300180,"Balai Raclette de Nettoyage Sol Intérieur Extérieur Piscine, Terrasse",,Jardin,9.99,,True,carrefour
3280250245414,Brouette pour Enfants dès 18 mois Bleue ECOIFFIER,ECOIFFIER,Jardin,6.99,,True,carrefour
3374650240473,Huile Chaîne de Tronçonneuse 5L Viscosité 120 MOTUL,MOTUL,Jardin,20.99,,True,carrefour
3539012006269,"Pelle Bêche, noir et vert,",,Jardin,29.99,,True,carrefour
3582320098518,Bougie Allumage Moteur F9851 Champion (RJ19LM) NGK (BR2LM) GARDY PARTS,GARDY PARTS,Jardin,3.4,,True,carrefour
3582320098563,Bougie Allumage Moteur F9856 Champion (RN9YC SCR9C) NGK (BPR6ES) GARDY PARTS,GARDY PARTS,Jardin,3.1,,True,carrefour
3582320098730,Bougie Allumage Moteur F9873 Champion (L86C C8S) NGK (B6HS) GARDY PARTS,GARDY PARTS,Jardin,3.1,,True,carrefour
3582320315004,Bombe Aérosol Anti-résine 250ml Nettoyant X'OIL,X'OIL,Jardin,4.99,,True,carrefour
3582320317008,Additif Essence et Substitut de Plomb pour Motoculture 250ml X'OIL,X'OIL,Jardin,7.5,,True,carrefour
3582321300245,Couteaux pour coupe bordures adaptable Bosch BQ026 GARDY PARTS,GARDY PARTS,Jardin,8.2,,True,carrefour
3582321480664,Bobineau adaptable Coupe-Bordure Gardif (GT 3001- 500 W GT3011) GARDY PARTS,GARDY PARTS,Jardin,15.5,,True,carrefour
3582321835327,Bobineau adaptable Coupe-Bordure IKRA (IGT600DA) B&Q (TRY250SGTC) GARDY PARTS,GARDY PARTS,Jardin,9.9,,True,carrefour
3582321842189,Bobineau adaptable Coupe-Bordure 500W B&Q (PWR400DGTA) GARDY PARTS,GARDY PARTS,Jardin,5.2,,True,carrefour
3582322000397,"Chaîne de Tronçonneuse CD42 Pas de 3/8LP Jauge 1,3mm 40cm 56 entraîneurs OZAKI",OZAKI,Jardin,14.9,,True,carrefour
3582322206959,"Chaine de Tronçonneuse Semi carrée cd52 pas de 7.62 mm jaune 1,1mm 12cm 28 entraîneurs",,Jardin,19.99,,True,carrefour
3582323323037,Filtre à Air pour moteur Briggs & Stratton (BS300/450/500E) GARDY PARTS,GARDY PARTS,Jardin,4.49,,True,carrefour
3582324141418,"Tête de Débroussailleuse Aluminium Multifils Hélicoïdal Compatible fils 3,3 à 4,7mm OZAKI",OZAKI,Jardin,16.9,,True,carrefour
3582329289993,"Bobine de fil FL9289 Coupe-Bordure adaptable Flymo, Ryobi, Bestgreen, Qualcast GARDY PARTS",GARDY PARTS,Jardin,6.1,,True,carrefour
3582329700047,"Chaîne de Tronçonneuse CD4 Pas de 3/8LP Jauge 1,3mm 35cm 50 entraîneurs OZAKI",OZAKI,Jardin,14.9,,True,carrefour
3582329700054,"Chaîne de Tronçonneuse CD5 Pas de 3/8LP Jauge 1,3mm 35cm 52 entraîneurs OZAKI",OZAKI,Jardin,14.9,,True,carrefour
3582329700078,"Chaîne de Tronçonneuse CD7 Pas de 3/8LP Jauge 1,3mm 40cm 57 entraîneurs OZAKI",OZAKI,Jardin,14.9,,True,carrefour
3582329700108,"Chaîne de Tronçonneuse CD10 Pas de 0,325 Jauge 1,5mm 45cm 72 entraîneurs OZAKI",OZAKI,Jardin,23.9,,True,carrefour
3582329914666,Filtre à Air pour moteur Honda GCV 140 GCV160 GARDY PARTS,GARDY PARTS,Jardin,6.7,,True,carrefour
3616474789111,Transplantoir de Jardinage en Métal Couleur Aléatoire SIMPL,SIMPL,Jardin,2,,True,carrefour
3616958820880,Tondeuse Thermique 42cm tractée moteur B&S 300 E GREENCUT,GREENCUT,Jardin,285.99,,True,carrefour
3617702272054,Sécateur Jardin Lame acier SIMPL,SIMPL,Jardin,2,,True,carrefour
3617702272078,Râteau de Jardin Petit 3 Dents Acier SIMPL,SIMPL,Jardin,2,,True,carrefour
3700421911974,"Bêche de Jardinage Multifonction Acier Carboné 2,5kg 113cm ROOT SLAYER",ROOT SLAYER,Jardin,49.9,,True,carrefour
3760059702634,Cartouche de Gaz pour Désherbeur Thermique 300G BRUL'STAR BRUL'STAR,BRUL'STAR,Jardin,5.5,,True,carrefour
4078500023924,Tondeuse électrique 1100/32 Coupe 32cm PowerMax CARREFOUR,CARREFOUR,Jardin,119.99,,True,carrefour
4078500042468,"Coupe-bordures Sans fil avec batterie 14,4 V - largeur de coupe avec fil 223 mm SmallCut Li-14/23R GARDENA",GARDENA,Jardin,119.99,,True,carrefour
4078500042475,Taille-haies à batterie EasyCut Li-14/40 GARDENA,GARDENA,Jardin,129.99,,True,carrefour
4078500065733,Cisaille à Gazon sans fil Coupe 8cm ClassicCut Li GARDENA,GARDENA,Jardin,69.99,,True,carrefour
5411074229030,Débroussailleuse Thermique 52cc 4-en-1 Taille-Haie + Élagueuse + Coupe-bordures GREATLAND,GREATLAND,Jardin,139.99,,True,carrefour
5411074243487,Robot Tondeuse 20V 900m² GREATLAND,GREATLAND,Jardin,299.99,,True,carrefour
6411501111081,Sécateur à Lame franche Solid M P321 FISKARS,FISKARS,Jardin,12.99,,True,carrefour
6411501111166,Sécateur à Lame franche Smartfit Plus 541 FISKARS,FISKARS,Jardin,21.5,,True,carrefour
6411501111180,"Sécateur à enclume Sécateur Plus™ P741 à enclume doté de la technologie Power-Lever ™. Diamètre de coupe: 24mm, noir et orange",,Jardin,25.9,,True,carrefour
6411501112606,"Sécateur à lame franche Sécateur Singlestep™ P26 à lame franche - Diamètre de coupe: 20 mm, noir",,Jardin,12.9,,True,carrefour
6411501120106,Cisaille à Gazon SmartFit GS40 FISKARS,FISKARS,Jardin,21.9,,True,carrefour
6411501121608,Coupe-branches Singlestep M FISKARS,FISKARS,Jardin,27.9,,True,carrefour
6411501147301,Cisaille à haies Singlestep FISKARS,FISKARS,Jardin,29.9,,True,carrefour
6411501150363,Cisaille à Haie Télescopique Solid HS13 FISKARS,FISKARS,Jardin,36.9,,True,carrefour
6411501150370,Coupe-branches Télescopique 63-83cm Coupe 45mm FISKARS,FISKARS,Jardin,40.9,,True,carrefour
6411501311849,Bêche de Jardin Ronde à Rebords Solid FISKARS,FISKARS,Jardin,24.9,,True,carrefour
6411501350169,Balai à gazon L 25 dents Noir Solid FISKARS,FISKARS,Jardin,19.99,,True,carrefour
6411501350411,"Sac àVégétaux Solid™, 56 L",,Jardin,14.9,,True,carrefour
6411501357151,Râteau de Jardin à Dents Courbes Solid 14 Dents FISKARS,FISKARS,Jardin,18.99,,True,carrefour
6411501704351,Balai à Feuilles Ratissage Gazon Solid (Taille M) FISKARS,FISKARS,Jardin,19.99,,True,carrefour
6411501705518,Fourche à Bêcher Solid FISKARS,FISKARS,Jardin,24.9,,True,carrefour
6411501705754,"Déplantoir Déplantoir Solid™65% matière recyclée, Noir",,Jardin,4.9,,True,carrefour
6411501705761,"Serfouette Serfouette Solid™ 65% matière recyclée, Noir",,Jardin,8.9,,True,carrefour
6411501705785,"Griffe à fleurs Griffe à fleurs Solid™ 65% matière recyclée, Noir",,Jardin,4.9,,True,carrefour
6411501707789,Désherbeur manuel 4 dents,,Jardin,39.99,,True,carrefour
6424002019497,"Ciseaux jardin Universels Ciseaux de jardin Universels S90 - 21 cm. Pour droitiers, Orange",,Jardin,19.9,,True,carrefour
6424002019589,"Ciseaux jardin 18 cm Herbes, Aromes FISKARS",FISKARS,Jardin,21.9,,True,carrefour
8001011099085,"Chariot à Ballons 0,8x0,6x1,8m",,Jardin,73.99,,True,carrefour
8004779043277,Désherbeur Electrique 2000W avec Buse Ronde et Plate GF,GF,Jardin,34.9,,True,carrefour
8711338724453,"Sac kraft, marron, 80L",,Jardin,5.99,,True,carrefour
8720573459686,Pelle pliable noir,,Jardin,8.99,,True,carrefour
3614610100103,Borne Solaire Jardin Extérieur Arrondie à Planter Led H38cm Acier CARREFOUR,CARREFOUR,Jardin,3.99,,True,carrefour
3614610100158,Borne Solaire Jardin Extérieur à Planter Led H37cm Acier CARREFOUR,CARREFOUR,Jardin,1.99,,True,carrefour
3614612306664,"Borne Solaire Jardin Extérieur à Planter Led H49,5cm Mosaïques CARREFOUR",CARREFOUR,Jardin,3.5,,True,carrefour
3614612306688,Spot Solaire Jardin Extérieur à Planter Led H28cm Noir CARREFOUR,CARREFOUR,Jardin,6.99,,True,carrefour
3614612306961,"Photophore Solaire Extérieur Verre 11,4cm H9cm avec Mosaïque Led CARREFOUR",CARREFOUR,Jardin,5.99,,True,carrefour
3616181389178,Borne Solaire Jardin Extérieur à Planter Led H40cm Noir Industriel CARREFOUR CARREFOUR,CARREFOUR,Jardin,3.99,,True,carrefour
3616473087829,"Ampoule Solaire Jardin Extérieur à Suspendre H13,7cm CARREFOUR",CARREFOUR,Jardin,1.99,,True,carrefour
3616474789241,Gazon Synthétique Artificiel Ep.30mm Rouleau 1x4m Almeria CARREFOUR,CARREFOUR,Jardin,39.99,,True,carrefour
3616474789258,Gazon Synthétique Artificiel 30mm Rouleau 2x4m Almeria CARREFOUR,CARREFOUR,Jardin,69.99,,True,carrefour
3616479485131,"Borne Solaire Jardin Extérieur à Poser H49,8cm Noir CARREFOUR",CARREFOUR,Jardin,14.99,,True,carrefour
3616479486183,Vase Dame-Jeanne H45cm Transparent CARREFOUR,CARREFOUR,Jardin,29.99,,True,carrefour
3616953520488,Lampe Solaire Extérieur à Suspendre Lampion Tissus 25cm IP44 CARREFOUR,CARREFOUR,Jardin,4.99,,True,carrefour
3616957586992,Gazon Synthétique Artificiel 20mm Rouleau 1x4m Valverde CARREFOUR,CARREFOUR,Jardin,24.99,,True,carrefour
3616957587005,Gazon Artificiel 20mm Rouleau 2x4m Ouvea CARREFOUR,CARREFOUR,Jardin,39.99,,True,carrefour
3616957587012,Gazon Synthétique Artificiel 40mm Rouleau 1x4m Madere CARREFOUR,CARREFOUR,Jardin,49.99,,True,carrefour
3616957608571,Lanterne Bougie en Corde et Bois H27cm HYBA,HYBA,Jardin,15.99,,True,carrefour
3616958616582,Borne solaire Détecteur 71cm CARREFOUR,CARREFOUR,Jardin,22.99,,True,carrefour
3616958616605,Applique Murale Solaire LED à Détecteur de Mouvement CARREFOUR,CARREFOUR,Jardin,9.99,,True,carrefour
3616958726588,Bougeoir Photophore en Métal 7cm CARREFOUR,CARREFOUR,Jardin,1.49,,True,carrefour
3616958726625,Lanterne de Jardin en Métal 16cm CARREFOUR,CARREFOUR,Jardin,3.49,,True,carrefour
3617702217055,Spot solaire à suspendre 3 fonctions CARREFOUR,CARREFOUR,Jardin,9.99,,True,carrefour
3617702222042,Borne Solaire Jardin Extérieur craquelée CARREFOUR,CARREFOUR,Jardin,2.99,,True,carrefour
3617702222059,Lampe de Table d'extérieur aluminium noir CARREFOUR,CARREFOUR,Jardin,14.99,,True,carrefour
3617702222066,Borne Solaire Jardin Extérieur à planter avec détecteur 144cm CARREFOUR,CARREFOUR,Jardin,29.99,,True,carrefour
3617702250656,Borne Solaire Jardin Extérieur à planter 40cm x6 CARREFOUR,CARREFOUR,Jardin,7.99,,True,carrefour
3617702272405,Spot Solaire pour Abri Jardin CARREFOUR,CARREFOUR,Jardin,16.99,,True,carrefour
3617702272412,Applique Murale Solaire Sydney CARREFOUR,CARREFOUR,Jardin,14.99,,True,carrefour
3617702301624,Treillis extensible 1x2m en PVC CARREFOUR,CARREFOUR,Jardin,12.99,,True,carrefour
3617702301716,"Brise Vue 1,5x10m 120g/m² CARREFOUR",CARREFOUR,Jardin,19.99,,True,carrefour
3617702301747,"Brise Vue 1,5x10m 180g/m² CARREFOUR",CARREFOUR,Jardin,24.99,,True,carrefour
8413246204446,"Brise Vue Jardin Balcon Occultant 1,5x3m Feuillage imitation Thuyas Bi-Colore GARDELYS",GARDELYS,Jardin,29.99,,True,carrefour
3065870081495,Bougie Anti-moustiques 4h Chauffe-plats Citronnelle X50 DEVINEAU,DEVINEAU,Jardin,5.99,,True,carrefour
3286412002871,Moulin à Vent Hibou,,Jardin,3.99,,True,carrefour
3306130921114,Brise Vue Canisse Jardin Balcon Osier Naturel 1x3m IDEAL GARDEN,IDEAL GARDEN,Jardin,29.99,,True,carrefour
3306130921121,"Brise Vue Canisse Jardin Balcon Osier Naturel 1,5x3m IDEAL GARDEN",IDEAL GARDEN,Jardin,44.99,,True,carrefour
3306130921138,Brise Vue Canisse Jardin Balcon Osier Naturel 2x3m IDEAL GARDEN,IDEAL GARDEN,Jardin,59.9,,True,carrefour
3306132000107,Brise Vue Canisse Jardin Balcon Roseau Fendu 1x3m,,Jardin,8.99,,True,carrefour
3306132000114,"Brise Vue Canisse Jardin Balcon Roseau Fendu 1,5x3m",,Jardin,14.99,,True,carrefour
3306132000121,Brise Vue Canisse Jardin Balcon Roseau Fendu 2x3m,,Jardin,19.99,,True,carrefour
3482350900167,Encens Spirale Anti-moustique X6 Citronnelle avec Pot en Terre Cuite,,Jardin,4.99,,True,carrefour
3482350900204,Encens Spirale Anti-moustique X10 Citronnelle avec Support Métal,,Jardin,2.2,,True,carrefour
3482350900228,Bougie Anti-moustiques 40h Citronnelle Lowboy DEVINEAU,DEVINEAU,Jardin,2.99,,True,carrefour
3482350988462,Bougie Verre Bodéga Anti-moustiques Citronnelle DEVINEAU,DEVINEAU,Jardin,2.99,,True,carrefour
3482351000040,Bougie Anti-moustique Vasque Terre Cuite Citronnelle,,Jardin,3.99,,True,carrefour
3482351000057,Bougie Anti-moustiques Forme Boule Citronnelle,,Jardin,2.49,,True,carrefour
3482356297247,Bouquet Parfumé Citronnelle 115mL DEVINEAU,DEVINEAU,Jardin,9.99,,True,carrefour
3482356565087,Bougie Anti-moustiques 35h Citronnelle Lowboy sous Cavalier DEVINEAU,DEVINEAU,Jardin,4.59,,True,carrefour
3482356565551,Bougie Citronelle DEVINEAU,DEVINEAU,Jardin,10.99,,True,carrefour
3482356644027,"Bougie Anti-moustiques 35h Cylindrique Citronnelle 5,8cm H11cm DEVINEAU",DEVINEAU,Jardin,3.99,,True,carrefour
3482356644041,Bougie Citronelle DEVINEAU,DEVINEAU,Jardin,4.59,,True,carrefour
3482356816080,Lanterne de Jardin avec anse DEVINEAU,DEVINEAU,Jardin,7.99,,True,carrefour
3560231716653,"Persienne 1,2M Evora Cote 3,6M Graphite HESPERIDE",HESPERIDE,Jardin,399.99,,True,carrefour
3560231730345,"Pergola Evora Pm 3,6X3,6M Blan HESPERIDE",HESPERIDE,Jardin,2489.99,,True,carrefour
3560231730390,"Rideau Rail Evora 3,6X3,6 G B HESPERIDE",HESPERIDE,Jardin,499.99,,True,carrefour
3560231730413,Store 3.6M Pergola Evora G/Bla HESPERIDE,HESPERIDE,Jardin,699.99,,True,carrefour
3560231730451,"Persienne 1,2M Evora Cote 3,6M Blanc HESPERIDE",HESPERIDE,Jardin,399.99,,True,carrefour
3560234679894,"Pergola Evora Pm 3,6X3,6M Graphite HESPERIDE",HESPERIDE,Jardin,2489.99,,True,carrefour
3560234680029,Store 3.6M Pergola Evora Grap HESPERIDE,HESPERIDE,Jardin,699.99,,True,carrefour
3560234680036,"Rideau Rail Evora 3,6X3,6 Gra HESPERIDE",HESPERIDE,Jardin,499.99,,True,carrefour
3560238681992,Pergola Avila 4X3M Graphite HESPERIDE,HESPERIDE,Jardin,1999.99,,True,carrefour
3560239722496,Bougie citronelle 3 mèches ATMOSPHERA,ATMOSPHERA,Jardin,6.49,,True,carrefour
3616479485025,Lampe Solaire Nomade Extérieur Rechargeable H30cm HYBA,HYBA,Jardin,22.99,,True,carrefour
3700242130103,"Dalle Terasse clipsable 0,80m2 x4 BELLI",BELLI,Jardin,7.99,,True,carrefour
3700421917914,Lampe Solaire Led 2 en 1 Barrage aux Insectes VENTEO,VENTEO,Jardin,14.99,,True,carrefour
4752072018204,Treillis Eventail H180cm Ep.10mm JARDIK,JARDIK,Jardin,6.99,,True,carrefour
8033102910351,Dalle en Caoutchouc Amortissante 40x40x2.5cm SOULET,SOULET,Jardin,8.49,,True,carrefour
8033102911105,Dalle Dainante en Mousse Bleu pour Piscine Clipsable et Flexible 56x56cm,,Jardin,4.99,,True,carrefour
8413246195829,Agrafes de Fixation Jardinage 140x30x3mm Coverfix X10 S GARDELYS,GARDELYS,Jardin,2.3,,True,carrefour
8413246195836,Agrafes de Fixation Jardinage 250x200x4mm Coverfix X20 GARDELYS,GARDELYS,Jardin,7.65,,True,carrefour
8413246196734,Croisillon Plastique 50x150cm Vert avec Kit de Fixation GARDELYS,GARDELYS,Jardin,4.99,,True,carrefour
8413246196758,Croisillon Plastique 1x2m Vert avec Kit de Fixation GARDELYS,GARDELYS,Jardin,11.99,,True,carrefour
8413246197229,Fil de Tension Grillage Clôture Plastifié Vert 15m 2mm S GARDELYS,GARDELYS,Jardin,3.5,,True,carrefour
8413246197267,Kit de Fixation Vert pour Brise Vue Canisse Jardin Balcon GARDELYS,GARDELYS,Jardin,1.5,,True,carrefour
8413246199957,Kit de Fixation Gris pour Brise Vue Canisse Jardin Balcon GARDELYS,GARDELYS,Jardin,1.5,,True,carrefour
8413246202794,Brise Vue Jardin Balcon Occultant 1x3m Synthétique Vert GARDELYS,GARDELYS,Jardin,7.99,,True,carrefour
8413246202824,Brise Vue Jardin Balcon Occultant 1x3m Synthétique Gris GARDELYS,GARDELYS,Jardin,6.99,,True,carrefour
8413246202862,"Brise Vue Jardin Balcon Occultant 1,5x5m Synthétique Vert GARDELYS",GARDELYS,Jardin,16.99,,True,carrefour
8413246202886,"Brise Vue Jardin Balcon Occultant 1,5x10m Synthétique Vert GARDELYS",GARDELYS,Jardin,32.99,,True,carrefour
8413246202893,Brise Vue Canisse Jardin Balcon PVC Simple Face 1x3m Vert GARDELYS,GARDELYS,Jardin,12.99,,True,carrefour
8413246202916,"Brise Vue Canisse Jardin Balcon PVC Simple Face 1,5x3m Vert GARDELYS",GARDELYS,Jardin,19.99,,True,carrefour
8413246202947,Brise Vue Canisse Jardin Balcon PVC Double Face 1x3m Gris GARDELYS,GARDELYS,Jardin,21.99,,True,carrefour
8413246202954,"Brise Vue Canisse Jardin Balcon PVC Double Face 1,5x3m Vert GARDELYS",GARDELYS,Jardin,29.99,,True,carrefour
8413246202961,"Brise Vue Canisse Jardin Balcon PVC Double Face 1,5x3m Gris GARDELYS",GARDELYS,Jardin,29.99,,True,carrefour
8413246203708,"Brise Vue Jardin Balcon Occultant 1,5x5m Synthétique Gris GARDELYS",GARDELYS,Jardin,16.99,,True,carrefour
8413246204439,Brise Vue Jardin Balcon Occultant 1x3m Feuillage imitation Thuyas Bi-Colore GARDELYS,GARDELYS,Jardin,19.99,,True,carrefour
8413246217859,Statue de Jardin Eléphant en gazon synthétique avec arrosage goutte à goutte 60x36x45cm,,Jardin,109.99,,True,carrefour
8711252559780,Borne solaire Jardin Extérieur x10,,Jardin,8,,True,carrefour
8720573971256,Lampe de Camping Led Rechargeable,,Jardin,4.49,,True,carrefour
8721037393041,Lampe de Camping ABS 98X98X48M,,Jardin,8.99,,True,carrefour
3616474649316,Chlore Action Choc Désinfectant Anti-algues pour Piscine en Granulés CARREFOUR,CARREFOUR,Jardin,32.99,,True,carrefour
3616474649347,Chlore Action Choc en pastilles 5kg CARREFOUR,CARREFOUR,Jardin,29.99,,True,carrefour
3609230106864,Pistolet à Eau pour Enfants 46cm CARREFOUR,CARREFOUR,Jardin,7.99,,True,carrefour
3613865355450,Pack  4 mini pistolets CARREFOUR,CARREFOUR,Jardin,5.89,,True,carrefour
3614612210961,Accessoires de plage  5 éléments  CARREFOUR,CARREFOUR,Jardin,2.99,,True,carrefour
3614612210985,Moules à sables avec accessoires  CARREFOUR,CARREFOUR,Jardin,2.99,,True,carrefour
3614612213986,Banane Géante Gonflable 133cm CARREFOUR,CARREFOUR,Jardin,11.49,,True,carrefour
3614614316104,Mini pistolet à eau  CARREFOUR,CARREFOUR,Jardin,0.99,,True,carrefour
3614614407017,Dalle en mousse 50cm ZHEJIANG XINHENGTAI,ZHEJIANG XINHENGTAI,Jardin,8.99,,True,carrefour
3614614407024,Dalle en mousse géante 81cm ZHEJIANG XINHENGTAI,ZHEJIANG XINHENGTAI,Jardin,22.99,,True,carrefour
3616473091680,Bouée Gonflable Sirène CARREFOUR,CARREFOUR,Jardin,7.99,,True,carrefour
3616473158703,Bouée Gonflable Flament Rose CARREFOUR,CARREFOUR,Jardin,16.99,,True,carrefour
3616474649286,Réhausseur de pH pour Piscine CARREFOUR,CARREFOUR,Jardin,5.99,,True,carrefour
3616474649293,Réhausseur de pH pour Piscine en Granulés CARREFOUR,CARREFOUR,Jardin,12.99,,True,carrefour
3616474649309,Réhausseur de TAC pour Piscine Equilibre de l'Eau CARREFOUR,CARREFOUR,Jardin,17.99,,True,carrefour
3616474649323,Chlore Action Choc Désinfectant Anti-algues pour Piscine en Granulés CARREFOUR,CARREFOUR,Jardin,9.99,,True,carrefour
3616474649385,Brome Action Prolongée pour Piscine en Pastilles CARREFOUR,CARREFOUR,Jardin,74.99,,True,carrefour
3616474649392,Anti-algues Action Prolongée pour Piscine Liquide CARREFOUR,CARREFOUR,Jardin,13.99,,True,carrefour
3616474649408,Clarifiant Traitement Anti-algues pour Piscine en Cartouches CARREFOUR,CARREFOUR,Jardin,9.99,,True,carrefour
3616474649415,Nettoyant Ligne d'Eau pour Piscine Liquide CARREFOUR,CARREFOUR,Jardin,7.99,,True,carrefour
3616474650497,Oxydant Choc Curatif pour Piscine en Granulés CARREFOUR,CARREFOUR,Jardin,75.99,,True,carrefour
3616474650510,Anti-algues Action Choc pour Piscine Liquide CARREFOUR,CARREFOUR,Jardin,15.99,,True,carrefour
3616474650527,Kit d'entretien de Désinfection pour Spas Liquide et Granulés CARREFOUR,CARREFOUR,Jardin,45.99,,True,carrefour
3616474650534,Oxygène Actif Spécial Piscine Hors-Sol en Granulés CARREFOUR,CARREFOUR,Jardin,49.99,,True,carrefour
3616474650541,Anti-algues Action Prolongée pour Piscine Liquide CARREFOUR,CARREFOUR,Jardin,9.99,,True,carrefour
3616474650558,Clarifiant Traitement Anti-algues pour Piscine Liquide CARREFOUR,CARREFOUR,Jardin,9.99,,True,carrefour
3616474650565,Anti-algues pour Piscine Liquide GRE,GRE,Jardin,7.99,,True,carrefour
3616474650572,Traitement Complémentaire d'Hivernage pour Piscine Liquide CARREFOUR,CARREFOUR,Jardin,16.99,,True,carrefour
3616474650589,Neutralisateur de Chlore pour Piscine en Granulés CARREFOUR,CARREFOUR,Jardin,15.99,,True,carrefour
3616474650619,Kit d'entretien de Désinfection pour Piscine Liquide et Granulés CARREFOUR,CARREFOUR,Jardin,16.99,,True,carrefour
3616474670532,Réducteur de pH pour Piscine en Granulés CARREFOUR,CARREFOUR,Jardin,6.99,,True,carrefour
3616474670549,Réducteur de pH pour Piscine en Granulés CARREFOUR,CARREFOUR,Jardin,12.99,,True,carrefour
3616474685079,Oxygène Actif Spécial Piscine Hors-Sol en Sachets CARREFOUR,CARREFOUR,Jardin,78.99,,True,carrefour
3616474748354,Pistolet à Eau pour Enfants 62cm CARREFOUR,CARREFOUR,Jardin,13.99,,True,carrefour
3616479417132,Transat Gonflable pour Piscine 144x80cm CARREFOUR,CARREFOUR,Jardin,9.99,,True,carrefour
3616479583738,Sac à dos pour Pistolets à Eau pour Enfants CARREFOUR,CARREFOUR,Jardin,8.99,,True,carrefour
3616957598483,Bouée Gonflable Toucan CARREFOUR,CARREFOUR,Jardin,5.99,,True,carrefour
3616957626001,"Couverte d'Hiver pour Piscine Bahia et Bora Bora Ronde 2,4m CARREFOUR",CARREFOUR,Jardin,7.49,,True,carrefour
3616957626018,"Couverte d'Hiver pour Piscine California et Molokoni Ronde 3,05m CARREFOUR",CARREFOUR,Jardin,9.99,,True,carrefour
3616957626025,"Couverte d'Hiver pour Piscine Ibiza Ronde 4,01m CARREFOUR",CARREFOUR,Jardin,14.99,,True,carrefour
3616957626032,"Couverte d'Hiver pour Piscine Acapulco Ronde 3,7m CARREFOUR",CARREFOUR,Jardin,12.99,,True,carrefour
3616957626049,"Couverte d'Hiver pour Piscine Rio et Madagascar Ronde 4,7m CARREFOUR",CARREFOUR,Jardin,17.99,,True,carrefour
3616957626056,"Couverte d'Hiver pour Piscine Tortuga Rectangulaire 4,27x2,3m CARREFOUR",CARREFOUR,Jardin,17.99,,True,carrefour
3616957626070,"Couverte d'Hiver pour Piscine Cancun Rectangulaire 3,04x2,05m CARREFOUR",CARREFOUR,Jardin,8.99,,True,carrefour
3616957626087,"Couverte d'Hiver pour Piscine Puka Puka Rectangulaire  4,10x2,26m CARREFOUR",CARREFOUR,Jardin,10.99,,True,carrefour
3616957626094,Couverture Solaire pour Piscine Ronde 2.1m CARREFOUR,CARREFOUR,Jardin,7.99,,True,carrefour
3616957626100,"Couverture Solaire pour Piscine California et Molokoni Ronde 2,89m CARREFOUR",CARREFOUR,Jardin,11.99,,True,carrefour
3616957626117,"Couverture Solaire pour Piscine Ibiza et Acapulco Ronde 3,56m CARREFOUR",CARREFOUR,Jardin,19.99,,True,carrefour
3616957626124,"Couverture Solaire pour Piscine Rio Ronde 4,17m CARREFOUR",CARREFOUR,Jardin,27.99,,True,carrefour
3616957626131,Pompe à filtration pour Piscine 1249L de Débit CARREFOUR,CARREFOUR,Jardin,29.99,,True,carrefour
3616957626148,Pompe à filtration pour Piscine 3028L de Débit CARREFOUR,CARREFOUR,Jardin,42.99,,True,carrefour
3616957626162,Cartouche de Filtration pour Piscine CARREFOUR,CARREFOUR,Jardin,4.99,,True,carrefour
3616957637410,Set de nettoyage pour Piscine 5 pièces CARREFOUR,CARREFOUR,Jardin,8.99,,True,carrefour
3616957637465,"Brosse aspirante fond incuve, bleue CARREFOUR",CARREFOUR,Jardin,3.49,,True,carrefour
3616957637502,Pédiluve Bleu pour Piscine CARREFOUR,CARREFOUR,Jardin,3.99,,True,carrefour
3616957637526,Set aspirateur de Nettoyage pour Piscine CARREFOUR,CARREFOUR,Jardin,27.99,,True,carrefour
3616957637557,Skimmer de Surface Flottant pour Piscine CARREFOUR,CARREFOUR,Jardin,29.99,,True,carrefour
3616957637571,Diffuseur de Chlore pour Piscine avec Thermomètre CARREFOUR,CARREFOUR,Jardin,5.99,,True,carrefour
3616957637588,Tuyau de Filtration pour Pisine 9m de Longueur et 38mm de Diamètre CARREFOUR,CARREFOUR,Jardin,19.99,,True,carrefour
3616957637595,Tuyau de Filtration pour Pisine 13m de Longueur et 38mm de Diamètre CARREFOUR,CARREFOUR,Jardin,29.99,,True,carrefour
3616957637632,Chaussette pour filtration CARREFOUR,CARREFOUR,Jardin,1.99,,True,carrefour
3616958751320,Matelas Gonflable Gecko Multicouleur 132x91cm CARREFOUR,CARREFOUR,Jardin,10.99,,True,carrefour
3616958751337,Matelas Gonflable avec Protection Bébé 72x85cm CARREFOUR,CARREFOUR,Jardin,7.99,,True,carrefour
3616958751351,Fauteuil Gonflable pour Piscine CARREFOUR,CARREFOUR,Jardin,6.99,,True,carrefour
3616958751368,Matelas Gonflable Piscine GRE,GRE,Jardin,3.99,,True,carrefour
3616958751399,Brosse de Nettoyage pour Piscine CARREFOUR,CARREFOUR,Jardin,6.99,,True,carrefour
3616958751412,Aspirateur pour Pisine Fond et Parois CARREFOUR,CARREFOUR,Jardin,54.99,,True,carrefour
3616958751429,Tapis de Sol de Protection pour Piscine Bleu 81x81cm CARREFOUR,CARREFOUR,Jardin,19.99,,True,carrefour
3616958751436,Dalles Dainante en Mousse Bleu pour Piscine 50x50cm 2.25m2 CARREFOUR,CARREFOUR,Jardin,7.99,,True,carrefour
3616958774640,"Piscine Gonflable Ronde 3 Boudins 0,91x0,23m CARREFOUR",CARREFOUR,Jardin,4.99,,True,carrefour
3616958774671,Epuisette de surface pour piscine CARREFOUR,CARREFOUR,Jardin,1.99,,True,carrefour
3616958774688,Epuisette de Surface et son Manche pour Piscine CARREFOUR,CARREFOUR,Jardin,5.49,,True,carrefour
3616958774695,Thermomètre Pour Piscine CARREFOUR,CARREFOUR,Jardin,1.99,,True,carrefour
3616958774701,Diffuseur de chlore CARREFOUR,CARREFOUR,Jardin,1.99,,True,carrefour
3616958774718,Thermomètre pour Piscine en Forme d'Animal CARREFOUR,CARREFOUR,Jardin,3.99,,True,carrefour
3616958774725,Brosse murale 26 cm pour piscine CARREFOUR,CARREFOUR,Jardin,1.99,,True,carrefour
3616958774732,Epuisette de Fond pour Piscine CARREFOUR,CARREFOUR,Jardin,3.99,,True,carrefour
3616958774749,"Tuyau de Filtration pour Pisine 1,8m de Longueur et 38mm de Diamètre CARREFOUR",CARREFOUR,Jardin,6.99,,True,carrefour
3616958775692,Bouée Gonflable Ronde BESTWAY,BESTWAY,Jardin,7.99,,True,carrefour
3616958775715,Tuyau de Filtration pour Pisine 2m de Longueur et 32mm de Diamètre CARREFOUR,CARREFOUR,Jardin,4.99,,True,carrefour
3616958824963,Jeux de Plage pour Enfants CARREFOUR,CARREFOUR,Jardin,7.99,,True,carrefour
3616958824987,Jeux de Plage pour Enfants Dinosaures CARREFOUR,CARREFOUR,Jardin,8.99,,True,carrefour
3616958825045,Pistolet à Eau pour Enfants avec Pompe à Air Intégrée 43cm CARREFOUR,CARREFOUR,Jardin,19.99,,True,carrefour
3616958825076,Jeux de Plage pour Enfants CARREFOUR,CARREFOUR,Jardin,8.99,,True,carrefour
3616958833606,"Languettes d'Analyse Ph, Chlore et TAC pour Piscine CARREFOUR",CARREFOUR,Jardin,7.99,,True,carrefour
3616958833613,Trousse d'Analyse Ph et Chlore pour Piscine CARREFOUR,CARREFOUR,Jardin,9.99,,True,carrefour
3616958833620,Recharge Pastilles Piscine pour Trousse d'Analyse pH et Chlore CARREFOUR,CARREFOUR,Jardin,7.99,,True,carrefour
3617702259079,Pompe à Air Electrique CARREFOUR,CARREFOUR,Jardin,9.99,,True,carrefour
3617702259086,Pompe à Pied CARREFOUR,CARREFOUR,Jardin,5.49,,True,carrefour
3617702259093,Pompe à Main CARREFOUR,CARREFOUR,Jardin,5.99,,True,carrefour
3617702259109,Pompe à Air Electrique Rechargeable CARREFOUR,CARREFOUR,Jardin,17.49,,True,carrefour
3617702259123,Matelas Gonflable Piscine CARREFOUR,CARREFOUR,Jardin,13.99,,True,carrefour
3617702259130,Bouée de Bronzage pour Piscine 1 personne CARREFOUR,CARREFOUR,Jardin,21.99,,True,carrefour
3617702259178,Bouée en Forme de Crabe CARREFOUR,CARREFOUR,Jardin,5.99,,True,carrefour
3617702259185,Bouée S'asseoir et Flotter CARREFOUR,CARREFOUR,Jardin,6.99,,True,carrefour
3617702259192,Bouée en Forme de Grenouille CARREFOUR,CARREFOUR,Jardin,5.99,,True,carrefour
3617702259208,Chaise Gonflable CARREFOUR,CARREFOUR,Jardin,16.99,,True,carrefour
3617702259215,Matelas Gonflable Géant CARREFOUR,CARREFOUR,Jardin,36.99,,True,carrefour
3617702259222,Ensemble Bouée et Ballon de Natation CARREFOUR,CARREFOUR,Jardin,4.99,,True,carrefour
3617702259239,Tapis Gonflable Pamplemousse CARREFOUR,CARREFOUR,Jardin,14.99,,True,carrefour
3617702259246,Matelas Gonflable Forme Citron CARREFOUR,CARREFOUR,Jardin,15.99,,True,carrefour
3617702309163,Thermomètre bois,,Jardin,1.99,,True,carrefour
3617702337265,"Pistolet à Eau 28,5cm CARREFOUR",CARREFOUR,Jardin,2.99,,True,carrefour
3617702337272,Tireur D'eau Pelle / Râteau CARREFOUR,CARREFOUR,Jardin,3.99,,True,carrefour
3617702337289,Pistolet à Eau 2 en 1 CARREFOUR,CARREFOUR,Jardin,3.99,,True,carrefour
3700476020669,Mes premiers outils de jardin CARREFOUR,CARREFOUR,Jardin,10.99,,True,carrefour
3700476020881,Ma brouette en bois CARREFOUR,CARREFOUR,Jardin,22.99,,True,carrefour
3700476021048,Set Multi-jeux de plein air - dès 3 ans CARREFOUR,CARREFOUR,Jardin,16.49,,True,carrefour
3700476021215,Jeu de Quilles Nordiques 6 ans et + CARREFOUR,CARREFOUR,Jardin,9.49,,True,carrefour
6926799215002,"Piscine Gonflable Rectangulaire 1,83x1,33x0,36m INTEX",INTEX,Jardin,22.99,,True,carrefour
6958868887018,Tunnel de Jeu 180cm Diamètre 46cm CARREFOUR,CARREFOUR,Jardin,12.99,,True,carrefour
8718973116391,Pompe Manuelle PYREX,PYREX,Jardin,9.99,9.99,True,carrefour
8718973116414,Pompe Electrique PYREX,PYREX,Jardin,49.99,49.99,True,carrefour
5420051223190,Bascule pour Enfants Crocodile dès 10 mois HABITAT ET JARDIN,HABITAT ET JARDIN,Jardin,14.99,,True,carrefour
5425000337522,Bac à Sable et Piscine Coquille pour Enfants Bleu PARADISO,PARADISO,Jardin,14.99,,True,carrefour
6941607329221,"Piscine Tubulaire Ronde D3,05m H76cm 56679 Steel Pro BESTWAY",BESTWAY,Jardin,114.99,,True,carrefour
6942138951264,"Piscine Autoportante Ronde D3,05m H76cm 57270 Fast Set BESTWAY",BESTWAY,Jardin,69.99,,True,carrefour
6942138968293,"Piscine Autoportante Ronde D3,96m H84cm 57273 Fast Set BESTWAY",BESTWAY,Jardin,129.99,,True,carrefour
6942138976878,"Piscine Tubulaire Ovale 4,27x2,50m Power Steel BESTWAY",BESTWAY,Jardin,349,,True,carrefour
8033102911075,Dalle Drainante Flexible Clipsable et Antidérapante Verte 56x56cm,,Jardin,4.99,,True,carrefour
6941607375518,Robot Aspirateur pour Piscine Rechargeable Christal,,Jardin,79.99,,True,carrefour
0021664823538,Camion-Benne Acier CAT,,Jardin,36.99,,True,carrefour
0021664833742,Camion Plage CAT,,Jardin,19.99,,True,carrefour
3032168107380,Maisonnette pour Enfants en Plastique avec Cuisine et Accessoires dès 2 ans SMOBY,SMOBY,Jardin,149.99,,True,carrefour
3032168208001,Toboggan pour Enfant Rouge Kiddy SMOBY,SMOBY,Jardin,19.99,,True,carrefour
3032168301085,Bascule Chat Vert SMOBY,SMOBY,Jardin,14.99,,True,carrefour
3032168402089,Cuisine d'Extérieur SMOBY,SMOBY,Jeux et Jouets,79.99,,True,carrefour
3061050005008,Lave pont manche bois LA MENAGERE,LA MENAGERE,Jardin,12.79,,True,carrefour
3280250001089,Seau de plage garni ECOIFFIER,ECOIFFIER,Jardin,2.99,,True,carrefour
3280250001799,Coffret jeu sport 6 en 1 ECOIFFIER,ECOIFFIER,Jardin,19.99,,True,carrefour
3280250004639,Filet 4 Moules à Sable Dinosaures ECOIFFIER,ECOIFFIER,Jardin,1.99,,True,carrefour
3280250004653,Chariot Dino Garni ECOIFFIER,ECOIFFIER,Jardin,9.99,,True,carrefour
3280250005063,Jeux de Plage pour Enfants Camion Benne 27cm,,Jardin,4.59,,True,carrefour
3280250006190,Seau Garni Château Fort 15cm ECOIFFIER,ECOIFFIER,Jardin,3.99,,True,carrefour
3280250006428,Jeux de Plage pour Enfants Sceau Garni Pailleté 17cm,,Jardin,4.15,,True,carrefour
3280250008101,Seau Vide Décor Dauphin 21cm ECOIFFIER,ECOIFFIER,Jardin,1.99,,True,carrefour
3280250043454,Chariot de Jardin 59cm Garni ECOIFFIER,ECOIFFIER,Jardin,11.49,,True,carrefour
3280250157212,Moulin à Sable Garni 19cm ECOIFFIER,ECOIFFIER,Jardin,3.49,,True,carrefour
3280250172161,Dump Bateau 14cm ECOIFFIER,ECOIFFIER,Jardin,1.99,,True,carrefour
3280250256199,Seau Garni Château Fort 15cm ECOIFFIER,ECOIFFIER,Jardin,3.99,,True,carrefour
3280251157006,Seau Rond Garni 12cm ECOIFFIER,ECOIFFIER,Jardin,2.99,,True,carrefour
3286412000693,Seau Garni 18cm Décor 3D,,Jardin,5,,True,carrefour
3286412004233,Set de 6 Boules de Pétanque Plastique,,Jardin,3,,True,carrefour
3286412201236,Pelle 35CM Manche en Bois,,Jardin,2,,True,carrefour
3286412201267,Moules à Sable x4,,Jardin,2,,True,carrefour
3286412203841,Canon à Eau Sac à Dos Crabe,,Jardin,5,,True,carrefour
3286412203940,Canon à Eau Dino,,Jardin,5,,True,carrefour
3286412204091,Set Mini Badminton Raquettes + 1 volant,,Jardin,3,,True,carrefour
3286412209713,Jeu de Piscine 3 Canards Lestés,,Jardin,6.99,,True,carrefour
3286412280040,Pistolets à Eau x2 12cm FFF FERRY,FERRY,Jardin,3.99,,True,carrefour
3286412280095,Jeu de Quilles Finlandaises FFF FERRY,FERRY,Jardin,19.99,,True,carrefour
3286412280132,Jeu d'Eau de la FFF,,Jardin,3.49,,True,carrefour
3450652062746,Ramasse Boules de Pétanque K RO Magnétique,,Jardin,3.99,,True,carrefour
3614610108055,Lance Eau Mini Pocket 15 Cm NEW CONCEPT INTERNAT,NEW CONCEPT INTERNAT,Jardin,1.49,,True,carrefour
3614612243914,Lance Eau 54 Cm NEW CONCEPT INTERNAT,NEW CONCEPT INTERNAT,Jardin,2.99,,True,carrefour
3616473083319,Pistolet Manche en Plastique pour tireur à Mousse Max Liquidator,,Jardin,4.99,,True,carrefour
3616957598612,Aspirateur pour Pisine Fond et Parois Rechargeable CARREFOUR,CARREFOUR,Jardin,34.99,,True,carrefour
3616958774633,Bouée 51cm BESTWAY,BESTWAY,Jardin,1.49,,True,carrefour
3616958825151,Jeu Bocce Ball,,Jardin,3.49,,True,carrefour
3617702301938,Piscine Gonflable 3 Anneaux Minions 91x23cm UNIVERSAL,UNIVERSAL,Jardin,12.99,,True,carrefour
3617702308470,Fauteuil Pneumatique Minions UNIVERSAL,UNIVERSAL,Jardin,19.99,,True,carrefour
3617702337432,Raquettes de Plage Les Minions UNIVERSAL STUDIO,UNIVERSAL STUDIO,Jardin,8.99,,True,carrefour
3617702337449,Ensemble Seau de Plage 5 pièces Minion UNIVERSAL STUDIO,UNIVERSAL STUDIO,Jardin,7.99,,True,carrefour
3617702337470,Balle Imprimée Pvc Minions 23cm UNIVERSAL STUDIO,UNIVERSAL STUDIO,Jardin,5.99,,True,carrefour
3667397000036,Robot Nettoyeur de Piscine Orion sans Fil,,Jardin,542.99,,True,carrefour
3700476034703,Arc de Pétanque Pliable,,Jardin,9.99,,True,carrefour
3700476034949,Brassard de Natation Tissu Imprimé,,Jardin,7.99,,True,carrefour
3760388461721,Trampoline Enfant 140cm,,Jardin,69.99,,True,carrefour
3760388461738,Trampoline 244cm,,Jardin,139.99,,True,carrefour
3760388461745,Trampoline Pliant 305cm,,Jardin,179.99,,True,carrefour
4008332170831,Lance Eau Mini 33 Cm NEW CONCEPT INTERNAT,NEW CONCEPT INTERNAT,Jardin,2.49,,True,carrefour
4894680010864,Bunch O Ballons ZURU,ZURU,Jardin,14.99,,True,carrefour
4894680023581,Pistolet à Eau X-Shot Hyperload Fast Fill ZURU,ZURU,Jardin,11.49,,True,carrefour
4894680023680,Bunch O Balloons Lanceur avec Bombes à Eau Tropicales ZURU,ZURU,Jardin,15.99,,True,carrefour
4894680024571,X-Shot Water Fast Fill Series 1 Medium Blaster ZURU,ZURU,Jardin,11.49,,True,carrefour
4894680024632,Pistolet X-Shot Fast-Fill Série 1 Nano ZURU,ZURU,Jardin,5.49,,True,carrefour
4894680029361,Bunch O Bubbles Blaster à Bulles Motorisé Medium Série 1 ZURU,ZURU,Jardin,12.99,,True,carrefour
4894680029712,Ballon eau réutilisable ZURU,ZURU,Jardin,23.99,,True,carrefour
4894680032415,Pack de 3 X-Shot Water Typhoon Thunder ZURU,ZURU,Jardin,15.99,,True,carrefour
4894680032439,Xshot Water Warfare Pack de 4 Nano Drencher Blaster ZURU,ZURU,Jardin,7.49,,True,carrefour
4894680051539,Mini Bébés Disney,,Jardin,9.99,,True,carrefour
5010996355010,Set 2 pistolets supersoaker SUPER SOAKER,SUPER SOAKER,Jardin,14.99,,True,carrefour
5021854000379,Balançoire pour Portique en Plastique Bleue 250cm TP TOYS,TP TOYS,Jardin,14.99,,True,carrefour
5021854109003,Balançoire Evolutive pour Enfants de 6 mois à 8 ans en Plastique,,Jardin,49.99,,True,carrefour
5021854109119,Balançoire pour Portique en Bois 250cm TP TOYS,TP TOYS,Jardin,18.99,,True,carrefour
5021854109188,Trapèze en Métal pour Portique TP TOYS,TP TOYS,Jardin,16.99,,True,carrefour
5021854109218,Trapèze Anneaux en Plastique pour Portique TP TOYS,TP TOYS,Jardin,14.99,,True,carrefour
5021854109249,"Corde à Nœud pour Portique 2,5m TP TOYS",TP TOYS,Jardin,17.99,,True,carrefour
5021854109256,Balançoire Bouton pour Portique en Plastique 250cm TP TOYS,TP TOYS,Jardin,14.99,,True,carrefour
5021854109317,Echelle Corde en Bois 190-250cm TP TOYS,TP TOYS,Jardin,16.99,,True,carrefour
5021854110009,Sac de Sable 15kg,,Jardin,3.99,,True,carrefour
5412488300001,Nouille piscine mousse Comfy FLEXIBEAM,FLEXIBEAM,Jardin,2.49,,True,carrefour
5412488300056,Connecteur nouille piscine,,Jardin,1.49,,True,carrefour
5412488306249,Accessoires de jeu piscine Comfy Pony Whistle COMFY,COMFY,Jardin,7.99,,True,carrefour
5420051224234,Petit Toboggan PARADISO,PARADISO,Jardin,24.99,,True,carrefour
5420051224302,Toboggan pour Enfant Vert Summerslide XL,,Jardin,94.99,,True,carrefour
5425000338017,Sable 15Kg Pour Bac A Sable PARADISO,PARADISO,Jardin,3.99,,True,carrefour
6933491994203,Château Gonflable pour Enfants dès 3 ans 2x2x3m CARREFOUR,CARREFOUR,Jardin,149.99,,True,carrefour
6941057404448,Lot de 3 Cartouches A INTEX,INTEX,Jardin,10.49,,True,carrefour
6941057425788,Bouée Gonflable à Chevaucher Raie Manta 185x145xm INTEX,INTEX,Jardin,14.49,,True,carrefour
6941057430485,Fauteuil Gonflable de Piscine Pastel INTEX,INTEX,Jardin,12.99,,True,carrefour
6941057430508,Bouée Gonflable à Chevaucher Avion avec Pistolet INTEX,INTEX,Jardin,13.49,,True,carrefour
6941057453804,Bâteau Gonflable Pool Cruiser INTEX,INTEX,Jardin,5.49,,True,carrefour
6941607311738,"Piscine Hors-sol Ronde D3,6m H1,2m 56574 Hydrium BESTWAY",BESTWAY,Jardin,899.99,,True,carrefour
6941607312209,Bouée Gonflable Crocodile 152x71cm BESTWAY,BESTWAY,Jardin,8.99,,True,carrefour
6941607320310,Bouée Gonflable Culotte pour Bébé BESTWAY,BESTWAY,Jardin,7.99,,True,carrefour
6941607328132,"Piscine Tubulaire Ronde D4,57m H1,22m 56438 Steel Pro Max BESTWAY",BESTWAY,Jardin,389.99,,True,carrefour
6941607332382,Bâteau Gonflable 162x96cm Kondor Elite 1000 Raft BESTWAY,BESTWAY,Jardin,14.99,,True,carrefour
6941607333624,Siège pour Spa Gris Hauteur Réglable 8-12cm BESTWAY,BESTWAY,Jardin,29.99,,True,carrefour
6941607354483,Balles Filtrantes Polysphère pour Filtre à Sable BESTWAY,BESTWAY,Jardin,19.99,,True,carrefour
6941607354551,"Tapis de Sol de Protection pour Piscine Bleu Carré 4,8x4,8m BESTWAY",BESTWAY,Jardin,14.99,,True,carrefour
6941607361474,Filtre à Sable pour Piscine Hors-Sol 3596L BESTWAY,BESTWAY,Jardin,99.99,,True,carrefour
6941607363829,Mini fontaine Solaire à Led pour Piscine BESTWAY,BESTWAY,Jardin,39.99,,True,carrefour
6941607381533,Robot Aspirateur pour Piscine Autonome Sans Fil et Rechargeable BESTWAY,BESTWAY,Jardin,79.99,,True,carrefour
6942138949704,"Piscine Tubulaire Rectangulaire 4x2,11m H81cm 56424 Steel Pro BESTWAY",BESTWAY,Jardin,259.99,,True,carrefour
6942138952377,Bouée Dorée avec Poignées 91cm,,Jardin,3,,True,carrefour
6942138968996,"Tapis de glisse Bleu 4,8m BESTWAY",BESTWAY,Jardin,9.99,,True,carrefour
6942138981155,Lot de 2 Cartouches Type (VI) pour Spa BESTWAY,BESTWAY,Jardin,5.99,,True,carrefour
6942138981964,Jeu de piscine Panier Basket Flottant avec Ballon D61cm BESTWAY,BESTWAY,Jardin,7.99,,True,carrefour
6942138982084,Jeu gonflable water polo  142x76cm BESTWAY,BESTWAY,Jardin,9.99,,True,carrefour
7290014189270,Maisonnette pour Enfants Pliable et Compacte 91x96x115cm RAM,RAM,Jardin,49.99,,True,carrefour
7313400015165,Jeux de Plage pour Enfants Aquaplay Lock Box SIMBA,SIMBA,Jardin,44.99,,True,carrefour
8000796460967,Jouet pour Enfant Tracteur Géant 60cm ANDRONI,ANDRONI,Jardin,14.99,,True,carrefour
8001011169351,Bateau Gonflable Pat Patrouille 112cm,,Jardin,9.49,,True,carrefour
8001011169566,Piscine Gonflable Stitch 100cm,,Jardin,10.99,,True,carrefour
8001011260614,Ballon Spidey Ø 220 MONDO SPA,MONDO SPA,Jardin,3.49,,True,carrefour
8001011260829,Ballon Stitch Diam 23 cm,,"Vélos, Trottinettes et Loisirs",3.49,,True,carrefour
8001011282432,Jeux de Plage pour Enfants Pat'Patrouille,,Jardin,5.95,,True,carrefour
8001011287369,Jeux de Plage pour Enfants Stitch,,Jardin,5.49,,True,carrefour
8001011287659,Sac à Dos + Seau Garni Stitch,,Jardin,11.49,,True,carrefour
8001011287673,Camion Garni Stitch,,Jardin,19.99,,True,carrefour
8001011287918,Sac à Dos + Seau Garni Pat'Patrouille,,Jardin,11.49,,True,carrefour
8001011287932,Camion Garni Pat'Patrouille,,Jardin,19.99,,True,carrefour
8410963257687,Jeux de Plage pour Enfants,,Jardin,14.99,,True,carrefour
8412081290362,Sac de sel pour Piscine,,Jardin,10.99,,True,carrefour
8412081313931,Réhausseur de pH Liquide pour Piscine Equilibre ECO,ECO,Jardin,9.99,,True,carrefour
8412081320168,Chlore Anti-algues Stabilisateur Floculent pour Piscine en Galets GRE,GRE,Jardin,7.99,,True,carrefour
8412081320229,Chlore Anti-algues Stabilisateur Floculent pour Piscine en Tablettes GRE,GRE,Jardin,29.99,,True,carrefour
8412081320748,Chlore Lent pour Piscine en Galets GRE,GRE,Jardin,8.49,,True,carrefour
8412081320779,Chlore Lent pour Piscine en Galets GRE,GRE,Jardin,32.99,,True,carrefour
8412081320830,Chlore Lent pour Piscine en Galets GRE,GRE,Jardin,64.99,,True,carrefour
8412081960180,"Sac de sable granulométrie 0,4 à 0,8 pour Filtration GRE",GRE,Jardin,10.49,,True,carrefour
8413246195935,Bâche de Protection Extérieur Renforcée Vert 2x3m 90g/m² avec Oeillets S GARDELYS,GARDELYS,Jardin,5.49,,True,carrefour
8413246195942,Bâche de Protection Extérieur Renforcée Vert 3x4m 90g/m² avec Oeillets S GARDELYS,GARDELYS,Jardin,13.9,,True,carrefour
8413246196352,"Thermomètre Mural Extérieur en Plastique 17x2,5cm S GARDELYS",GARDELYS,Jardin,2.5,,True,carrefour
8413246196376,Thermomètre Extérieur sans Mercure Mini-maxi 23cm S GARDELYS,GARDELYS,Jardin,9.2,,True,carrefour
8427370900013,Réducteur de pH pour Piscine en Granulés CARREFOUR,CARREFOUR,Jardin,11.99,,True,carrefour
8427370900051,Réducteur de pH pour Piscine en Granulés CARREFOUR,CARREFOUR,Jardin,12.99,,True,carrefour
8427370900068,Réhausseur de pH Liquide pour Piscine Equilibre SAN MARINA POOLS,SAN MARINA POOLS,Jardin,16.99,,True,carrefour
8427370900204,Chlore Choc pour Piscine en Granulés ECO,ECO,Jardin,29.99,,True,carrefour
8427370900303,Anti-algues pour Piscine Liquide GRE,GRE,Jardin,9.99,,True,carrefour
8427370900426,Floculant Clarifiant pour Piscine Liquide SAN MARINA POOLS,SAN MARINA POOLS,Jardin,14.99,,True,carrefour
8427370900464,Cartouche de Floculent pour Piscine GRE,GRE,Jardin,7.49,,True,carrefour
8427370900501,Chlorine Désinfectant Clore Choc pour Piscine ECO,ECO,Jardin,8.99,,True,carrefour
8427370900532,Anti-algues pour Piscine Liquide GRE,GRE,Jardin,3.99,,True,carrefour
8721037357272,Abri de Plage 220X115X115cm,,Jardin,12.99,,True,carrefour
8721037371780,Tapis de Plage,,Jardin,14.99,,True,carrefour
9339296054598,Brassards Gonflables Sirène,,Jardin,3.99,,True,carrefour
9339296057568,Brassards Gonflables Crocodile,,Jardin,3.99,,True,carrefour
9339296057575,Brassards Gonflables Pieuvre,,Jardin,3.99,,True,carrefour
9339296057643,Bouée Enfant Crocodile,,Jardin,4.49,,True,carrefour
9339296057650,Bouée Enfant Sirène,,Jardin,4.49,,True,carrefour
9339296057674,Bouée Enfant Requin,,Jardin,4.49,,True,carrefour
9339296057858,Ballon de Plage Gonflable Sirène,,Jardin,3.99,,True,carrefour
9339296057865,Ballon de Plage Gonflable Requin,,Jardin,3.99,,True,carrefour
9339296057957,Jeux de Plongée Lestés Sirène,,Jardin,5.99,,True,carrefour
9339296058473,Nouille Gonflable Crocodile,,Jardin,3.99,,True,carrefour
9339296058480,Nouille Gonflable Sirène,,Jardin,3.99,,True,carrefour
9339296058558,Nouille Gonflable Requin,,Jardin,3.99,,True,carrefour
9339296060216,Ensemble Gilet de Flottaison et Lunettes de Natation Crocodile,,Jardin,19.99,,True,carrefour
9339296060261,Ensemble Gilet de Flottaison et Lunettes de Natation Sirène,,Jardin,19.99,,True,carrefour
9339296064115,Jeu de Lancer Crocodile,,Jardin,7.49,,True,carrefour
9339296064450,Bodyboard Gonflable Crocodile,,Jardin,5.99,,True,carrefour
9339296064467,Bodyboard Gonflable Sirène,,Jardin,5.99,,True,carrefour
9339296064474,Bodyboard Gonflable Requin,,Jardin,5.99,,True,carrefour
9339296064580,Lunettes de Natation Crocodile,,Jardin,5.99,,True,carrefour
9339296064597,Lunettes de Natation Sirène,,Jardin,5.99,,True,carrefour
9339296064603,Lunettes de Natation Pieuvre,,Jardin,5.99,,True,carrefour
9339296064610,Lunettes de Natation Requin,,Jardin,5.99,,True,carrefour
9339296064764,Set baignade 4 en 1 pour Enfants Gonflables,,Jardin,9.99,,True,carrefour
9339296067529,Mini Ballon de Volleyball Sirène,,Jardin,5.99,,True,carrefour
9339296067536,Mini Ballon de Volleyball Pieuvre,,Jardin,5.99,,True,carrefour
9339296067543,Mini Ballon de Volleyball Poisson-Globe,,Jardin,5.99,,True,carrefour
9339296067550,Mini Ballon de Volleyball Requin,,Jardin,5.99,,True,carrefour
9339296067604,Mini Ballon de Football Américain Océan,,Jardin,6.49,,True,carrefour
9339296067611,Mini Ballon de Football Américain Coucher de Soleil,,Jardin,6.49,,True,carrefour
9339296067710,Ensemble de Pickleball Coucher de Soleil,,Jardin,11.99,,True,carrefour
9339296067727,Ensemble de Pickleball Whitehaven,,Jardin,11.99,,True,carrefour
9339296067741,Jeu de Lancer Sirène,,Jardin,7.49,,True,carrefour
9339296067758,Jeu de Lancer Requin,,Jardin,7.49,,True,carrefour
9339296067864,Nouille Gonflable Hippocampe,,Jardin,3.99,,True,carrefour
9339296067895,Bouée Enfant Hippocampe,,Jardin,4.49,,True,carrefour
9339296068359,Disque Volant Souple Océan,,Jardin,4.99,,True,carrefour
9339296068366,Disque volant Souple Coucher de Soleil,,Jardin,4.99,,True,carrefour
9339296068427,"Rubans de Plongée Lestés Hippocampe, Crocodile & Requin",,Jardin,5.99,,True,carrefour
9339296070253,Brassards Gonflables Hippocampe,,Jardin,3.99,,True,carrefour
9339296072417,Lot de Natation pour Enfant Croc 4 en 1,,Jardin,9.99,,True,carrefour
3086960109554,Pied Parasol Plast.40l Blc Sur Rouleau Eda - 10607,EDA,Jardin,24.32,22.11,True,marketplace
3760095631899,Nmp Recharge Pooltesteur 2x30 Pastilles Chlore Ph Pildpd,LOVIBOND,Jardin,21.36,17.5,True,marketplace
3086960204594,Pied De Parasol Rond - Ø48.5 X 31 Cm - Béton - Tressé,HABITAT ET JARDIN,Jardin,62.82,57.11,True,marketplace
4046664268635,Tarière Sans Fil Scheppach Bc-eb100-x 20v Ixes Perçage 100 Mm Mèche 800 Mm Batterie 4.0ah Chargeur,SCHEPPACH,Jardin,188.98,,True,marketplace
4023122200666,Réservoir 2 En 1 - Moka - 300l,GRAF,Jardin,359,,True,marketplace
3222631190005,Pelle Plancha Manche Bois Nogent 3 Etoiles 09000k,NOGENT 3 ETOILES,Jardin,20.48,,True,marketplace
3700617012676,Turbine D'arrosage Tuyère + Buse Rain Bird 5004pc Enh,RAIN BIRD,Jardin,24.24,,True,marketplace
8412955060916,Housse De Protection Table Jardin Polyéthylène Vert 200x110x80 Cm Rayen,RAYEN,Jardin,34.37,,True,marketplace
3156830065393,Pied Parasol Metal P/tube D.23a38mm /s Cao - 6539,CAO,Jardin,15.39,,True,marketplace
7290108139822,Chauffage Infrarouge Extérieur 1800w Noir Palram 705782,PALRAM,Jardin,103.95,,True,marketplace
4008146043666,Barbecue Électrique  - Pg8556 - Surface De Cuisson 37x29cm - Thermostat Réglable - 2300w,SEVERIN,Jardin,43.92,,True,marketplace
8711245150802,Salon De Jardin En Imitation Résine Tressée Allibert Avec Table Basse Range-coussins - 6 Personnes - Sanremo - Gris,ALLIBERT BATH & DESIGN,Jardin,382.78,,True,marketplace
4004353128578,Potelet Extérieur Avon - Acier Special/plastique Led 1x4w - Gris,BRILLIANT,Jardin,39.33,,True,marketplace
8413980002360,Housse Barbecue 90x65x90 Noir Rayen - 6366,RAYEN,Jardin,17.47,,True,marketplace
8720365065675,Salon De Jardin Axi Bois Massif Marron 2 Pieces 8 Personnes,GÉNÉRIQUE,Jardin,2807.99,,True,marketplace
8720365061295,Chariot Pliable Axi House Ab100 100x50x61 Cm 80 Kg Bleu Acier,AXI HOUSE,Jardin,152.99,89.95,True,marketplace
3701406706332,"Carport Alu 4,34 X 3m, Pour 1 Voiture",HABRITA,Jardin,999,699,True,marketplace
0795711087517,Kit D’affûtage Tronçonneuse Stihl 5605-007-1027 Gabarit Lime Ronde Orange,STIHL,Jardin,22.44,,True,marketplace
4066407502086,Cisaille À Gazon Accucut Li,GARDENA,Jardin,64.65,,True,marketplace
3700194405519,"Régulateur Électronique De Pression 2,2kw 10 Bar Acquacontrol+ Prpcontrolp Ribiland",RIBILAND,Jardin,56,52.4,True,marketplace
4054278242064,Aspirateur Cendres Et Poussieres  Ad 4 Premium - Cuve Métal 17 L - 600w,KARCHER,Jardin,128.83,,True,marketplace
3560238419373,Set De 3 Pots Fibre D27/34/43cm - Atmosphera Createur D'interieur,ATMOSPHERA,Jardin,91.99,,True,marketplace
3560238419380,Set De 3 Pots Fibre D27/34/43cm - Atmosphera Createur D'interieur,ATMOSPHERA,Jardin,91.99,,True,marketplace
3560238691304,"Appui-tête ""adaptia"" Bordeaux 40x22x6cm En Texaline - Hespéride",HESPERIDE,Jardin,17.99,,True,marketplace
3560238691311,"Appui-tête ""adaptia"" Bleu Canard 40x22x6cm En Texaline - Hespéride",HESPERIDE,Jardin,17.99,,True,marketplace
8720845665852,Ensemble De Salon De Jardin Adirondack 4 Pcs Bois Acacia Solide Vidaxl,VIDAXL,Jardin,485.33,,True,marketplace
3560233600424,Fleur Artificielle Adna H90cm - Atmosphera Createur D'interieur,ATMOSPHERA,Jardin,9.99,7.99,True,marketplace
3560233612038,Fleur Artificielle Adna H90cm - Atmosphera Createur D'interieur,ATMOSPHERA,Jardin,19.99,,True,marketplace
3560233612045,Fleur Artificielle Adna H90cm - Atmosphera Createur D'interieur,ATMOSPHERA,Jardin,19.99,,True,marketplace
3560233625823,"Terrarium Ady H12,5cm Vert - Atmosphera Createur D'interieur",ATMOSPHERA,Jardin,12.99,,True,marketplace
3560233625830,"Terrarium Ady H12,5cm Vert - Atmosphera Createur D'interieur",ATMOSPHERA,Jardin,12.99,,True,marketplace
3560238697153,"Table 4 Chaises D'extérieur Noir Et Blanc D77,5cm - Atmosphera Createur D'interieur",ATMOSPHERA,Jardin,253.42,,True,marketplace
0844268006639,Kit Bypass Ø 32 A 38 Mm Pour Piscine Hors Sol Kokido,KOKIDO,Jardin,99.9,60.85,True,marketplace
3283460108319,Tuyau D'arrosage Souple Multicouche D.9.5mm X L .5m Jardibric Afex15b,JARDIBRIC,Jardin,39,34.52,True,marketplace
3560232735134,Agave Artificielle H55cm Vert - Atmosphera Createur D'interieur,ATMOSPHERA,Jardin,44.99,,True,marketplace
3560238480465,Agave Artificielle H73cm - Atmosphera Createur D'interieur,ATMOSPHERA,Jardin,38.11,,True,marketplace
3560239446347,Agave Artificielle Géante H130cm - Atmosphera Createur D'interieur,ATMOSPHERA,Jardin,167.99,,True,marketplace
3339380154889,"Kit 3 Spatules - Inoxspatule, Spatule Longue Et Spatule À Rebords",LE MARQUIER,Jardin,70.99,,True,marketplace
3560239309079,Pouf Pliant Double Noir - Atmosphera Createur D'interieur,ATMOSPHERA,Jardin,35.99,,True,marketplace
3560239531708,Plante Artificielle En Boule Pot Verre H17cm - Atmosphera Createur D'interieur,ATMOSPHERA,Jardin,17.99,,True,marketplace
3560239531715,Plante Artificielle En Boule Pot Verre H17cm - Atmosphera Createur D'interieur,ATMOSPHERA,Jardin,17.99,,True,marketplace
3560233822949,Herbe Artificielle En Pot H58cm - Atmosphera Createur D'interieur,ATMOSPHERA,Jardin,12.99,12,True,marketplace
3560238432891,Plante Artificielle Bouddha Pot Ciment H13.5cm - Modèle A - Atmosphera,ATMOSPHERA,Jardin,13.99,,True,marketplace
3560238432907,"Plante Artificielle Bouddha Pot Ciment H13,5cm - Atmosphera Createur D'interieur",ATMOSPHERA,Jardin,13.99,,True,marketplace
3560238440483,Plante Artificielle Éléphant Pot Ciment H10cm - Modèle B - Atmosphera,ATMOSPHERA,Jardin,10.99,,True,marketplace
3560238564684,Bonsaï Artificiel Pot Céramique H36cm - Atmosphera Createur D'interieur,ATMOSPHERA,Jardin,26.35,,True,marketplace
8718469467464,Bac À Sable Exit Aksent 94x77x20 Cm Multicolor Plastique,EXIT,Jardin,99,,True,marketplace
8720088263181,Bac À Sable Exit Aksent 190x90x135 Cm Multicolor Plastique,EXIT,Jardin,149,,True,marketplace
8720088263198,Bac À Sable Exit Aksent Hexagonal M 160x140x21 Multicolor Plastique,EXIT,Jardin,89,,True,marketplace
3760161076104,"Abri En Madriers Massifs - 4,59 M²",HABRITA,Jardin,1011,929.35,True,marketplace
3760161074506,"Abri En Madriers Massifs - 7,86 M²",HABRITA,Jardin,1450,1332.41,True,marketplace
3560238435717,Bouquet Fleurs Séchées H45cm - Modèle B - Atmosphera,ATMOSPHERA,Jardin,10.99,,True,marketplace
4008367945244,Alcaplus 5kg Bayrol,BAYROL,Jardin,42.22,,True,marketplace
3661578034285,Augmentateur D'alcalinité Poudre 5 Kg - Alcafix,NMP,Jardin,39.9,28.53,True,marketplace
3560231067731,Table De Jardin 2 Places Alegoria 70x70cm Gris Graphite - Hespéride,HESPERIDE,Jardin,158,,True,marketplace
3560231067748,Chaise De Jardin Empilable Alegoria Gris Graphite - Hespéride,HESPERIDE,Jardin,94.99,,True,marketplace
3560231067755,Table Haute De Jardin 2 Places Alegoria 70x70cm Gris Graphite - Hespéride,HESPERIDE,Jardin,198.99,,True,marketplace
3560231131203,Table De Jardin 2 Places Alegoria 70x70cm Argile - Hespéride,HESPERIDE,Jardin,158,,True,marketplace
3560231131302,Table De Jardin 2 Places Alegoria 70x70cm Acajou - Hespéride,HESPERIDE,Jardin,158,,True,marketplace
3560231131388,Table De Jardin 2 Places Alegoria 70x70cm Café - Hespéride,HESPERIDE,Jardin,158,,True,marketplace
3560231131500,Chaise De Jardin Empilable Alegoria Argile - Hespéride,HESPERIDE,Jardin,94.99,,True,marketplace
3560231131586,Chaise De Jardin Empilable Alegoria Acajou - Hespéride,HESPERIDE,Jardin,94.99,,True,marketplace
3560231131623,Chaise De Jardin Empilable Alegoria Vert Laurier - Hespéride,HESPERIDE,Jardin,94.99,,True,marketplace
3560231131661,Chaise De Jardin Empilable Alegoria Café - Hespéride,HESPERIDE,Jardin,94.99,,True,marketplace
3560231131906,Table Haute De Jardin 2 Places Alegoria 70x70cm Acajou - Hespéride,HESPERIDE,Jardin,198.99,,True,marketplace
3560231131982,Table Haute De Jardin 2 Places Alegoria 70x70cm Café - Hespéride,HESPERIDE,Jardin,198.99,,True,marketplace
3560231132149,Chaise Haute De Jardin Alegoria Empilable Argile - Hespéride,HESPERIDE,Jardin,123.99,,True,marketplace
3560231132262,Chaise Haute De Jardin Alegoria Empilable Vert Laurier - Hespéride,HESPERIDE,Jardin,123.99,,True,marketplace
8717973930624,Axi Maison Pour Enfants Bois Alex,AXI HOUSE,Jardin,1145.99,759,True,marketplace
8719883827346,Lit Surélevé 50x50x50 Cm Bois De Teck Solide Vidaxl,VIDAXL,Jardin,221.75,,True,marketplace
3560238322864,"Table D'appoint De Jardin Carrée ""allure"" Graphite 55x45x55cm En Aluminium Traité Époxy - Hespéride",HESPERIDE,Jardin,145.99,,True,marketplace
3560232986031,"Salon De Jardin Rotatif Allure Graphite, 5 Places - Hespéride",HESPERIDE,Jardin,1990,,True,marketplace
3560231012083,Pouf De Jardin Allure Acajou - Hespéride,HESPERIDE,Jardin,267.99,,True,marketplace
3560231013776,Table D'appoint De Jardin Allure 44x44x55cm Acajou - Hespéride,HESPERIDE,Jardin,109.99,,True,marketplace
3560231114985,Fauteuil De Salon De Jardin Rotatif Allure Gris / Graphite - Hespéride,HESPERIDE,Jardin,572.99,,True,marketplace
3560231729257,"Table D'appoint De Jardin Carrée ""allure"" Blanc 55x45x55cm En Aluminium Traité Époxy - Hespéride",HESPERIDE,Jardin,145.99,,True,marketplace
3560232671173,"Pouf De Jardin ""allure"" Graphite En Aluminium Traité En Epoxy - Hespéride",HESPERIDE,Jardin,267.99,,True,marketplace
3560232950704,"Table D''appoint De Jardin Carrée ""allure"" Vert Laurier 55x45x55cm - Hespéride",HESPERIDE,Jardin,147.99,,True,marketplace
3560232950742,"Table D'appoint De Jardin Carrée ""allure"" Argile 55 X 45 X 55cm En Aluminium - Hespéride",HESPERIDE,Jardin,147.99,,True,marketplace
3560232954092,"Canapé De Jardin ""allure"" Avoine & Beige Zebrano 3 Places En Aluminium Et Polyester - Hespéride",HESPERIDE,Jardin,1085.99,,True,marketplace
3560232954139,"Canapé De Jardin ""allure"" Avoine & Beige Zebrano 2 Places En Aluminium Et Polyester - Hespéride",HESPERIDE,Jardin,822.99,,True,marketplace
3560232954214,"Chauffeuse De Jardin ""allure"" Avoine Aluminium Et Polyester - Hespéride",HESPERIDE,Jardin,459.99,,True,marketplace
3560232954290,"Pouf De Jardin ""évasion"" Avoine Aluminium Et Oléfine - Hespéride",HESPERIDE,Jardin,267.99,,True,marketplace
3560232954337,"Table Basse De Jardin Carrée ""allure"" Avoine 97 X 97 X 37cm En Aluminium - Hespéride",HESPERIDE,Jardin,284.62,,True,marketplace
3560232979958,"Lit De Piscine ""allure"" Graphite Polyester Et Aluminium - Hespéride",HESPERIDE,Jardin,598.99,,True,marketplace
3560232986130,"Salon D'angle De Jardin ""allure"" Graphite 5 Places En Aluminium Et Polyester - Hespéride",HESPERIDE,Jardin,2173.99,,True,marketplace
3560232988080,"Table D'appoint Carrée ""allure"" Graphite 44 X 44 X 55cm En Aluminium - Hespéride",HESPERIDE,Jardin,109.99,,True,marketplace
3560232988127,"Table D'appoint Carrée ""allure"" Avoine 44 X 44 X 55cm En Aluminium - Hespéride",HESPERIDE,Jardin,109.99,,True,marketplace
3560232991219,"Table Basse De Jardin Carrée ""allure"" Avoine 79 X 79 X 30cm En Aluminium - Hespéride",HESPERIDE,Jardin,216.99,,True,marketplace
3560232992346,"Table De Jardin Extensible ""allure"" Effet Bois & Avoine 12 Places En Aluminium - Hespéride",HESPERIDE,Jardin,1125.99,,True,marketplace
3560234679252,"Canapé De Jardin ""allure"" 3 Places Graphite & Gris Zebrano En Aluminium Traité Époxy - Hespéride",HESPERIDE,Jardin,1085.99,,True,marketplace
3560234679276,"Canapé De Jardin ""allure"" 2 Places Graphite & Gris Zebrano En Aluminium Traité Époxy - Hespéride",HESPERIDE,Jardin,822.99,,True,marketplace
8720289694609,Trampoline Exit Allure Classic Ø245 Cm Noir,EXIT,Jardin,549,,True,marketplace
8720289694616,Trampoline Exit Allure Classic Ø245 Cm Vert,EXIT,Jardin,549,,True,marketplace
8720289694623,Trampoline Exit Allure Classic Ø305cm Noir,EXIT,Jardin,649,,True,marketplace
8720289694630,Trampoline Exit Allure Classic 305 Cm Vert,EXIT,Jardin,649,,True,marketplace
8720289694647,Trampoline Exit Allure Classic Ø366 Cm Noir,EXIT,Jardin,749,,True,marketplace
8720289694654,Trampoline Exit Allure Classic Ø366 Cm Vert,EXIT,Jardin,749,,True,marketplace
8720289694661,Trampoline Exit Allure Classic Ø427 Cm Noir,EXIT,Jardin,849,,True,marketplace
8720289694678,Trampoline Exit Allure Classic Ø427 Cm Vert,EXIT,Jardin,849,,True,marketplace
8720289694708,Trampoline Exit Allure Classic 244x427 Cm Noir,EXIT,Jardin,949,,True,marketplace
8720289694715,Trampoline Exit Allure Classic 244x427 Cm Vert,EXIT,Jardin,949,,True,marketplace
8720289694722,Trampoline Enterré Exit Allure Classic Ø305 Cm Noir,EXIT,Jardin,599,,True,marketplace
8720289694739,Trampoline Exit Allure Classic Ø305cm Vert,EXIT,Jardin,599,,True,marketplace
8720289694753,Trampoline Exit Allure Classic Ø366cm Multicolor,EXIT,Jardin,699,,True,marketplace
8720289694784,Trampoline Exit Allure Classic 214x366 Cm Noir,EXIT,Jardin,849,,True,marketplace
8720289694791,Trampoline Enterré Exit Allure Classic 214x366 Cm Vert,EXIT,Jardin,849,,True,marketplace
8720289694807,Trampoline Enterré Exit Allure Classic 244x427 Cm Noir,EXIT,Jardin,949,,True,marketplace
8720289694814,Trampoline Exit Allure Classic 244x427 Cm Vert,EXIT,Jardin,949,,True,marketplace
8720289694265,Trampoline Exit Allure Premium 253 Cm Multicolor,EXIT,Jardin,699,,True,marketplace
8720289694272,Trampoline Exit Allure Premium Ø245 Cm Vert,EXIT,Jardin,699,,True,marketplace
8720289694289,Trampoline Exit Allure Premium Ø305 Cm Multicolor,EXIT,Jardin,799,,True,marketplace
8720289694296,Trampoline Exit Allure Premium Ø305 Cm Vert,EXIT,Jardin,799,,True,marketplace
8720289694319,Trampoline Exit Allure Premium 366 Cm Vert,EXIT,Jardin,899,,True,marketplace
8720289694326,Trampoline Exit Allure Premium Ø427 Cm Noir,EXIT,Jardin,999,,True,marketplace
8720289694333,Trampoline Exit Allure Premium 427 Cm Vert,EXIT,Jardin,999,,True,marketplace
8720289694340,Trampoline Exit Allure Premium 214x366 Cm Noir,EXIT,Jardin,999,,True,marketplace
8720289694357,Trampoline Exit Allure Premium 214x366cm Vert,EXIT,Jardin,999,,True,marketplace
8720289694364,Trampoline Exit Allure Premium 244x427 Cm Noir,EXIT,Jardin,1099,,True,marketplace
8720289694371,Trampoline Exit Allure Premium 244x427 Cm Vert,EXIT,Jardin,1099,,True,marketplace
8720289694388,Trampoline Enterré Exit Allure Premium Ø305cm Noir,EXIT,Jardin,749,,True,marketplace
8720289694395,Trampoline Enterré Exit Allure Premium Ø305 Cm Vert,EXIT,Jardin,749,,True,marketplace
8720289694401,Trampoline Enterré Exit Allure Premium Ø366 Cm Noir,EXIT,Jardin,849,,True,marketplace
8720289694418,Trampoline Enterré Exit Allure Premium Ø366 Cm Vert,EXIT,Jardin,849,,True,marketplace
8720289694425,Trampoline Enterré Exit Allure Premium Ø427 Cm Noir,EXIT,Jardin,949,,True,marketplace
8720289694449,Trampoline Enterré Exit Allure Premium 214x366cm Multicolor Acier Galvanisé,EXIT,Jardin,999,,True,marketplace
8720289694456,Trampoline Enterré Exit Allure Premium 214x366cm Vert,EXIT,Jardin,999,,True,marketplace
8720289694463,Trampoline Enterré Exit Allure Premium 244x427 Cm Noir,EXIT,Jardin,1099,,True,marketplace
8720289694470,Trampoline Enterré Exit Allure Premium 244x427cm Vert,EXIT,Jardin,1099,,True,marketplace
4061173206343,"8 Places Salon De Jardin, Résine Tressée, Noir/gris 195x91x75cm",TECTAKE,Jardin,899,423.99,True,marketplace
7867149122191,Salon De Jardin Gonflable Collection Aloha - Blanc Cassé,COCO LOUNGE,Jardin,890,,True,marketplace
7867149134538,Canapé De Jardin Gonflable Alizé Collection Aloha - Blanc Cassé,COCO LOUNGE,Jardin,399,,True,marketplace
7867149172035,Fauteuil De Jardin Gonflable Riviera  Collection  Aloha - Blanc Cassé,COCO LOUNGE,Jardin,249,,True,marketplace
0733538841097,Centre D'activités Step2 Alpin 254x235x180 Cm Multicolor Plastique Roto-moulé,NAN,Jardin,1045.99,679,True,marketplace
7290108601114,Carport 18.2m² Gris Anthracite Palram 705913,PALRAM,Jardin,3499,3413.37,True,marketplace
7290108601121,Carport 23.1m² Gris Anthracite Palram 705914,PALRAM,Jardin,4199,4097.74,True,marketplace
7290108601152,Carport 46.1m² Gris Anthracite Palram 705917,PALRAM,Jardin,8549,8178.04,True,marketplace
7290108601145,Carport 38.5m² Gris Anthracite Palram 705916,PALRAM,Jardin,7029,6752.27,True,marketplace
7290108601138,Carport 30.8m² Gris Anthracite Palram 705915,PALRAM,Jardin,5509,5326.51,True,marketplace
3560231121945,Table D'appoint De Jardin Alturio D35cm Noir - Hespéride,HESPERIDE,Jardin,112.99,,True,marketplace
3560231015206,Coffre De Rangement 450l Alumia Gris Graphite En Aluminium - Hespéride,HESPERIDE,Jardin,572.99,,True,marketplace
3560238525586,"Banc De Jardin ""alvernia"" Noir En Acier Traité Époxy - Hespéride",HESPERIDE,Jardin,118.99,,True,marketplace
3560238429471,Plante Artificielle Tombante H75cm - Atmosphera Createur D'interieur,ATMOSPHERA,Jardin,11.99,,True,marketplace
3560238429488,Plante Artificielle Tombante H75cm - Modèle B - Atmosphera,ATMOSPHERA,Jardin,11.99,,True,marketplace
3560238429501,Plante Artificielle Tombante H75cm - Modèle D - Atmosphera,ATMOSPHERA,Jardin,11.99,,True,marketplace
6942138961843,Balles De Parc Fisher Price Bestway 93541,BESTWAY,Jardin,23.66,,True,marketplace
4023122188599,Amphore Antik Terracotta - 250l,GRAF,Jardin,395,,True,marketplace
4023122188605,Amphore Antik Murale - Terracotta - 260l,GRAF,Jardin,549,,True,marketplace
4023122188629,Amphore Antik Terracotta - 600l,GRAF,Jardin,723,,True,marketplace
3560232784989,Plante Artificielle Strelitzia H97cm Vert - Atmosphera Createur D'interieur,ATMOSPHERA,Jardin,34.99,,True,marketplace
8720365062285,"Axi Amélie Table Et Chaises Bistrot, 2 Chaises 1 Table,  Ensemble Bistro Extérieur Mosaique Bleu/jaune, Mediterranéen",AXI,Jardin,245.99,209.95,True,marketplace
8720365062315,"Axi Amélie Table Et Chaises Bistrot, 2 Chaises 1 Table,  Ensemble Bistro Extérieur Mosaique Feuilles Vertes | Salon De",AXI,Jardin,245.99,174.95,True,marketplace
8720365062346,"Axi Amélie Table Et Chaises Bistrot, 2 Chaises 1 Table,  Ensemble Bistro Extérieur Mosaique Étoile Gris/marron | Salon",AXI,Jardin,245.99,219.95,True,marketplace
8720365064852,"Axi Amélie Table Et Chaises Bistrot, 2 Chaises 1 Table,  Ensemble Bistro Extérieur Beige Sable | Salon De Jardin",AXI,Jardin,245.99,199.95,True,marketplace
8720365064944,"Axi Amélie Table Et Chaises Bistrot, 2 Chaises 1 Table,  Ensemble Bistro Extérieur Style Grange Bois | Salon De Jardin",AXI,Jardin,245.99,134.95,True,marketplace
8720365064883,"Axi Amélie Table Et Chaises Bistrot, 2 Chaises 1 Table,  Ensemble Bistro Extérieur Autentique | Salon De Jardin Bistrot,",AXI,Jardin,245.99,174.95,True,marketplace
8720365062193,"Axi Amélie Table Et Chaises Bistrot, 2 Chaises 1 Table,  Ensemble Bistro Extérieur Mosaique Noir/blanc | Salon De Jardin",AXI,Jardin,245.99,174.95,True,marketplace
3560238338254,Plante Ananas Artificielle H72cm - Atmosphera Createur D'interieur,ATMOSPHERA,Jardin,49.99,,True,marketplace
6941057420103,Pataugeoire Gonflable Intex Ananas,INTEX,Jardin,32.99,23.99,True,marketplace
3560234624689,"Plante Artificielle ""ananas"" H21cm - Atmosphera Createur D'interieur",ATMOSPHERA,Jardin,15.99,,True,marketplace
3560234624696,"Plante Artificielle ""ananas"" H21cm - Atmosphera Createur D'interieur",ATMOSPHERA,Jardin,15.99,,True,marketplace
3560238408445,"Plante Artificielle ""ananas"" H21cm - Atmosphera Createur D'interieur",ATMOSPHERA,Jardin,15.99,,True,marketplace
3560239526179,Plante Grasse En Pot H13 - Atmosphera Createur D'interieur,ATMOSPHERA,Jardin,11.99,,True,marketplace
3560239526186,Plante Grasse En Pot H13 - Atmosphera Createur D'interieur,ATMOSPHERA,Jardin,11.99,,True,marketplace
3560239526193,Plante Grasse En Pot H13 - Atmosphera Createur D'interieur,ATMOSPHERA,Jardin,11.99,,True,marketplace
3560239526216,Plante Grasse En Pot H13 - Atmosphera Createur D'interieur,ATMOSPHERA,Jardin,11.99,,True,marketplace
3560239526223,Plante Grasse En Pot H13 - Atmosphera Createur D'interieur,ATMOSPHERA,Jardin,11.99,,True,marketplace
3560239526230,Plante Grasse En Pot H13 - Atmosphera Createur D'interieur,ATMOSPHERA,Jardin,11.99,,True,marketplace
3560239526247,Plante Grasse En Pot H13 - Atmosphera Createur D'interieur,ATMOSPHERA,Jardin,11.99,,True,marketplace
3560239526254,Plante Grasse En Pot H13 - Atmosphera Createur D'interieur,ATMOSPHERA,Jardin,11.99,,True,marketplace
3560239526261,Plante Grasse En Pot H13 - Atmosphera Createur D'interieur,ATMOSPHERA,Jardin,11.99,,True,marketplace
3560239526278,Plante Grasse En Pot H13 - Atmosphera Createur D'interieur,ATMOSPHERA,Jardin,11.99,,True,marketplace
3560239526285,Plante Grasse En Pot H13 - Atmosphera Createur D'interieur,ATMOSPHERA,Jardin,11.99,,True,marketplace
3560239526292,Plante Grasse En Pot H13 - Atmosphera Createur D'interieur,ATMOSPHERA,Jardin,11.99,,True,marketplace
3560239526308,Plante Grasse En Pot H13 - Atmosphera Createur D'interieur,ATMOSPHERA,Jardin,11.99,,True,marketplace
3560239526315,Plante Grasse En Pot H13 - Atmosphera Createur D'interieur,ATMOSPHERA,Jardin,11.99,,True,marketplace
3560239526322,Plante Grasse En Pot H13 - Atmosphera Createur D'interieur,ATMOSPHERA,Jardin,11.99,,True,marketplace
3560239526339,Plante Grasse En Pot H13 - Atmosphera Createur D'interieur,ATMOSPHERA,Jardin,11.99,,True,marketplace
3560239526346,Plante Grasse En Pot H13 - Atmosphera Createur D'interieur,ATMOSPHERA,Jardin,11.99,,True,marketplace
3560239526353,Plante Grasse En Pot H13 - Atmosphera Createur D'interieur,ATMOSPHERA,Jardin,11.99,,True,marketplace
3560239526360,Plante Grasse En Pot H13 - Atmosphera Createur D'interieur,ATMOSPHERA,Jardin,11.99,,True,marketplace
3560239526377,Plante Grasse En Pot H13 - Atmosphera Createur D'interieur,ATMOSPHERA,Jardin,11.99,,True,marketplace
3560239526384,Plante Grasse En Pot H13 - Atmosphera Createur D'interieur,ATMOSPHERA,Jardin,11.99,,True,marketplace
3560239526391,Plante Grasse En Pot H13 - Atmosphera Createur D'interieur,ATMOSPHERA,Jardin,11.99,,True,marketplace
3560239526407,Plante Grasse En Pot H13 - Atmosphera Createur D'interieur,ATMOSPHERA,Jardin,11.99,,True,marketplace
3760161077675,"Abri de Voiture Carport 14,7m2 Métal Aluminium à Toit Plat Gris Anthracite",,Jardin,1137,1045.46,True,marketplace
3560231659417,Tige D'anémone Artificielle Rose Fuchsia H69cm - Atmosphera,ATMOSPHERA,Jardin,8.99,6.99,True,marketplace
3560231659394,Tige D'anémone Artificielle Blanc H69cm - Atmosphera Createur D'interieur,ATMOSPHERA,Jardin,11.99,,True,marketplace
3560238705391,"Set De 2 Pots Avec Support ""feuilles"" Métal Noir - Atmosphera Createur D'interieur",ATMOSPHERA,Jardin,39.99,,True,marketplace
3560237581668,Galette De Chaise Ronde Vert Kaki D38cm - Atmosphera Createur D'interieur,ATMOSPHERA,Jardin,13.99,,True,marketplace
3560237584041,Galette De Chaise Vert Kaki 38x38cm - Atmosphera Createur D'interieur,ATMOSPHERA,Jardin,13.99,,True,marketplace
3560238320686,Galette De Chaise Ronde Jaune D38cm - Atmosphera Createur D'interieur,ATMOSPHERA,Jardin,9.99,7.99,True,marketplace
3560238320693,"Galette De Chaise ""anjali"" Ronde Bleu D38cm - Atmosphera Createur D'interieur",ATMOSPHERA,Jardin,13.99,,True,marketplace
3560238476567,Galette De Chaise Gris 38x38cm - Atmosphera Createur D'interieur,ATMOSPHERA,Jardin,13.99,,True,marketplace
3560238476574,Galette De Chaise Gris Taupe 38x38cm - Atmosphera Createur D'interieur,ATMOSPHERA,Jardin,13.99,,True,marketplace
3560238476611,Galette De Chaise Rouge 38x38cm - Atmosphera Createur D'interieur,ATMOSPHERA,Jardin,13.99,,True,marketplace
3560238537930,Galette De Chaise Gris Ardoise 38x38cm - Atmosphera Createur D'interieur,ATMOSPHERA,Jardin,13.99,,True,marketplace
3560238658567,Galette De Chaise Rose Terracotta 38x38cm - Atmosphera Createur D'interieur,ATMOSPHERA,Jardin,13.99,,True,marketplace
3560238658581,Galette De Chaise Ronde Rose Terracotta D38cm - Atmosphera Createur D'interieur,ATMOSPHERA,Jardin,13.99,,True,marketplace
3560239266723,Galette De Chaise Ronde Gris D38cm - Atmosphera Createur D'interieur,ATMOSPHERA,Jardin,13.99,,True,marketplace
3560239266754,Galette De Chaise Ronde Rouge D38cm - Atmosphera Createur D'interieur,ATMOSPHERA,Jardin,13.99,,True,marketplace
3560239266761,"Galette De Chaise ""anjali"" Ronde Beige D38cm - Atmosphera Createur D'interieur",ATMOSPHERA,Jardin,13.99,,True,marketplace
3560239266778,Galette De Chaise Ronde Gris Taupe D38cm - Atmosphera Createur D'interieur,ATMOSPHERA,Jardin,13.99,,True,marketplace
3560238681978,"Paravent Rétractable ""antao"" Graphite 3x1,8m En Aluminium Traité Époxy - Hespéride",HESPERIDE,Jardin,110.88,,True,marketplace
3661578034223,Nmp Anti Algues Moutardes 1kg Anti Algue Moutarde,NMP,Jardin,29.9,28.06,True,marketplace
8436550200249,Forge Adour Anti Projections Inox,FORGE ADOUR,Jardin,51.99,,True,marketplace
3560233625502,Balise D'extérieur Aoda H43cm Solaire - Atmosphera Createur D'interieur,ATMOSPHERA,Jardin,11.99,,True,marketplace
3560233625519,Balise D'extérieur Aoda H43cm Solaire - Atmosphera Createur D'interieur,ATMOSPHERA,Jardin,11.99,,True,marketplace
0638801401162,"Abri de Jardin en Résine 8,05m2 Gris Premium Apex DURAMAX",DURAMAX,Jardin,1628.01,1573.92,True,marketplace
3563880105601,Krampouz Pince En Inox,KRAMPOUZ,Jardin,33.52,,True,marketplace
8720365063756,Housse Parasol Axi House Apollo 300x300 Multicolor Adaptée Bois,AXI HOUSE,Jardin,71.99,,True,marketplace
3700217333621,Cerf-volant Janod Applepop 60x70 Cm Multicolor Plastique,JANOD,Jardin,12,,True,marketplace
3662289035554,Appliques Solaires Pliables Lot De 2 Éclairage Mural 32 Led Blanc Froid Détecteur Mouvement Extérieur Jardin,FISHTEC,Jardin,19.99,,True,marketplace
6942138968019,Piscine Gonflable Rectangulaire 262x175x51 Cm Bleu Et Blanc Bestway,BESTWAY,Jardin,76.7,28.95,True,marketplace
8525060071262,Aspirateur De Piscine - Aqua Broom Water Tech 106892,WATER TECH,Jardin,109,92,True,marketplace
4031169292407,Cerf-volant Hq_kites Aqua Cruiser R2f 81 Cm 15 Cm Multicolor Fiberglass Frame,HQ POWERKITES,Jardin,96.01,,True,marketplace
4078500047999,Arroseur Oscillant Aqua S - Arrosage : 90 À 220 M² - Portée 7 À 17 M - Largeur Max...,GARDENA,Jardin,31.47,20.36,True,marketplace
4066407021853,Kit D’irrigation Solaire Gardena Aquabloom L 13330-20 30 Plantes Gris/bleu 20m,GARDENA,Jardin,149.32,,True,marketplace
0345750049719,Aspirateur Piscine Mamba Astralpool,ASTRALPOOL,Jardin,138.86,129.38,True,marketplace
3020040100017,"Robot Electrique De Piscine Sans Fil Fond, Parois Et Ligne D'eau Poolstyle Psl-200-0007",POOLSTYLE,Jardin,549,435.57,True,marketplace
0090944012528,Aquachek Testeur 4 En 1 Br+ph+alca+th,AQUACHEK,Jardin,21.61,19.97,True,marketplace
4008367393380,"Brome Lent Piscine Bayrol Aquabrome, Pastille 5 Kg",BAYROL,Jardin,82.85,,True,marketplace
4008367329389,Aquabrome Oxidizer 1.25kg,BAYROL,Jardin,33.56,,True,marketplace
4008367329396,Activateur De Brome Aquabrome Oxidizer 5 Kg - Bayrol,BAYROL,Jardin,76.97,,True,marketplace
0090944017523,Aquachek 7 Fonctions 50 Bandes De Catégorie Analyse De L'eau,AQUACHEK,Jardin,24.99,24.77,True,marketplace
0090944012429,"Testeur De Chlore Pour Piscine Et Spa ,lot De 50 Bandelettes",AQUACHEK,Jardin,20.24,10.03,True,marketplace
8000625084104,"Programmateur Claber Duplo 8410 Ø D'entrée 3/4"" 0.2 À 12 Bar",CLABER,Jardin,126.89,,True,marketplace
8717524630140,Aquafinesse - Produits D'entretien Pour Spa Grand Modele,AQUAFINESSE,Jardin,119,,True,marketplace
3700617007412,Crosse En Pvc Pour Aqualarm,AQUALARM,Jardin,40,24.42,True,marketplace
3760137128134,Maytronics Alarme Piscine Aqualarm,MAYTRONICS,Jardin,278,259.99,True,marketplace
3660231407282,Régulateur De Vitesse Pour Pompe Jusqu'à 1.5 Cv Monophasée,HABITAT ET JARDIN,Jardin,329,290.29,True,marketplace
3660231424531,Pompe À Chaleur Piscine Summer Fun Phs Sf35 230v - Edenea,EDENEA,Jardin,449,354.08,True,marketplace
4038755013750,Kit Piscine Enterrée Ovale - 7.00 X 3.50 X 1.20 M,HABITAT & JARDIN,Jardin,2699,2456.25,True,marketplace
4038755013774,Piscine Acier Enterrée Ovale En Kit 5.25mx3.2mx1.5m Edg Wm241,EDG,Jardin,3039,2760.58,True,marketplace
4038755046703,Groupe De Filtration Pour Piscine Hors-sol 20 À 40 M3 - Débit 6m3/h Aqualux 2260024,AQUALUX,Jardin,299,296.87,True,marketplace
3359190001432,Kit By Pass Piscine Pompe À Chaleur - Pour Tuyau Flottant 32mm 38mm - Edg By Aqualux,EDG BY AQUALUX INTERNATIONAL,Jardin,60.4,,True,marketplace
3359190002231,Pompe Filtration Piscine 3/4 Cv 12.9 M3/h Gamme Pro - Edg By Aqualux,EDG BY AQUALUX INTERNATIONAL,Jardin,189.12,,True,marketplace
3359191005170,Pompe Filtration Piscine 1/4 Mono 6.5 M3/h Dmax 8.4 M3/h Hmax 7.2mce - Edg By Aqualux,EDG BY AQUALUX INTERNATIONAL,Jardin,137.77,,True,marketplace
3660231359260,Kit By Pass Tuyau Rigide Diamètre 50mm Filtration Pour Pompe A Chaleur Piscine - Edg By Aqualux,EDG BY AQUALUX INTERNATIONAL,Jardin,69.3,,True,marketplace
3660231417830,Pompe Filtration Piscine +timer 1/4cv 6.5m3/hdmax 8.4m3/h Hmax 7.2mce - Edg By Aqualux,EDG BY AQUALUX INTERNATIONAL,Jardin,126.3,,True,marketplace
4038755027023,Groupe De Filtration Pour Piscine Hors-sol 10 À 20 M3 - Débit 4m3/h Aqualux 2260006,AQUALUX,Jardin,204.81,,True,marketplace
3359190002255,Pompe Filtration Piscine 1.5cv 17.4 M3/h Gamme Pro Edg - Edg By Aqualux,EDG BY AQUALUX INTERNATIONAL,Jardin,264.26,,True,marketplace
3359190002248,Pompe Filtration Piscine 1 Cv 15.9 M3/h Gamme Pro Edg - Edg By Aqualux,EDG BY AQUALUX INTERNATIONAL,Jardin,230.43,,True,marketplace
0090944016823,Aquachek Orange (oxygène Actif),AQUACHEK,Jardin,23.12,,True,marketplace
4010052419275,Pompe Pour Jeux D'eau 125w Câble 10m Oase Aquarius Fountain Set Eco 9500,OASE,Jardin,929.54,,True,marketplace
0090944011408,Test Salinité  Piscine 10 Languettes Aquachek,AQUACHEK,Jardin,25.01,12.71,True,marketplace
3760137122132,Alarme Piscine Sensor Premium - Maytronics,MAYTRONICS,Jardin,219,,True,marketplace
5010646059633,Raccord Connecteur Arrosage Aquastop 15-19mm Soft Grip HOZELOCK,HOZELOCK,Jardin,6.95,6.32,True,marketplace
6941607344309,Aspirateur De Piscine Sans Fil Aquatech Plus - Nettoyage Facile et Efficace,BESTWAY,Jardin,69.24,,True,marketplace
0090944020820,50 Bandelettes Pour Testeur Électronique Trutest Eau Piscine - Aquachek,AQUACHEK,Jardin,25.44,21.79,True,marketplace
0610377061735,Chariot De Transport Pour Robot Piscine Hayward - Blanc,HAYWARD,Jardin,135,,True,marketplace
3660231130302,Relais De Mise Hors Gel Edg Aqurmhg,EDG,Jardin,70.14,,True,marketplace
0630104257217,Girouette Eolienne Premier Kites Arc 290 X 42 X 465 Cm Multicolor Aluminium,PREMIER KITES,Jardin,247.61,,True,marketplace
7290108138641,Carport 23.1m² Gris Anthracite Palram 705516,PALRAM,Jardin,2899,2850.57,True,marketplace
7290108138993,Carport 30.8m² Gris Anthracite Palram 704340,PALRAM,Jardin,3799,3694.77,True,marketplace
7290108139006,Carport 38.5m² Gris Anthracite Palram 704395,PALRAM,Jardin,5199,5007.98,True,marketplace
7290108139013,Carport 46.1m² Gris Anthracite Palram 704642,PALRAM,Jardin,6039,5795.9,True,marketplace
7290108138634,Carport 15.5m² Gris Anthracite Palram 705515,PALRAM,Jardin,1659,1643.95,True,marketplace
7290103110673,"Carport Alu - Amilcar 5000 - 18,17 M² - Gris",PALRAM,Jardin,2299,2270.03,True,marketplace
5412025901913,Abri De Jardin Solid Arcé Dainville 2980x2380 2980x2380 Multicolor Bois,SOLID,Jardin,2381.99,,True,marketplace
5412025983872,"Abri De Jardin Solid Arhus 3296 6,612x2,453x2,18 M Vert Bois",SOLID,Jardin,4209.99,,True,marketplace
7290108137156,Carport Double 28.6m² Gris Anthracite Palram 704950,PALRAM,Jardin,5589,5548.59,True,marketplace
7290108133905,Carport Simple 14.3m² Gris Anthracite Palram 704229,PALRAM,Jardin,3022.7,,True,marketplace
3760161079204,Abri De Jardin Mural Grandes Dimensions En Bois,HABRITA,Jardin,383,351.69,True,marketplace
3760161078566,Cabine De Rangement Lasurée / 3 Étagères,HABRITA,Jardin,236,216.79,True,marketplace
4023122262879,Kit Cuve Arrondo 250 L Gris Graphite - Ø 65 X 93 Cm,GRAF,Jardin,241.3,228.6,True,marketplace
4031169358608,"Cerf-volant Acrobatique Invento Arrow M Viper 174x64 Cm Multicolor Ristop-polyester, Fibre De Carbone",INVENTO,Jardin,129.99,113.67,True,marketplace
4031169358509,"Cerf-volant Acrobatique Invento Arrow S Fireline 149x55 Cm Multicolor Ristop-polyester, Fibre De Carbone",INVENTO,Jardin,89.99,79.63,True,marketplace
4031169291509,Cerf-volant Acrobatique Invento Arrow Xl 270x120 Cm Multicolor Polyester Carbon,INVENTO,Jardin,251.27,,True,marketplace
8717973935254,Axi Aire De Jeu Avec Échelle Et Toboggan Arthur Bois A030.109.00,AXI HOUSE,Jardin,1185.99,719,True,marketplace
3560231551889,"Set De 2 Pots ""artif"" Métal Doré - Atmosphera Createur D'interieur",ATMOSPHERA,Jardin,49.99,,True,marketplace
3560239540069,Azalée Artificielle H81cm - Atmosphera Createur D'interieur,ATMOSPHERA,Jardin,39.99,,True,marketplace
3560239540076,Azalée Artificielle H81cm - Atmosphera Createur D'interieur,ATMOSPHERA,Jardin,39.99,,True,marketplace
3560234610705,Succulente Artificielle Pot Céramique H12cm - Atmosphera Createur D'interieur,ATMOSPHERA,Jardin,12.99,,True,marketplace
3560234610712,Succulente Artificielle Pot Céramique H12cm - Atmosphera Createur D'interieur,ATMOSPHERA,Jardin,12.99,,True,marketplace
3560231081973,Pouf Pliant Arum Ivoire 76x38cm - Atmosphera Createur D'interieur,ATMOSPHERA,Jardin,40,,True,marketplace
3560231105884,Pouf Pliant Arum Vert Kaki 38x38cm - Atmosphera Createur D'interieur,ATMOSPHERA,Jardin,25.44,,True,marketplace
3560231105891,Pouf Pliant Arum Bleu Encre 76x38cm - Atmosphera,ATMOSPHERA,Jardin,44.99,34.99,True,marketplace
